checked_at,target_label,date,status,price,remaining
25/09/26 15:23:01,Room (planCd 00423872 / roomTypeCd 0099552),2026-09-25,available,30800,1
25/09/26 15:23:01,Room (planCd 00423872 / roomTypeCd 0099552),2026-09-26,sold_out,35200,0
25/09/26 15:23:01,Room (planCd 00423872 / roomTypeCd 0099552),2026-09-27,sold_out,30800,0
25/09/26 15:23:01,Room (planCd 00423872 / roomTypeCd 0099552),2026-09-28,sold_out,30800,0
25/09/26 15:23:01,Room (planCd 00423872 / roomTypeCd 0099552),2026-09-29,sold_out,30800,0
25/09/26 15:23:01,Room (planCd 00423872 / roomTypeCd 0099552),2026-09-30,sold_out,30800,0
25/09/26 15:23:01,Room (planCd 00423872 / roomTypeCd 0099552),2026-10-01,available,30800,1
25/09/26 15:23:01,Room (planCd 00423872 / roomTypeCd 0099552),2026-10-02,sold_out,30800,0
25/09/26 15:23:01,Room (planCd 00423872 / roomTypeCd 0099552),2026-10-03,sold_out,35200,0
25/09/26 15:23:01,Room (planCd 00423872 / roomTypeCd 0099552),2026-10-04,sold_out,30800,0
25/09/26 15:23:01,Room (planCd 00423872 / roomTypeCd 0099552),2026-10-05,available,30800,1
25/09/26 15:23:01,Room (planCd 00423872 / roomTypeCd 0099552),2026-10-06,sold_out,30800,0
25/09/26 15:23:01,Room (planCd 00423872 / roomTypeCd 0099552),2026-10-07,available,30800,1
25/09/26 15:23:01,Room (planCd 00423872 / roomTypeCd 0099552),2026-10-08,sold_out,30800,0
25/09/26 15:23:01,Room (planCd 00423872 / roomTypeCd 0099552),2026-10-09,sold_out,30800,0
25/09/26 15:23:01,Room (planCd 00423872 / roomTypeCd 0099552),2026-10-10,sold_out,39600,0
25/09/26 15:23:01,Room (planCd 00423872 / roomTypeCd 0099552),2026-10-11,sold_out,39600,0
25/09/26 15:23:01,Room (planCd 00423872 / roomTypeCd 0099552),2026-10-12,available,30800,2
25/09/26 15:23:01,Room (planCd 00423872 / roomTypeCd 0099552),2026-10-13,sold_out,30800,0
25/09/26 15:23:01,Room (planCd 00423872 / roomTypeCd 0099552),2026-10-14,available,30800,2
25/09/26 15:23:01,Room (planCd 00423872 / roomTypeCd 0099552),2026-10-15,sold_out,30800,0
25/09/26 15:23:01,Room (planCd 00423872 / roomTypeCd 0099552),2026-10-16,sold_out,30800,0
25/09/26 15:23:01,Room (planCd 00423872 / roomTypeCd 0099552),2026-10-17,available,35200,1
25/09/26 15:23:01,Room (planCd 00423872 / roomTypeCd 0099552),2026-10-18,sold_out,30800,0
25/09/26 15:23:01,Room (planCd 00423872 / roomTypeCd 0099552),2026-10-19,sold_out,30800,0
25/09/26 15:23:01,Room (planCd 00423872 / roomTypeCd 0099552),2026-10-20,sold_out,30800,0
25/09/26 15:23:01,Room (planCd 00423872 / roomTypeCd 0099552),2026-10-21,sold_out,30800,0
25/09/26 15:23:01,Room (planCd 00423872 / roomTypeCd 0099552),2026-10-22,sold_out,30800,0
25/09/26 15:23:01,Room (planCd 00423872 / roomTypeCd 0099552),2026-10-23,sold_out,30800,0
25/09/26 15:23:01,Room (planCd 00423872 / roomTypeCd 0099552),2026-10-24,sold_out,35200,0
25/09/26 15:23:01,Room (planCd 00423872 / roomTypeCd 0099552),2026-10-25,sold_out,30800,0
25/09/26 15:23:01,Room (planCd 00423872 / roomTypeCd 0099552),2026-10-26,sold_out,30800,0
25/09/26 15:23:01,Room (planCd 00423872 / roomTypeCd 0099552),2026-10-27,sold_out,30800,0
25/09/26 15:23:01,Room (planCd 00423872 / roomTypeCd 0099552),2026-10-28,sold_out,30800,0
25/09/26 15:23:01,Room (planCd 00423872 / roomTypeCd 0099552),2026-10-29,sold_out,30800,0
25/09/26 15:23:01,Room (planCd 00423872 / roomTypeCd 0099552),2026-10-30,sold_out,30800,0
25/09/26 15:23:01,Room (planCd 00423872 / roomTypeCd 0099552),2026-10-31,sold_out,35200,0
25/09/26 15:23:01,Room (planCd 00423872 / roomTypeCd 0099552),2026-11-01,sold_out,30800,0
25/09/26 15:23:01,Room (planCd 00423872 / roomTypeCd 0099552),2026-11-02,sold_out,30800,0
25/09/26 15:23:01,Room (planCd 00423872 / roomTypeCd 0099552),2026-11-03,sold_out,30800,0
25/09/26 15:23:01,Room (planCd 00423872 / roomTypeCd 0099552),2026-11-04,sold_out,30800,0
25/09/26 15:23:01,Room (planCd 00423872 / roomTypeCd 0099552),2026-11-05,sold_out,30800,0
25/09/26 15:23:01,Room (planCd 00423872 / roomTypeCd 0099552),2026-11-06,sold_out,30800,0
25/09/26 15:23:01,Room (planCd 00423872 / roomTypeCd 0099552),2026-11-07,sold_out,35200,0
25/09/26 15:23:01,Room (planCd 00423872 / roomTypeCd 0099552),2026-11-08,sold_out,30800,0
25/09/26 15:23:01,Room (planCd 00423872 / roomTypeCd 0099552),2026-11-09,sold_out,30800,0
25/09/26 15:23:01,Room (planCd 00423872 / roomTypeCd 0099552),2026-11-10,sold_out,30800,0
25/09/26 15:23:01,Room (planCd 00423872 / roomTypeCd 0099552),2026-11-11,sold_out,30800,0
25/09/26 15:23:01,Room (planCd 00423872 / roomTypeCd 0099552),2026-11-12,sold_out,30800,0
25/09/26 15:23:01,Room (planCd 00423872 / roomTypeCd 0099552),2026-11-13,sold_out,30800,0
25/09/26 15:23:01,Room (planCd 00423872 / roomTypeCd 0099552),2026-11-14,sold_out,35200,0
25/09/26 15:23:01,Room (planCd 00423872 / roomTypeCd 0099552),2026-11-15,sold_out,30800,0
25/09/26 15:23:01,Room (planCd 00423872 / roomTypeCd 0099552),2026-11-16,sold_out,30800,0
25/09/26 15:23:01,Room (planCd 00423872 / roomTypeCd 0099552),2026-11-17,sold_out,30800,0
25/09/26 15:23:01,Room (planCd 00423872 / roomTypeCd 0099552),2026-11-18,sold_out,30800,0
25/09/26 15:23:01,Room (planCd 00423872 / roomTypeCd 0099552),2026-11-19,sold_out,30800,0
25/09/26 15:23:01,Room (planCd 00423872 / roomTypeCd 0099552),2026-11-20,sold_out,30800,0
25/09/26 15:23:01,Room (planCd 00423872 / roomTypeCd 0099552),2026-11-21,sold_out,39600,0
25/09/26 15:23:01,Room (planCd 00423872 / roomTypeCd 0099552),2026-11-22,sold_out,39600,0
25/09/26 15:23:01,Room (planCd 00423872 / roomTypeCd 0099552),2026-11-23,sold_out,30800,0
25/09/26 15:23:01,Room (planCd 00423872 / roomTypeCd 0099552),2026-11-24,sold_out,30800,0
25/09/26 15:23:01,Room (planCd 00423872 / roomTypeCd 0099552),2026-11-25,sold_out,30800,0
25/09/26 15:23:01,Room (planCd 00423872 / roomTypeCd 0099552),2026-11-26,sold_out,30800,0
25/09/26 15:23:01,Room (planCd 00423872 / roomTypeCd 0099552),2026-11-27,sold_out,30800,0
25/09/26 15:23:01,Room (planCd 00423872 / roomTypeCd 0099552),2026-11-28,sold_out,35200,0
25/09/26 15:23:01,Room (planCd 00423872 / roomTypeCd 0099552),2026-11-29,sold_out,30800,0
25/09/26 15:23:01,Room (planCd 00423872 / roomTypeCd 0099552),2026-11-30,sold_out,30800,0
25/09/26 15:23:01,Room (planCd 00423872 / roomTypeCd 0099552),2026-12-01,sold_out,30800,0
25/09/26 15:23:01,Room (planCd 00423872 / roomTypeCd 0099552),2026-12-02,sold_out,30800,0
25/09/26 15:23:01,Room (planCd 00423872 / roomTypeCd 0099552),2026-12-03,sold_out,30800,0
25/09/26 15:23:01,Room (planCd 00423872 / roomTypeCd 0099552),2026-12-04,sold_out,30800,0
25/09/26 15:23:01,Room (planCd 00423872 / roomTypeCd 0099552),2026-12-05,sold_out,35200,0
25/09/26 15:23:01,Room (planCd 00423872 / roomTypeCd 0099552),2026-12-06,sold_out,30800,0
25/09/26 15:23:01,Room (planCd 00423872 / roomTypeCd 0099552),2026-12-07,sold_out,30800,0
25/09/26 15:23:01,Room (planCd 00423872 / roomTypeCd 0099552),2026-12-08,sold_out,30800,0
25/09/26 15:23:01,Room (planCd 00423872 / roomTypeCd 0099552),2026-12-09,sold_out,30800,0
25/09/26 15:23:01,Room (planCd 00423872 / roomTypeCd 0099552),2026-12-10,sold_out,30800,0
25/09/26 15:23:01,Room (planCd 00423872 / roomTypeCd 0099552),2026-12-11,sold_out,30800,0
25/09/26 15:23:01,Room (planCd 00423872 / roomTypeCd 0099552),2026-12-12,sold_out,35200,0
25/09/26 15:23:01,Room (planCd 00423872 / roomTypeCd 0099552),2026-12-13,sold_out,30800,0
25/09/26 15:23:01,Room (planCd 00423872 / roomTypeCd 0099552),2026-12-14,sold_out,30800,0
25/09/26 15:23:01,Room (planCd 00423872 / roomTypeCd 0099552),2026-12-15,sold_out,30800,0
25/09/26 15:23:01,Room (planCd 00423872 / roomTypeCd 0099552),2026-12-16,sold_out,30800,0
25/09/26 15:23:01,Room (planCd 00423872 / roomTypeCd 0099552),2026-12-17,sold_out,30800,0
25/09/26 15:23:01,Room (planCd 00423872 / roomTypeCd 0099552),2026-12-18,sold_out,30800,0
25/09/26 15:23:01,Room (planCd 00423872 / roomTypeCd 0099552),2026-12-19,sold_out,35200,0
25/09/26 15:23:01,Room (planCd 00423872 / roomTypeCd 0099552),2026-12-20,sold_out,30800,0
25/09/26 15:23:01,Room (planCd 00423872 / roomTypeCd 0099552),2026-12-21,sold_out,30800,0
25/09/26 15:23:01,Room (planCd 00423872 / roomTypeCd 0099552),2026-12-22,sold_out,30800,0
25/09/26 15:23:01,Room (planCd 00423872 / roomTypeCd 0099552),2026-12-23,sold_out,30800,0
25/09/26 15:23:01,Room (planCd 00423872 / roomTypeCd 0099552),2026-12-24,sold_out,30800,0
25/09/26 15:23:01,Room (planCd 00423872 / roomTypeCd 0099552),2026-12-25,sold_out,30800,0
25/09/26 15:23:01,Room (planCd 00423872 / roomTypeCd 0099552),2026-12-26,sold_out,39600,0
25/09/26 15:23:01,Room (planCd 00423872 / roomTypeCd 0099552),2026-12-27,sold_out,39600,0
25/09/26 15:23:01,Room (planCd 00423872 / roomTypeCd 0099552),2026-12-28,sold_out,39600,0
25/09/26 15:23:01,Room (planCd 00423872 / roomTypeCd 0099552),2026-12-29,sold_out,39600,0
25/09/26 15:23:01,Room (planCd 00423872 / roomTypeCd 0099552),2026-12-30,sold_out,39600,0
25/09/26 15:23:01,Room (planCd 00423872 / roomTypeCd 0099552),2026-12-31,sold_out,46200,0
25/09/26 20:10:43,Room (planCd 00423872 / roomTypeCd 0099552),2026-09-26,sold_out,35200,0
25/09/26 20:10:43,Room (planCd 00423872 / roomTypeCd 0099552),2026-09-27,sold_out,30800,0
25/09/26 20:10:43,Room (planCd 00423872 / roomTypeCd 0099552),2026-09-28,sold_out,30800,0
25/09/26 20:10:43,Room (planCd 00423872 / roomTypeCd 0099552),2026-09-29,sold_out,30800,0
25/09/26 20:10:43,Room (planCd 00423872 / roomTypeCd 0099552),2026-09-30,sold_out,30800,0
25/09/26 20:10:43,Room (planCd 00423872 / roomTypeCd 0099552),2026-10-01,available,30800,1
25/09/26 20:10:43,Room (planCd 00423872 / roomTypeCd 0099552),2026-10-02,sold_out,30800,0
25/09/26 20:10:43,Room (planCd 00423872 / roomTypeCd 0099552),2026-10-03,sold_out,35200,0
25/09/26 20:10:43,Room (planCd 00423872 / roomTypeCd 0099552),2026-10-04,sold_out,30800,0
25/09/26 20:10:43,Room (planCd 00423872 / roomTypeCd 0099552),2026-10-05,sold_out,30800,0
25/09/26 20:10:43,Room (planCd 00423872 / roomTypeCd 0099552),2026-10-06,sold_out,30800,0
25/09/26 20:10:43,Room (planCd 00423872 / roomTypeCd 0099552),2026-10-07,available,30800,1
25/09/26 20:10:43,Room (planCd 00423872 / roomTypeCd 0099552),2026-10-08,sold_out,30800,0
25/09/26 20:10:43,Room (planCd 00423872 / roomTypeCd 0099552),2026-10-09,sold_out,30800,0
25/09/26 20:10:43,Room (planCd 00423872 / roomTypeCd 0099552),2026-10-10,sold_out,39600,0
25/09/26 20:10:43,Room (planCd 00423872 / roomTypeCd 0099552),2026-10-11,sold_out,39600,0
25/09/26 20:10:43,Room (planCd 00423872 / roomTypeCd 0099552),2026-10-12,available,30800,1
25/09/26 20:10:43,Room (planCd 00423872 / roomTypeCd 0099552),2026-10-13,sold_out,30800,0
25/09/26 20:10:43,Room (planCd 00423872 / roomTypeCd 0099552),2026-10-14,available,30800,2
25/09/26 20:10:43,Room (planCd 00423872 / roomTypeCd 0099552),2026-10-15,sold_out,30800,0
25/09/26 20:10:43,Room (planCd 00423872 / roomTypeCd 0099552),2026-10-16,sold_out,30800,0
25/09/26 20:10:43,Room (planCd 00423872 / roomTypeCd 0099552),2026-10-17,available,35200,1
25/09/26 20:10:43,Room (planCd 00423872 / roomTypeCd 0099552),2026-10-18,sold_out,30800,0
25/09/26 20:10:43,Room (planCd 00423872 / roomTypeCd 0099552),2026-10-19,sold_out,30800,0
25/09/26 20:10:43,Room (planCd 00423872 / roomTypeCd 0099552),2026-10-20,sold_out,30800,0
25/09/26 20:10:43,Room (planCd 00423872 / roomTypeCd 0099552),2026-10-21,sold_out,30800,0
25/09/26 20:10:43,Room (planCd 00423872 / roomTypeCd 0099552),2026-10-22,sold_out,30800,0
25/09/26 20:10:43,Room (planCd 00423872 / roomTypeCd 0099552),2026-10-23,sold_out,30800,0
25/09/26 20:10:43,Room (planCd 00423872 / roomTypeCd 0099552),2026-10-24,sold_out,35200,0
25/09/26 20:10:43,Room (planCd 00423872 / roomTypeCd 0099552),2026-10-25,sold_out,30800,0
25/09/26 20:10:43,Room (planCd 00423872 / roomTypeCd 0099552),2026-10-26,sold_out,30800,0
25/09/26 20:10:43,Room (planCd 00423872 / roomTypeCd 0099552),2026-10-27,sold_out,30800,0
25/09/26 20:10:43,Room (planCd 00423872 / roomTypeCd 0099552),2026-10-28,sold_out,30800,0
25/09/26 20:10:43,Room (planCd 00423872 / roomTypeCd 0099552),2026-10-29,sold_out,30800,0
25/09/26 20:10:43,Room (planCd 00423872 / roomTypeCd 0099552),2026-10-30,sold_out,30800,0
25/09/26 20:10:43,Room (planCd 00423872 / roomTypeCd 0099552),2026-10-31,sold_out,35200,0
25/09/26 20:10:43,Room (planCd 00423872 / roomTypeCd 0099552),2026-11-01,sold_out,30800,0
25/09/26 20:10:43,Room (planCd 00423872 / roomTypeCd 0099552),2026-11-02,sold_out,30800,0
25/09/26 20:10:43,Room (planCd 00423872 / roomTypeCd 0099552),2026-11-03,sold_out,30800,0
25/09/26 20:10:43,Room (planCd 00423872 / roomTypeCd 0099552),2026-11-04,sold_out,30800,0
25/09/26 20:10:43,Room (planCd 00423872 / roomTypeCd 0099552),2026-11-05,sold_out,30800,0
25/09/26 20:10:43,Room (planCd 00423872 / roomTypeCd 0099552),2026-11-06,sold_out,30800,0
25/09/26 20:10:43,Room (planCd 00423872 / roomTypeCd 0099552),2026-11-07,sold_out,35200,0
25/09/26 20:10:43,Room (planCd 00423872 / roomTypeCd 0099552),2026-11-08,sold_out,30800,0
25/09/26 20:10:43,Room (planCd 00423872 / roomTypeCd 0099552),2026-11-09,sold_out,30800,0
25/09/26 20:10:43,Room (planCd 00423872 / roomTypeCd 0099552),2026-11-10,sold_out,30800,0
25/09/26 20:10:43,Room (planCd 00423872 / roomTypeCd 0099552),2026-11-11,sold_out,30800,0
25/09/26 20:10:43,Room (planCd 00423872 / roomTypeCd 0099552),2026-11-12,sold_out,30800,0
25/09/26 20:10:43,Room (planCd 00423872 / roomTypeCd 0099552),2026-11-13,sold_out,30800,0
25/09/26 20:10:43,Room (planCd 00423872 / roomTypeCd 0099552),2026-11-14,sold_out,35200,0
25/09/26 20:10:43,Room (planCd 00423872 / roomTypeCd 0099552),2026-11-15,sold_out,30800,0
25/09/26 20:10:43,Room (planCd 00423872 / roomTypeCd 0099552),2026-11-16,sold_out,30800,0
25/09/26 20:10:43,Room (planCd 00423872 / roomTypeCd 0099552),2026-11-17,sold_out,30800,0
25/09/26 20:10:43,Room (planCd 00423872 / roomTypeCd 0099552),2026-11-18,sold_out,30800,0
25/09/26 20:10:43,Room (planCd 00423872 / roomTypeCd 0099552),2026-11-19,sold_out,30800,0
25/09/26 20:10:43,Room (planCd 00423872 / roomTypeCd 0099552),2026-11-20,sold_out,30800,0
25/09/26 20:10:43,Room (planCd 00423872 / roomTypeCd 0099552),2026-11-21,sold_out,39600,0
25/09/26 20:10:43,Room (planCd 00423872 / roomTypeCd 0099552),2026-11-22,sold_out,39600,0
25/09/26 20:10:43,Room (planCd 00423872 / roomTypeCd 0099552),2026-11-23,sold_out,30800,0
25/09/26 20:10:43,Room (planCd 00423872 / roomTypeCd 0099552),2026-11-24,sold_out,30800,0
25/09/26 20:10:43,Room (planCd 00423872 / roomTypeCd 0099552),2026-11-25,sold_out,30800,0
25/09/26 20:10:43,Room (planCd 00423872 / roomTypeCd 0099552),2026-11-26,sold_out,30800,0
25/09/26 20:10:43,Room (planCd 00423872 / roomTypeCd 0099552),2026-11-27,sold_out,30800,0
25/09/26 20:10:43,Room (planCd 00423872 / roomTypeCd 0099552),2026-11-28,sold_out,35200,0
25/09/26 20:10:43,Room (planCd 00423872 / roomTypeCd 0099552),2026-11-29,sold_out,30800,0
25/09/26 20:10:43,Room (planCd 00423872 / roomTypeCd 0099552),2026-11-30,sold_out,30800,0
25/09/26 20:10:43,Room (planCd 00423872 / roomTypeCd 0099552),2026-12-01,sold_out,30800,0
25/09/26 20:10:43,Room (planCd 00423872 / roomTypeCd 0099552),2026-12-02,sold_out,30800,0
25/09/26 20:10:43,Room (planCd 00423872 / roomTypeCd 0099552),2026-12-03,sold_out,30800,0
25/09/26 20:10:43,Room (planCd 00423872 / roomTypeCd 0099552),2026-12-04,sold_out,30800,0
25/09/26 20:10:43,Room (planCd 00423872 / roomTypeCd 0099552),2026-12-05,sold_out,35200,0
25/09/26 20:10:43,Room (planCd 00423872 / roomTypeCd 0099552),2026-12-06,sold_out,30800,0
25/09/26 20:10:43,Room (planCd 00423872 / roomTypeCd 0099552),2026-12-07,sold_out,30800,0
25/09/26 20:10:43,Room (planCd 00423872 / roomTypeCd 0099552),2026-12-08,sold_out,30800,0
25/09/26 20:10:43,Room (planCd 00423872 / roomTypeCd 0099552),2026-12-09,sold_out,30800,0
25/09/26 20:10:43,Room (planCd 00423872 / roomTypeCd 0099552),2026-12-10,sold_out,30800,0
25/09/26 20:10:43,Room (planCd 00423872 / roomTypeCd 0099552),2026-12-11,sold_out,30800,0
25/09/26 20:10:43,Room (planCd 00423872 / roomTypeCd 0099552),2026-12-12,sold_out,35200,0
25/09/26 20:10:43,Room (planCd 00423872 / roomTypeCd 0099552),2026-12-13,sold_out,30800,0
25/09/26 20:10:43,Room (planCd 00423872 / roomTypeCd 0099552),2026-12-14,sold_out,30800,0
25/09/26 20:10:43,Room (planCd 00423872 / roomTypeCd 0099552),2026-12-15,sold_out,30800,0
25/09/26 20:10:43,Room (planCd 00423872 / roomTypeCd 0099552),2026-12-16,sold_out,30800,0
25/09/26 20:10:43,Room (planCd 00423872 / roomTypeCd 0099552),2026-12-17,sold_out,30800,0
25/09/26 20:10:43,Room (planCd 00423872 / roomTypeCd 0099552),2026-12-18,sold_out,30800,0
25/09/26 20:10:43,Room (planCd 00423872 / roomTypeCd 0099552),2026-12-19,sold_out,35200,0
25/09/26 20:10:43,Room (planCd 00423872 / roomTypeCd 0099552),2026-12-20,sold_out,30800,0
25/09/26 20:10:43,Room (planCd 00423872 / roomTypeCd 0099552),2026-12-21,sold_out,30800,0
25/09/26 20:10:43,Room (planCd 00423872 / roomTypeCd 0099552),2026-12-22,sold_out,30800,0
25/09/26 20:10:43,Room (planCd 00423872 / roomTypeCd 0099552),2026-12-23,sold_out,30800,0
25/09/26 20:10:43,Room (planCd 00423872 / roomTypeCd 0099552),2026-12-24,sold_out,30800,0
25/09/26 20:10:43,Room (planCd 00423872 / roomTypeCd 0099552),2026-12-25,sold_out,30800,0
25/09/26 20:10:43,Room (planCd 00423872 / roomTypeCd 0099552),2026-12-26,sold_out,39600,0
25/09/26 20:10:43,Room (planCd 00423872 / roomTypeCd 0099552),2026-12-27,sold_out,39600,0
25/09/26 20:10:43,Room (planCd 00423872 / roomTypeCd 0099552),2026-12-28,sold_out,39600,0
25/09/26 20:10:43,Room (planCd 00423872 / roomTypeCd 0099552),2026-12-29,sold_out,39600,0
25/09/26 20:10:43,Room (planCd 00423872 / roomTypeCd 0099552),2026-12-30,sold_out,39600,0
25/09/26 20:10:43,Room (planCd 00423872 / roomTypeCd 0099552),2026-12-31,sold_out,46200,0
25/09/26 21:01:47,Room (planCd 00423872 / roomTypeCd 0099552),2026-09-26,sold_out,35200,0
25/09/26 21:01:47,Room (planCd 00423872 / roomTypeCd 0099552),2026-09-27,sold_out,30800,0
25/09/26 21:01:47,Room (planCd 00423872 / roomTypeCd 0099552),2026-09-28,sold_out,30800,0
25/09/26 21:01:47,Room (planCd 00423872 / roomTypeCd 0099552),2026-09-29,sold_out,30800,0
25/09/26 21:01:47,Room (planCd 00423872 / roomTypeCd 0099552),2026-09-30,sold_out,30800,0
25/09/26 21:01:47,Room (planCd 00423872 / roomTypeCd 0099552),2026-10-01,available,30800,1
25/09/26 21:01:47,Room (planCd 00423872 / roomTypeCd 0099552),2026-10-02,sold_out,30800,0
25/09/26 21:01:47,Room (planCd 00423872 / roomTypeCd 0099552),2026-10-03,sold_out,35200,0
25/09/26 21:01:47,Room (planCd 00423872 / roomTypeCd 0099552),2026-10-04,sold_out,30800,0
25/09/26 21:01:47,Room (planCd 00423872 / roomTypeCd 0099552),2026-10-05,sold_out,30800,0
25/09/26 21:01:47,Room (planCd 00423872 / roomTypeCd 0099552),2026-10-06,sold_out,30800,0
25/09/26 21:01:47,Room (planCd 00423872 / roomTypeCd 0099552),2026-10-07,available,30800,1
25/09/26 21:01:47,Room (planCd 00423872 / roomTypeCd 0099552),2026-10-08,sold_out,30800,0
25/09/26 21:01:47,Room (planCd 00423872 / roomTypeCd 0099552),2026-10-09,sold_out,30800,0
25/09/26 21:01:47,Room (planCd 00423872 / roomTypeCd 0099552),2026-10-10,sold_out,39600,0
25/09/26 21:01:47,Room (planCd 00423872 / roomTypeCd 0099552),2026-10-11,sold_out,39600,0
25/09/26 21:01:47,Room (planCd 00423872 / roomTypeCd 0099552),2026-10-12,available,30800,1
25/09/26 21:01:47,Room (planCd 00423872 / roomTypeCd 0099552),2026-10-13,sold_out,30800,0
25/09/26 21:01:47,Room (planCd 00423872 / roomTypeCd 0099552),2026-10-14,available,30800,2
25/09/26 21:01:47,Room (planCd 00423872 / roomTypeCd 0099552),2026-10-15,sold_out,30800,0
25/09/26 21:01:47,Room (planCd 00423872 / roomTypeCd 0099552),2026-10-16,sold_out,30800,0
25/09/26 21:01:47,Room (planCd 00423872 / roomTypeCd 0099552),2026-10-17,available,35200,1
25/09/26 21:01:47,Room (planCd 00423872 / roomTypeCd 0099552),2026-10-18,sold_out,30800,0
25/09/26 21:01:47,Room (planCd 00423872 / roomTypeCd 0099552),2026-10-19,sold_out,30800,0
25/09/26 21:01:47,Room (planCd 00423872 / roomTypeCd 0099552),2026-10-20,sold_out,30800,0
25/09/26 21:01:47,Room (planCd 00423872 / roomTypeCd 0099552),2026-10-21,sold_out,30800,0
25/09/26 21:01:47,Room (planCd 00423872 / roomTypeCd 0099552),2026-10-22,sold_out,30800,0
25/09/26 21:01:47,Room (planCd 00423872 / roomTypeCd 0099552),2026-10-23,sold_out,30800,0
25/09/26 21:01:47,Room (planCd 00423872 / roomTypeCd 0099552),2026-10-24,sold_out,35200,0
25/09/26 21:01:47,Room (planCd 00423872 / roomTypeCd 0099552),2026-10-25,sold_out,30800,0
25/09/26 21:01:47,Room (planCd 00423872 / roomTypeCd 0099552),2026-10-26,sold_out,30800,0
25/09/26 21:01:47,Room (planCd 00423872 / roomTypeCd 0099552),2026-10-27,sold_out,30800,0
25/09/26 21:01:47,Room (planCd 00423872 / roomTypeCd 0099552),2026-10-28,sold_out,30800,0
25/09/26 21:01:47,Room (planCd 00423872 / roomTypeCd 0099552),2026-10-29,sold_out,30800,0
25/09/26 21:01:47,Room (planCd 00423872 / roomTypeCd 0099552),2026-10-30,sold_out,30800,0
25/09/26 21:01:47,Room (planCd 00423872 / roomTypeCd 0099552),2026-10-31,sold_out,35200,0
25/09/26 21:01:47,Room (planCd 00423872 / roomTypeCd 0099552),2026-11-01,sold_out,30800,0
25/09/26 21:01:47,Room (planCd 00423872 / roomTypeCd 0099552),2026-11-02,sold_out,30800,0
25/09/26 21:01:47,Room (planCd 00423872 / roomTypeCd 0099552),2026-11-03,sold_out,30800,0
25/09/26 21:01:47,Room (planCd 00423872 / roomTypeCd 0099552),2026-11-04,sold_out,30800,0
25/09/26 21:01:47,Room (planCd 00423872 / roomTypeCd 0099552),2026-11-05,sold_out,30800,0
25/09/26 21:01:47,Room (planCd 00423872 / roomTypeCd 0099552),2026-11-06,sold_out,30800,0
25/09/26 21:01:47,Room (planCd 00423872 / roomTypeCd 0099552),2026-11-07,sold_out,35200,0
25/09/26 21:01:47,Room (planCd 00423872 / roomTypeCd 0099552),2026-11-08,sold_out,30800,0
25/09/26 21:01:47,Room (planCd 00423872 / roomTypeCd 0099552),2026-11-09,sold_out,30800,0
25/09/26 21:01:47,Room (planCd 00423872 / roomTypeCd 0099552),2026-11-10,sold_out,30800,0
25/09/26 21:01:47,Room (planCd 00423872 / roomTypeCd 0099552),2026-11-11,sold_out,30800,0
25/09/26 21:01:47,Room (planCd 00423872 / roomTypeCd 0099552),2026-11-12,sold_out,30800,0
25/09/26 21:01:47,Room (planCd 00423872 / roomTypeCd 0099552),2026-11-13,sold_out,30800,0
25/09/26 21:01:47,Room (planCd 00423872 / roomTypeCd 0099552),2026-11-14,sold_out,35200,0
25/09/26 21:01:47,Room (planCd 00423872 / roomTypeCd 0099552),2026-11-15,sold_out,30800,0
25/09/26 21:01:47,Room (planCd 00423872 / roomTypeCd 0099552),2026-11-16,sold_out,30800,0
25/09/26 21:01:47,Room (planCd 00423872 / roomTypeCd 0099552),2026-11-17,sold_out,30800,0
25/09/26 21:01:47,Room (planCd 00423872 / roomTypeCd 0099552),2026-11-18,sold_out,30800,0
25/09/26 21:01:47,Room (planCd 00423872 / roomTypeCd 0099552),2026-11-19,sold_out,30800,0
25/09/26 21:01:47,Room (planCd 00423872 / roomTypeCd 0099552),2026-11-20,sold_out,30800,0
25/09/26 21:01:47,Room (planCd 00423872 / roomTypeCd 0099552),2026-11-21,sold_out,39600,0
25/09/26 21:01:47,Room (planCd 00423872 / roomTypeCd 0099552),2026-11-22,sold_out,39600,0
25/09/26 21:01:47,Room (planCd 00423872 / roomTypeCd 0099552),2026-11-23,sold_out,30800,0
25/09/26 21:01:47,Room (planCd 00423872 / roomTypeCd 0099552),2026-11-24,sold_out,30800,0
25/09/26 21:01:47,Room (planCd 00423872 / roomTypeCd 0099552),2026-11-25,sold_out,30800,0
25/09/26 21:01:47,Room (planCd 00423872 / roomTypeCd 0099552),2026-11-26,sold_out,30800,0
25/09/26 21:01:47,Room (planCd 00423872 / roomTypeCd 0099552),2026-11-27,sold_out,30800,0
25/09/26 21:01:47,Room (planCd 00423872 / roomTypeCd 0099552),2026-11-28,sold_out,35200,0
25/09/26 21:01:47,Room (planCd 00423872 / roomTypeCd 0099552),2026-11-29,sold_out,30800,0
25/09/26 21:01:47,Room (planCd 00423872 / roomTypeCd 0099552),2026-11-30,sold_out,30800,0
25/09/26 21:01:47,Room (planCd 00423872 / roomTypeCd 0099552),2026-12-01,sold_out,30800,0
25/09/26 21:01:47,Room (planCd 00423872 / roomTypeCd 0099552),2026-12-02,sold_out,30800,0
25/09/26 21:01:47,Room (planCd 00423872 / roomTypeCd 0099552),2026-12-03,sold_out,30800,0
25/09/26 21:01:47,Room (planCd 00423872 / roomTypeCd 0099552),2026-12-04,sold_out,30800,0
25/09/26 21:01:47,Room (planCd 00423872 / roomTypeCd 0099552),2026-12-05,sold_out,35200,0
25/09/26 21:01:47,Room (planCd 00423872 / roomTypeCd 0099552),2026-12-06,sold_out,30800,0
25/09/26 21:01:47,Room (planCd 00423872 / roomTypeCd 0099552),2026-12-07,sold_out,30800,0
25/09/26 21:01:47,Room (planCd 00423872 / roomTypeCd 0099552),2026-12-08,sold_out,30800,0
25/09/26 21:01:47,Room (planCd 00423872 / roomTypeCd 0099552),2026-12-09,sold_out,30800,0
25/09/26 21:01:47,Room (planCd 00423872 / roomTypeCd 0099552),2026-12-10,sold_out,30800,0
25/09/26 21:01:47,Room (planCd 00423872 / roomTypeCd 0099552),2026-12-11,sold_out,30800,0
25/09/26 21:01:47,Room (planCd 00423872 / roomTypeCd 0099552),2026-12-12,sold_out,35200,0
25/09/26 21:01:47,Room (planCd 00423872 / roomTypeCd 0099552),2026-12-13,sold_out,30800,0
25/09/26 21:01:47,Room (planCd 00423872 / roomTypeCd 0099552),2026-12-14,sold_out,30800,0
25/09/26 21:01:47,Room (planCd 00423872 / roomTypeCd 0099552),2026-12-15,sold_out,30800,0
25/09/26 21:01:47,Room (planCd 00423872 / roomTypeCd 0099552),2026-12-16,sold_out,30800,0
25/09/26 21:01:47,Room (planCd 00423872 / roomTypeCd 0099552),2026-12-17,sold_out,30800,0
25/09/26 21:01:47,Room (planCd 00423872 / roomTypeCd 0099552),2026-12-18,sold_out,30800,0
25/09/26 21:01:47,Room (planCd 00423872 / roomTypeCd 0099552),2026-12-19,sold_out,35200,0
25/09/26 21:01:47,Room (planCd 00423872 / roomTypeCd 0099552),2026-12-20,sold_out,30800,0
25/09/26 21:01:47,Room (planCd 00423872 / roomTypeCd 0099552),2026-12-21,sold_out,30800,0
25/09/26 21:01:47,Room (planCd 00423872 / roomTypeCd 0099552),2026-12-22,sold_out,30800,0
25/09/26 21:01:47,Room (planCd 00423872 / roomTypeCd 0099552),2026-12-23,sold_out,30800,0
25/09/26 21:01:47,Room (planCd 00423872 / roomTypeCd 0099552),2026-12-24,sold_out,30800,0
25/09/26 21:01:47,Room (planCd 00423872 / roomTypeCd 0099552),2026-12-25,sold_out,30800,0
25/09/26 21:01:47,Room (planCd 00423872 / roomTypeCd 0099552),2026-12-26,sold_out,39600,0
25/09/26 21:01:47,Room (planCd 00423872 / roomTypeCd 0099552),2026-12-27,sold_out,39600,0
25/09/26 21:01:47,Room (planCd 00423872 / roomTypeCd 0099552),2026-12-28,sold_out,39600,0
25/09/26 21:01:47,Room (planCd 00423872 / roomTypeCd 0099552),2026-12-29,sold_out,39600,0
25/09/26 21:01:47,Room (planCd 00423872 / roomTypeCd 0099552),2026-12-30,sold_out,39600,0
25/09/26 21:01:47,Room (planCd 00423872 / roomTypeCd 0099552),2026-12-31,sold_out,46200,0
25/09/26 22:01:41,Room (planCd 00423872 / roomTypeCd 0099552),2026-09-26,sold_out,35200,0
25/09/26 22:01:41,Room (planCd 00423872 / roomTypeCd 0099552),2026-09-27,sold_out,30800,0
25/09/26 22:01:41,Room (planCd 00423872 / roomTypeCd 0099552),2026-09-28,sold_out,30800,0
25/09/26 22:01:41,Room (planCd 00423872 / roomTypeCd 0099552),2026-09-29,sold_out,30800,0
25/09/26 22:01:41,Room (planCd 00423872 / roomTypeCd 0099552),2026-09-30,sold_out,30800,0
25/09/26 22:01:41,Room (planCd 00423872 / roomTypeCd 0099552),2026-10-01,available,30800,1
25/09/26 22:01:41,Room (planCd 00423872 / roomTypeCd 0099552),2026-10-02,sold_out,30800,0
25/09/26 22:01:41,Room (planCd 00423872 / roomTypeCd 0099552),2026-10-03,sold_out,35200,0
25/09/26 22:01:41,Room (planCd 00423872 / roomTypeCd 0099552),2026-10-04,sold_out,30800,0
25/09/26 22:01:41,Room (planCd 00423872 / roomTypeCd 0099552),2026-10-05,sold_out,30800,0
25/09/26 22:01:41,Room (planCd 00423872 / roomTypeCd 0099552),2026-10-06,sold_out,30800,0
25/09/26 22:01:41,Room (planCd 00423872 / roomTypeCd 0099552),2026-10-07,available,30800,1
25/09/26 22:01:41,Room (planCd 00423872 / roomTypeCd 0099552),2026-10-08,sold_out,30800,0
25/09/26 22:01:41,Room (planCd 00423872 / roomTypeCd 0099552),2026-10-09,sold_out,30800,0
25/09/26 22:01:41,Room (planCd 00423872 / roomTypeCd 0099552),2026-10-10,sold_out,39600,0
25/09/26 22:01:41,Room (planCd 00423872 / roomTypeCd 0099552),2026-10-11,sold_out,39600,0
25/09/26 22:01:41,Room (planCd 00423872 / roomTypeCd 0099552),2026-10-12,available,30800,1
25/09/26 22:01:41,Room (planCd 00423872 / roomTypeCd 0099552),2026-10-13,sold_out,30800,0
25/09/26 22:01:41,Room (planCd 00423872 / roomTypeCd 0099552),2026-10-14,available,30800,2
25/09/26 22:01:41,Room (planCd 00423872 / roomTypeCd 0099552),2026-10-15,sold_out,30800,0
25/09/26 22:01:41,Room (planCd 00423872 / roomTypeCd 0099552),2026-10-16,sold_out,30800,0
25/09/26 22:01:41,Room (planCd 00423872 / roomTypeCd 0099552),2026-10-17,available,35200,1
25/09/26 22:01:41,Room (planCd 00423872 / roomTypeCd 0099552),2026-10-18,sold_out,30800,0
25/09/26 22:01:41,Room (planCd 00423872 / roomTypeCd 0099552),2026-10-19,sold_out,30800,0
25/09/26 22:01:41,Room (planCd 00423872 / roomTypeCd 0099552),2026-10-20,sold_out,30800,0
25/09/26 22:01:41,Room (planCd 00423872 / roomTypeCd 0099552),2026-10-21,sold_out,30800,0
25/09/26 22:01:41,Room (planCd 00423872 / roomTypeCd 0099552),2026-10-22,sold_out,30800,0
25/09/26 22:01:41,Room (planCd 00423872 / roomTypeCd 0099552),2026-10-23,sold_out,30800,0
25/09/26 22:01:41,Room (planCd 00423872 / roomTypeCd 0099552),2026-10-24,sold_out,35200,0
25/09/26 22:01:41,Room (planCd 00423872 / roomTypeCd 0099552),2026-10-25,sold_out,30800,0
25/09/26 22:01:41,Room (planCd 00423872 / roomTypeCd 0099552),2026-10-26,sold_out,30800,0
25/09/26 22:01:41,Room (planCd 00423872 / roomTypeCd 0099552),2026-10-27,sold_out,30800,0
25/09/26 22:01:41,Room (planCd 00423872 / roomTypeCd 0099552),2026-10-28,sold_out,30800,0
25/09/26 22:01:41,Room (planCd 00423872 / roomTypeCd 0099552),2026-10-29,sold_out,30800,0
25/09/26 22:01:41,Room (planCd 00423872 / roomTypeCd 0099552),2026-10-30,sold_out,30800,0
25/09/26 22:01:41,Room (planCd 00423872 / roomTypeCd 0099552),2026-10-31,sold_out,35200,0
25/09/26 22:01:41,Room (planCd 00423872 / roomTypeCd 0099552),2026-11-01,sold_out,30800,0
25/09/26 22:01:41,Room (planCd 00423872 / roomTypeCd 0099552),2026-11-02,sold_out,30800,0
25/09/26 22:01:41,Room (planCd 00423872 / roomTypeCd 0099552),2026-11-03,sold_out,30800,0
25/09/26 22:01:41,Room (planCd 00423872 / roomTypeCd 0099552),2026-11-04,sold_out,30800,0
25/09/26 22:01:41,Room (planCd 00423872 / roomTypeCd 0099552),2026-11-05,sold_out,30800,0
25/09/26 22:01:41,Room (planCd 00423872 / roomTypeCd 0099552),2026-11-06,sold_out,30800,0
25/09/26 22:01:41,Room (planCd 00423872 / roomTypeCd 0099552),2026-11-07,sold_out,35200,0
25/09/26 22:01:41,Room (planCd 00423872 / roomTypeCd 0099552),2026-11-08,sold_out,30800,0
25/09/26 22:01:41,Room (planCd 00423872 / roomTypeCd 0099552),2026-11-09,sold_out,30800,0
25/09/26 22:01:41,Room (planCd 00423872 / roomTypeCd 0099552),2026-11-10,sold_out,30800,0
25/09/26 22:01:41,Room (planCd 00423872 / roomTypeCd 0099552),2026-11-11,sold_out,30800,0
25/09/26 22:01:41,Room (planCd 00423872 / roomTypeCd 0099552),2026-11-12,sold_out,30800,0
25/09/26 22:01:41,Room (planCd 00423872 / roomTypeCd 0099552),2026-11-13,sold_out,30800,0
25/09/26 22:01:41,Room (planCd 00423872 / roomTypeCd 0099552),2026-11-14,sold_out,35200,0
25/09/26 22:01:41,Room (planCd 00423872 / roomTypeCd 0099552),2026-11-15,sold_out,30800,0
25/09/26 22:01:41,Room (planCd 00423872 / roomTypeCd 0099552),2026-11-16,sold_out,30800,0
25/09/26 22:01:41,Room (planCd 00423872 / roomTypeCd 0099552),2026-11-17,sold_out,30800,0
25/09/26 22:01:41,Room (planCd 00423872 / roomTypeCd 0099552),2026-11-18,sold_out,30800,0
25/09/26 22:01:41,Room (planCd 00423872 / roomTypeCd 0099552),2026-11-19,sold_out,30800,0
25/09/26 22:01:41,Room (planCd 00423872 / roomTypeCd 0099552),2026-11-20,sold_out,30800,0
25/09/26 22:01:41,Room (planCd 00423872 / roomTypeCd 0099552),2026-11-21,sold_out,39600,0
25/09/26 22:01:41,Room (planCd 00423872 / roomTypeCd 0099552),2026-11-22,sold_out,39600,0
25/09/26 22:01:41,Room (planCd 00423872 / roomTypeCd 0099552),2026-11-23,sold_out,30800,0
25/09/26 22:01:41,Room (planCd 00423872 / roomTypeCd 0099552),2026-11-24,sold_out,30800,0
25/09/26 22:01:41,Room (planCd 00423872 / roomTypeCd 0099552),2026-11-25,sold_out,30800,0
25/09/26 22:01:41,Room (planCd 00423872 / roomTypeCd 0099552),2026-11-26,sold_out,30800,0
25/09/26 22:01:41,Room (planCd 00423872 / roomTypeCd 0099552),2026-11-27,sold_out,30800,0
25/09/26 22:01:41,Room (planCd 00423872 / roomTypeCd 0099552),2026-11-28,sold_out,35200,0
25/09/26 22:01:41,Room (planCd 00423872 / roomTypeCd 0099552),2026-11-29,sold_out,30800,0
25/09/26 22:01:41,Room (planCd 00423872 / roomTypeCd 0099552),2026-11-30,sold_out,30800,0
25/09/26 22:01:41,Room (planCd 00423872 / roomTypeCd 0099552),2026-12-01,sold_out,30800,0
25/09/26 22:01:41,Room (planCd 00423872 / roomTypeCd 0099552),2026-12-02,sold_out,30800,0
25/09/26 22:01:41,Room (planCd 00423872 / roomTypeCd 0099552),2026-12-03,sold_out,30800,0
25/09/26 22:01:41,Room (planCd 00423872 / roomTypeCd 0099552),2026-12-04,sold_out,30800,0
25/09/26 22:01:41,Room (planCd 00423872 / roomTypeCd 0099552),2026-12-05,sold_out,35200,0
25/09/26 22:01:41,Room (planCd 00423872 / roomTypeCd 0099552),2026-12-06,sold_out,30800,0
25/09/26 22:01:41,Room (planCd 00423872 / roomTypeCd 0099552),2026-12-07,sold_out,30800,0
25/09/26 22:01:41,Room (planCd 00423872 / roomTypeCd 0099552),2026-12-08,sold_out,30800,0
25/09/26 22:01:41,Room (planCd 00423872 / roomTypeCd 0099552),2026-12-09,sold_out,30800,0
25/09/26 22:01:41,Room (planCd 00423872 / roomTypeCd 0099552),2026-12-10,sold_out,30800,0
25/09/26 22:01:41,Room (planCd 00423872 / roomTypeCd 0099552),2026-12-11,sold_out,30800,0
25/09/26 22:01:41,Room (planCd 00423872 / roomTypeCd 0099552),2026-12-12,sold_out,35200,0
25/09/26 22:01:41,Room (planCd 00423872 / roomTypeCd 0099552),2026-12-13,sold_out,30800,0
25/09/26 22:01:41,Room (planCd 00423872 / roomTypeCd 0099552),2026-12-14,sold_out,30800,0
25/09/26 22:01:41,Room (planCd 00423872 / roomTypeCd 0099552),2026-12-15,sold_out,30800,0
25/09/26 22:01:41,Room (planCd 00423872 / roomTypeCd 0099552),2026-12-16,sold_out,30800,0
25/09/26 22:01:41,Room (planCd 00423872 / roomTypeCd 0099552),2026-12-17,sold_out,30800,0
25/09/26 22:01:41,Room (planCd 00423872 / roomTypeCd 0099552),2026-12-18,sold_out,30800,0
25/09/26 22:01:41,Room (planCd 00423872 / roomTypeCd 0099552),2026-12-19,sold_out,35200,0
25/09/26 22:01:41,Room (planCd 00423872 / roomTypeCd 0099552),2026-12-20,sold_out,30800,0
25/09/26 22:01:41,Room (planCd 00423872 / roomTypeCd 0099552),2026-12-21,sold_out,30800,0
25/09/26 22:01:41,Room (planCd 00423872 / roomTypeCd 0099552),2026-12-22,sold_out,30800,0
25/09/26 22:01:41,Room (planCd 00423872 / roomTypeCd 0099552),2026-12-23,sold_out,30800,0
25/09/26 22:01:41,Room (planCd 00423872 / roomTypeCd 0099552),2026-12-24,sold_out,30800,0
25/09/26 22:01:41,Room (planCd 00423872 / roomTypeCd 0099552),2026-12-25,sold_out,30800,0
25/09/26 22:01:41,Room (planCd 00423872 / roomTypeCd 0099552),2026-12-26,sold_out,39600,0
25/09/26 22:01:41,Room (planCd 00423872 / roomTypeCd 0099552),2026-12-27,sold_out,39600,0
25/09/26 22:01:41,Room (planCd 00423872 / roomTypeCd 0099552),2026-12-28,sold_out,39600,0
25/09/26 22:01:41,Room (planCd 00423872 / roomTypeCd 0099552),2026-12-29,sold_out,39600,0
25/09/26 22:01:41,Room (planCd 00423872 / roomTypeCd 0099552),2026-12-30,sold_out,39600,0
25/09/26 22:01:41,Room (planCd 00423872 / roomTypeCd 0099552),2026-12-31,sold_out,46200,0
25/09/26 23:01:34,Room (planCd 00423872 / roomTypeCd 0099552),2026-09-26,sold_out,35200,0
25/09/26 23:01:34,Room (planCd 00423872 / roomTypeCd 0099552),2026-09-27,sold_out,30800,0
25/09/26 23:01:34,Room (planCd 00423872 / roomTypeCd 0099552),2026-09-28,sold_out,30800,0
25/09/26 23:01:34,Room (planCd 00423872 / roomTypeCd 0099552),2026-09-29,sold_out,30800,0
25/09/26 23:01:34,Room (planCd 00423872 / roomTypeCd 0099552),2026-09-30,sold_out,30800,0
25/09/26 23:01:34,Room (planCd 00423872 / roomTypeCd 0099552),2026-10-01,available,30800,1
25/09/26 23:01:34,Room (planCd 00423872 / roomTypeCd 0099552),2026-10-02,sold_out,30800,0
25/09/26 23:01:34,Room (planCd 00423872 / roomTypeCd 0099552),2026-10-03,sold_out,35200,0
25/09/26 23:01:34,Room (planCd 00423872 / roomTypeCd 0099552),2026-10-04,sold_out,30800,0
25/09/26 23:01:34,Room (planCd 00423872 / roomTypeCd 0099552),2026-10-05,sold_out,30800,0
25/09/26 23:01:34,Room (planCd 00423872 / roomTypeCd 0099552),2026-10-06,sold_out,30800,0
25/09/26 23:01:34,Room (planCd 00423872 / roomTypeCd 0099552),2026-10-07,available,30800,1
25/09/26 23:01:34,Room (planCd 00423872 / roomTypeCd 0099552),2026-10-08,sold_out,30800,0
25/09/26 23:01:34,Room (planCd 00423872 / roomTypeCd 0099552),2026-10-09,sold_out,30800,0
25/09/26 23:01:34,Room (planCd 00423872 / roomTypeCd 0099552),2026-10-10,sold_out,39600,0
25/09/26 23:01:34,Room (planCd 00423872 / roomTypeCd 0099552),2026-10-11,sold_out,39600,0
25/09/26 23:01:34,Room (planCd 00423872 / roomTypeCd 0099552),2026-10-12,available,30800,1
25/09/26 23:01:34,Room (planCd 00423872 / roomTypeCd 0099552),2026-10-13,sold_out,30800,0
25/09/26 23:01:34,Room (planCd 00423872 / roomTypeCd 0099552),2026-10-14,available,30800,2
25/09/26 23:01:34,Room (planCd 00423872 / roomTypeCd 0099552),2026-10-15,sold_out,30800,0
25/09/26 23:01:34,Room (planCd 00423872 / roomTypeCd 0099552),2026-10-16,sold_out,30800,0
25/09/26 23:01:34,Room (planCd 00423872 / roomTypeCd 0099552),2026-10-17,available,35200,1
25/09/26 23:01:34,Room (planCd 00423872 / roomTypeCd 0099552),2026-10-18,sold_out,30800,0
25/09/26 23:01:34,Room (planCd 00423872 / roomTypeCd 0099552),2026-10-19,sold_out,30800,0
25/09/26 23:01:34,Room (planCd 00423872 / roomTypeCd 0099552),2026-10-20,sold_out,30800,0
25/09/26 23:01:34,Room (planCd 00423872 / roomTypeCd 0099552),2026-10-21,sold_out,30800,0
25/09/26 23:01:34,Room (planCd 00423872 / roomTypeCd 0099552),2026-10-22,sold_out,30800,0
25/09/26 23:01:34,Room (planCd 00423872 / roomTypeCd 0099552),2026-10-23,sold_out,30800,0
25/09/26 23:01:34,Room (planCd 00423872 / roomTypeCd 0099552),2026-10-24,sold_out,35200,0
25/09/26 23:01:34,Room (planCd 00423872 / roomTypeCd 0099552),2026-10-25,sold_out,30800,0
25/09/26 23:01:34,Room (planCd 00423872 / roomTypeCd 0099552),2026-10-26,sold_out,30800,0
25/09/26 23:01:34,Room (planCd 00423872 / roomTypeCd 0099552),2026-10-27,sold_out,30800,0
25/09/26 23:01:34,Room (planCd 00423872 / roomTypeCd 0099552),2026-10-28,sold_out,30800,0
25/09/26 23:01:34,Room (planCd 00423872 / roomTypeCd 0099552),2026-10-29,sold_out,30800,0
25/09/26 23:01:34,Room (planCd 00423872 / roomTypeCd 0099552),2026-10-30,sold_out,30800,0
25/09/26 23:01:34,Room (planCd 00423872 / roomTypeCd 0099552),2026-10-31,sold_out,35200,0
25/09/26 23:01:34,Room (planCd 00423872 / roomTypeCd 0099552),2026-11-01,sold_out,30800,0
25/09/26 23:01:34,Room (planCd 00423872 / roomTypeCd 0099552),2026-11-02,sold_out,30800,0
25/09/26 23:01:34,Room (planCd 00423872 / roomTypeCd 0099552),2026-11-03,sold_out,30800,0
25/09/26 23:01:34,Room (planCd 00423872 / roomTypeCd 0099552),2026-11-04,sold_out,30800,0
25/09/26 23:01:34,Room (planCd 00423872 / roomTypeCd 0099552),2026-11-05,sold_out,30800,0
25/09/26 23:01:34,Room (planCd 00423872 / roomTypeCd 0099552),2026-11-06,sold_out,30800,0
25/09/26 23:01:34,Room (planCd 00423872 / roomTypeCd 0099552),2026-11-07,sold_out,35200,0
25/09/26 23:01:34,Room (planCd 00423872 / roomTypeCd 0099552),2026-11-08,sold_out,30800,0
25/09/26 23:01:34,Room (planCd 00423872 / roomTypeCd 0099552),2026-11-09,sold_out,30800,0
25/09/26 23:01:34,Room (planCd 00423872 / roomTypeCd 0099552),2026-11-10,sold_out,30800,0
25/09/26 23:01:34,Room (planCd 00423872 / roomTypeCd 0099552),2026-11-11,sold_out,30800,0
25/09/26 23:01:34,Room (planCd 00423872 / roomTypeCd 0099552),2026-11-12,sold_out,30800,0
25/09/26 23:01:34,Room (planCd 00423872 / roomTypeCd 0099552),2026-11-13,sold_out,30800,0
25/09/26 23:01:34,Room (planCd 00423872 / roomTypeCd 0099552),2026-11-14,sold_out,35200,0
25/09/26 23:01:34,Room (planCd 00423872 / roomTypeCd 0099552),2026-11-15,sold_out,30800,0
25/09/26 23:01:34,Room (planCd 00423872 / roomTypeCd 0099552),2026-11-16,sold_out,30800,0
25/09/26 23:01:34,Room (planCd 00423872 / roomTypeCd 0099552),2026-11-17,sold_out,30800,0
25/09/26 23:01:34,Room (planCd 00423872 / roomTypeCd 0099552),2026-11-18,sold_out,30800,0
25/09/26 23:01:34,Room (planCd 00423872 / roomTypeCd 0099552),2026-11-19,sold_out,30800,0
25/09/26 23:01:34,Room (planCd 00423872 / roomTypeCd 0099552),2026-11-20,sold_out,30800,0
25/09/26 23:01:34,Room (planCd 00423872 / roomTypeCd 0099552),2026-11-21,sold_out,39600,0
25/09/26 23:01:34,Room (planCd 00423872 / roomTypeCd 0099552),2026-11-22,sold_out,39600,0
25/09/26 23:01:34,Room (planCd 00423872 / roomTypeCd 0099552),2026-11-23,sold_out,30800,0
25/09/26 23:01:34,Room (planCd 00423872 / roomTypeCd 0099552),2026-11-24,sold_out,30800,0
25/09/26 23:01:34,Room (planCd 00423872 / roomTypeCd 0099552),2026-11-25,sold_out,30800,0
25/09/26 23:01:34,Room (planCd 00423872 / roomTypeCd 0099552),2026-11-26,sold_out,30800,0
25/09/26 23:01:34,Room (planCd 00423872 / roomTypeCd 0099552),2026-11-27,sold_out,30800,0
25/09/26 23:01:34,Room (planCd 00423872 / roomTypeCd 0099552),2026-11-28,sold_out,35200,0
25/09/26 23:01:34,Room (planCd 00423872 / roomTypeCd 0099552),2026-11-29,sold_out,30800,0
25/09/26 23:01:34,Room (planCd 00423872 / roomTypeCd 0099552),2026-11-30,sold_out,30800,0
25/09/26 23:01:34,Room (planCd 00423872 / roomTypeCd 0099552),2026-12-01,sold_out,30800,0
25/09/26 23:01:34,Room (planCd 00423872 / roomTypeCd 0099552),2026-12-02,sold_out,30800,0
25/09/26 23:01:34,Room (planCd 00423872 / roomTypeCd 0099552),2026-12-03,sold_out,30800,0
25/09/26 23:01:34,Room (planCd 00423872 / roomTypeCd 0099552),2026-12-04,sold_out,30800,0
25/09/26 23:01:34,Room (planCd 00423872 / roomTypeCd 0099552),2026-12-05,sold_out,35200,0
25/09/26 23:01:34,Room (planCd 00423872 / roomTypeCd 0099552),2026-12-06,sold_out,30800,0
25/09/26 23:01:34,Room (planCd 00423872 / roomTypeCd 0099552),2026-12-07,sold_out,30800,0
25/09/26 23:01:34,Room (planCd 00423872 / roomTypeCd 0099552),2026-12-08,sold_out,30800,0
25/09/26 23:01:34,Room (planCd 00423872 / roomTypeCd 0099552),2026-12-09,sold_out,30800,0
25/09/26 23:01:34,Room (planCd 00423872 / roomTypeCd 0099552),2026-12-10,sold_out,30800,0
25/09/26 23:01:34,Room (planCd 00423872 / roomTypeCd 0099552),2026-12-11,sold_out,30800,0
25/09/26 23:01:34,Room (planCd 00423872 / roomTypeCd 0099552),2026-12-12,sold_out,35200,0
25/09/26 23:01:34,Room (planCd 00423872 / roomTypeCd 0099552),2026-12-13,sold_out,30800,0
25/09/26 23:01:34,Room (planCd 00423872 / roomTypeCd 0099552),2026-12-14,sold_out,30800,0
25/09/26 23:01:34,Room (planCd 00423872 / roomTypeCd 0099552),2026-12-15,sold_out,30800,0
25/09/26 23:01:34,Room (planCd 00423872 / roomTypeCd 0099552),2026-12-16,sold_out,30800,0
25/09/26 23:01:34,Room (planCd 00423872 / roomTypeCd 0099552),2026-12-17,sold_out,30800,0
25/09/26 23:01:34,Room (planCd 00423872 / roomTypeCd 0099552),2026-12-18,sold_out,30800,0
25/09/26 23:01:34,Room (planCd 00423872 / roomTypeCd 0099552),2026-12-19,sold_out,35200,0
25/09/26 23:01:34,Room (planCd 00423872 / roomTypeCd 0099552),2026-12-20,sold_out,30800,0
25/09/26 23:01:34,Room (planCd 00423872 / roomTypeCd 0099552),2026-12-21,sold_out,30800,0
25/09/26 23:01:34,Room (planCd 00423872 / roomTypeCd 0099552),2026-12-22,sold_out,30800,0
25/09/26 23:01:34,Room (planCd 00423872 / roomTypeCd 0099552),2026-12-23,sold_out,30800,0
25/09/26 23:01:34,Room (planCd 00423872 / roomTypeCd 0099552),2026-12-24,sold_out,30800,0
25/09/26 23:01:34,Room (planCd 00423872 / roomTypeCd 0099552),2026-12-25,sold_out,30800,0
25/09/26 23:01:34,Room (planCd 00423872 / roomTypeCd 0099552),2026-12-26,sold_out,39600,0
25/09/26 23:01:34,Room (planCd 00423872 / roomTypeCd 0099552),2026-12-27,sold_out,39600,0
25/09/26 23:01:34,Room (planCd 00423872 / roomTypeCd 0099552),2026-12-28,sold_out,39600,0
25/09/26 23:01:34,Room (planCd 00423872 / roomTypeCd 0099552),2026-12-29,sold_out,39600,0
25/09/26 23:01:34,Room (planCd 00423872 / roomTypeCd 0099552),2026-12-30,sold_out,39600,0
25/09/26 23:01:34,Room (planCd 00423872 / roomTypeCd 0099552),2026-12-31,sold_out,46200,0
25/09/26 23:03:00,Room (planCd 00423872 / roomTypeCd 0099552),2026-09-26,sold_out,35200,0
25/09/26 23:03:00,Room (planCd 00423872 / roomTypeCd 0099552),2026-09-27,sold_out,30800,0
25/09/26 23:03:00,Room (planCd 00423872 / roomTypeCd 0099552),2026-09-28,sold_out,30800,0
25/09/26 23:03:00,Room (planCd 00423872 / roomTypeCd 0099552),2026-09-29,sold_out,30800,0
25/09/26 23:03:00,Room (planCd 00423872 / roomTypeCd 0099552),2026-09-30,sold_out,30800,0
25/09/26 23:03:00,Room (planCd 00423872 / roomTypeCd 0099552),2026-10-01,available,30800,1
25/09/26 23:03:00,Room (planCd 00423872 / roomTypeCd 0099552),2026-10-02,sold_out,30800,0
25/09/26 23:03:00,Room (planCd 00423872 / roomTypeCd 0099552),2026-10-03,sold_out,35200,0
25/09/26 23:03:00,Room (planCd 00423872 / roomTypeCd 0099552),2026-10-04,sold_out,30800,0
25/09/26 23:03:00,Room (planCd 00423872 / roomTypeCd 0099552),2026-10-05,sold_out,30800,0
25/09/26 23:03:00,Room (planCd 00423872 / roomTypeCd 0099552),2026-10-06,sold_out,30800,0
25/09/26 23:03:00,Room (planCd 00423872 / roomTypeCd 0099552),2026-10-07,available,30800,1
25/09/26 23:03:00,Room (planCd 00423872 / roomTypeCd 0099552),2026-10-08,sold_out,30800,0
25/09/26 23:03:00,Room (planCd 00423872 / roomTypeCd 0099552),2026-10-09,sold_out,30800,0
25/09/26 23:03:00,Room (planCd 00423872 / roomTypeCd 0099552),2026-10-10,sold_out,39600,0
25/09/26 23:03:00,Room (planCd 00423872 / roomTypeCd 0099552),2026-10-11,sold_out,39600,0
25/09/26 23:03:00,Room (planCd 00423872 / roomTypeCd 0099552),2026-10-12,available,30800,1
25/09/26 23:03:00,Room (planCd 00423872 / roomTypeCd 0099552),2026-10-13,sold_out,30800,0
25/09/26 23:03:00,Room (planCd 00423872 / roomTypeCd 0099552),2026-10-14,available,30800,2
25/09/26 23:03:00,Room (planCd 00423872 / roomTypeCd 0099552),2026-10-15,sold_out,30800,0
25/09/26 23:03:00,Room (planCd 00423872 / roomTypeCd 0099552),2026-10-16,sold_out,30800,0
25/09/26 23:03:00,Room (planCd 00423872 / roomTypeCd 0099552),2026-10-17,available,35200,1
25/09/26 23:03:00,Room (planCd 00423872 / roomTypeCd 0099552),2026-10-18,sold_out,30800,0
25/09/26 23:03:00,Room (planCd 00423872 / roomTypeCd 0099552),2026-10-19,sold_out,30800,0
25/09/26 23:03:00,Room (planCd 00423872 / roomTypeCd 0099552),2026-10-20,sold_out,30800,0
25/09/26 23:03:00,Room (planCd 00423872 / roomTypeCd 0099552),2026-10-21,sold_out,30800,0
25/09/26 23:03:00,Room (planCd 00423872 / roomTypeCd 0099552),2026-10-22,sold_out,30800,0
25/09/26 23:03:00,Room (planCd 00423872 / roomTypeCd 0099552),2026-10-23,sold_out,30800,0
25/09/26 23:03:00,Room (planCd 00423872 / roomTypeCd 0099552),2026-10-24,sold_out,35200,0
25/09/26 23:03:00,Room (planCd 00423872 / roomTypeCd 0099552),2026-10-25,sold_out,30800,0
25/09/26 23:03:00,Room (planCd 00423872 / roomTypeCd 0099552),2026-10-26,sold_out,30800,0
25/09/26 23:03:00,Room (planCd 00423872 / roomTypeCd 0099552),2026-10-27,sold_out,30800,0
25/09/26 23:03:00,Room (planCd 00423872 / roomTypeCd 0099552),2026-10-28,sold_out,30800,0
25/09/26 23:03:00,Room (planCd 00423872 / roomTypeCd 0099552),2026-10-29,sold_out,30800,0
25/09/26 23:03:00,Room (planCd 00423872 / roomTypeCd 0099552),2026-10-30,sold_out,30800,0
25/09/26 23:03:00,Room (planCd 00423872 / roomTypeCd 0099552),2026-10-31,sold_out,35200,0
25/09/26 23:03:00,Room (planCd 00423872 / roomTypeCd 0099552),2026-11-01,sold_out,30800,0
25/09/26 23:03:00,Room (planCd 00423872 / roomTypeCd 0099552),2026-11-02,sold_out,30800,0
25/09/26 23:03:00,Room (planCd 00423872 / roomTypeCd 0099552),2026-11-03,sold_out,30800,0
25/09/26 23:03:00,Room (planCd 00423872 / roomTypeCd 0099552),2026-11-04,sold_out,30800,0
25/09/26 23:03:00,Room (planCd 00423872 / roomTypeCd 0099552),2026-11-05,sold_out,30800,0
25/09/26 23:03:00,Room (planCd 00423872 / roomTypeCd 0099552),2026-11-06,sold_out,30800,0
25/09/26 23:03:00,Room (planCd 00423872 / roomTypeCd 0099552),2026-11-07,sold_out,35200,0
25/09/26 23:03:00,Room (planCd 00423872 / roomTypeCd 0099552),2026-11-08,sold_out,30800,0
25/09/26 23:03:00,Room (planCd 00423872 / roomTypeCd 0099552),2026-11-09,sold_out,30800,0
25/09/26 23:03:00,Room (planCd 00423872 / roomTypeCd 0099552),2026-11-10,sold_out,30800,0
25/09/26 23:03:00,Room (planCd 00423872 / roomTypeCd 0099552),2026-11-11,sold_out,30800,0
25/09/26 23:03:00,Room (planCd 00423872 / roomTypeCd 0099552),2026-11-12,sold_out,30800,0
25/09/26 23:03:00,Room (planCd 00423872 / roomTypeCd 0099552),2026-11-13,sold_out,30800,0
25/09/26 23:03:00,Room (planCd 00423872 / roomTypeCd 0099552),2026-11-14,sold_out,35200,0
25/09/26 23:03:00,Room (planCd 00423872 / roomTypeCd 0099552),2026-11-15,sold_out,30800,0
25/09/26 23:03:00,Room (planCd 00423872 / roomTypeCd 0099552),2026-11-16,sold_out,30800,0
25/09/26 23:03:00,Room (planCd 00423872 / roomTypeCd 0099552),2026-11-17,sold_out,30800,0
25/09/26 23:03:00,Room (planCd 00423872 / roomTypeCd 0099552),2026-11-18,sold_out,30800,0
25/09/26 23:03:00,Room (planCd 00423872 / roomTypeCd 0099552),2026-11-19,sold_out,30800,0
25/09/26 23:03:00,Room (planCd 00423872 / roomTypeCd 0099552),2026-11-20,sold_out,30800,0
25/09/26 23:03:00,Room (planCd 00423872 / roomTypeCd 0099552),2026-11-21,sold_out,39600,0
25/09/26 23:03:00,Room (planCd 00423872 / roomTypeCd 0099552),2026-11-22,sold_out,39600,0
25/09/26 23:03:00,Room (planCd 00423872 / roomTypeCd 0099552),2026-11-23,sold_out,30800,0
25/09/26 23:03:00,Room (planCd 00423872 / roomTypeCd 0099552),2026-11-24,sold_out,30800,0
25/09/26 23:03:00,Room (planCd 00423872 / roomTypeCd 0099552),2026-11-25,sold_out,30800,0
25/09/26 23:03:00,Room (planCd 00423872 / roomTypeCd 0099552),2026-11-26,sold_out,30800,0
25/09/26 23:03:00,Room (planCd 00423872 / roomTypeCd 0099552),2026-11-27,sold_out,30800,0
25/09/26 23:03:00,Room (planCd 00423872 / roomTypeCd 0099552),2026-11-28,sold_out,35200,0
25/09/26 23:03:00,Room (planCd 00423872 / roomTypeCd 0099552),2026-11-29,sold_out,30800,0
25/09/26 23:03:00,Room (planCd 00423872 / roomTypeCd 0099552),2026-11-30,sold_out,30800,0
25/09/26 23:03:00,Room (planCd 00423872 / roomTypeCd 0099552),2026-12-01,sold_out,30800,0
25/09/26 23:03:00,Room (planCd 00423872 / roomTypeCd 0099552),2026-12-02,sold_out,30800,0
25/09/26 23:03:00,Room (planCd 00423872 / roomTypeCd 0099552),2026-12-03,sold_out,30800,0
25/09/26 23:03:00,Room (planCd 00423872 / roomTypeCd 0099552),2026-12-04,sold_out,30800,0
25/09/26 23:03:00,Room (planCd 00423872 / roomTypeCd 0099552),2026-12-05,sold_out,35200,0
25/09/26 23:03:00,Room (planCd 00423872 / roomTypeCd 0099552),2026-12-06,sold_out,30800,0
25/09/26 23:03:00,Room (planCd 00423872 / roomTypeCd 0099552),2026-12-07,sold_out,30800,0
25/09/26 23:03:00,Room (planCd 00423872 / roomTypeCd 0099552),2026-12-08,sold_out,30800,0
25/09/26 23:03:00,Room (planCd 00423872 / roomTypeCd 0099552),2026-12-09,sold_out,30800,0
25/09/26 23:03:00,Room (planCd 00423872 / roomTypeCd 0099552),2026-12-10,sold_out,30800,0
25/09/26 23:03:00,Room (planCd 00423872 / roomTypeCd 0099552),2026-12-11,sold_out,30800,0
25/09/26 23:03:00,Room (planCd 00423872 / roomTypeCd 0099552),2026-12-12,sold_out,35200,0
25/09/26 23:03:00,Room (planCd 00423872 / roomTypeCd 0099552),2026-12-13,sold_out,30800,0
25/09/26 23:03:00,Room (planCd 00423872 / roomTypeCd 0099552),2026-12-14,sold_out,30800,0
25/09/26 23:03:00,Room (planCd 00423872 / roomTypeCd 0099552),2026-12-15,sold_out,30800,0
25/09/26 23:03:00,Room (planCd 00423872 / roomTypeCd 0099552),2026-12-16,sold_out,30800,0
25/09/26 23:03:00,Room (planCd 00423872 / roomTypeCd 0099552),2026-12-17,sold_out,30800,0
25/09/26 23:03:00,Room (planCd 00423872 / roomTypeCd 0099552),2026-12-18,sold_out,30800,0
25/09/26 23:03:00,Room (planCd 00423872 / roomTypeCd 0099552),2026-12-19,sold_out,35200,0
25/09/26 23:03:00,Room (planCd 00423872 / roomTypeCd 0099552),2026-12-20,sold_out,30800,0
25/09/26 23:03:00,Room (planCd 00423872 / roomTypeCd 0099552),2026-12-21,sold_out,30800,0
25/09/26 23:03:00,Room (planCd 00423872 / roomTypeCd 0099552),2026-12-22,sold_out,30800,0
25/09/26 23:03:00,Room (planCd 00423872 / roomTypeCd 0099552),2026-12-23,sold_out,30800,0
25/09/26 23:03:00,Room (planCd 00423872 / roomTypeCd 0099552),2026-12-24,sold_out,30800,0
25/09/26 23:03:00,Room (planCd 00423872 / roomTypeCd 0099552),2026-12-25,sold_out,30800,0
25/09/26 23:03:00,Room (planCd 00423872 / roomTypeCd 0099552),2026-12-26,sold_out,39600,0
25/09/26 23:03:00,Room (planCd 00423872 / roomTypeCd 0099552),2026-12-27,sold_out,39600,0
25/09/26 23:03:00,Room (planCd 00423872 / roomTypeCd 0099552),2026-12-28,sold_out,39600,0
25/09/26 23:03:00,Room (planCd 00423872 / roomTypeCd 0099552),2026-12-29,sold_out,39600,0
25/09/26 23:03:00,Room (planCd 00423872 / roomTypeCd 0099552),2026-12-30,sold_out,39600,0
25/09/26 23:03:00,Room (planCd 00423872 / roomTypeCd 0099552),2026-12-31,sold_out,46200,0
26/09/26 00:01:39,Room (planCd 00423872 / roomTypeCd 0099552),2026-09-26,sold_out,35200,0
26/09/26 00:01:39,Room (planCd 00423872 / roomTypeCd 0099552),2026-09-27,sold_out,30800,0
26/09/26 00:01:39,Room (planCd 00423872 / roomTypeCd 0099552),2026-09-28,sold_out,30800,0
26/09/26 00:01:39,Room (planCd 00423872 / roomTypeCd 0099552),2026-09-29,sold_out,30800,0
26/09/26 00:01:39,Room (planCd 00423872 / roomTypeCd 0099552),2026-09-30,sold_out,30800,0
26/09/26 00:01:39,Room (planCd 00423872 / roomTypeCd 0099552),2026-10-01,available,30800,1
26/09/26 00:01:39,Room (planCd 00423872 / roomTypeCd 0099552),2026-10-02,sold_out,30800,0
26/09/26 00:01:39,Room (planCd 00423872 / roomTypeCd 0099552),2026-10-03,sold_out,35200,0
26/09/26 00:01:39,Room (planCd 00423872 / roomTypeCd 0099552),2026-10-04,sold_out,30800,0
26/09/26 00:01:39,Room (planCd 00423872 / roomTypeCd 0099552),2026-10-05,sold_out,30800,0
26/09/26 00:01:39,Room (planCd 00423872 / roomTypeCd 0099552),2026-10-06,sold_out,30800,0
26/09/26 00:01:39,Room (planCd 00423872 / roomTypeCd 0099552),2026-10-07,available,30800,1
26/09/26 00:01:39,Room (planCd 00423872 / roomTypeCd 0099552),2026-10-08,sold_out,30800,0
26/09/26 00:01:39,Room (planCd 00423872 / roomTypeCd 0099552),2026-10-09,sold_out,30800,0
26/09/26 00:01:39,Room (planCd 00423872 / roomTypeCd 0099552),2026-10-10,sold_out,39600,0
26/09/26 00:01:39,Room (planCd 00423872 / roomTypeCd 0099552),2026-10-11,sold_out,39600,0
26/09/26 00:01:39,Room (planCd 00423872 / roomTypeCd 0099552),2026-10-12,available,30800,1
26/09/26 00:01:39,Room (planCd 00423872 / roomTypeCd 0099552),2026-10-13,sold_out,30800,0
26/09/26 00:01:39,Room (planCd 00423872 / roomTypeCd 0099552),2026-10-14,available,30800,2
26/09/26 00:01:39,Room (planCd 00423872 / roomTypeCd 0099552),2026-10-15,sold_out,30800,0
26/09/26 00:01:39,Room (planCd 00423872 / roomTypeCd 0099552),2026-10-16,sold_out,30800,0
26/09/26 00:01:39,Room (planCd 00423872 / roomTypeCd 0099552),2026-10-17,available,35200,1
26/09/26 00:01:39,Room (planCd 00423872 / roomTypeCd 0099552),2026-10-18,sold_out,30800,0
26/09/26 00:01:39,Room (planCd 00423872 / roomTypeCd 0099552),2026-10-19,sold_out,30800,0
26/09/26 00:01:39,Room (planCd 00423872 / roomTypeCd 0099552),2026-10-20,sold_out,30800,0
26/09/26 00:01:39,Room (planCd 00423872 / roomTypeCd 0099552),2026-10-21,sold_out,30800,0
26/09/26 00:01:39,Room (planCd 00423872 / roomTypeCd 0099552),2026-10-22,sold_out,30800,0
26/09/26 00:01:39,Room (planCd 00423872 / roomTypeCd 0099552),2026-10-23,sold_out,30800,0
26/09/26 00:01:39,Room (planCd 00423872 / roomTypeCd 0099552),2026-10-24,sold_out,35200,0
26/09/26 00:01:39,Room (planCd 00423872 / roomTypeCd 0099552),2026-10-25,sold_out,30800,0
26/09/26 00:01:39,Room (planCd 00423872 / roomTypeCd 0099552),2026-10-26,sold_out,30800,0
26/09/26 00:01:39,Room (planCd 00423872 / roomTypeCd 0099552),2026-10-27,sold_out,30800,0
26/09/26 00:01:39,Room (planCd 00423872 / roomTypeCd 0099552),2026-10-28,sold_out,30800,0
26/09/26 00:01:39,Room (planCd 00423872 / roomTypeCd 0099552),2026-10-29,sold_out,30800,0
26/09/26 00:01:39,Room (planCd 00423872 / roomTypeCd 0099552),2026-10-30,sold_out,30800,0
26/09/26 00:01:39,Room (planCd 00423872 / roomTypeCd 0099552),2026-10-31,sold_out,35200,0
26/09/26 00:01:39,Room (planCd 00423872 / roomTypeCd 0099552),2026-11-01,sold_out,30800,0
26/09/26 00:01:39,Room (planCd 00423872 / roomTypeCd 0099552),2026-11-02,sold_out,30800,0
26/09/26 00:01:39,Room (planCd 00423872 / roomTypeCd 0099552),2026-11-03,sold_out,30800,0
26/09/26 00:01:39,Room (planCd 00423872 / roomTypeCd 0099552),2026-11-04,sold_out,30800,0
26/09/26 00:01:39,Room (planCd 00423872 / roomTypeCd 0099552),2026-11-05,sold_out,30800,0
26/09/26 00:01:39,Room (planCd 00423872 / roomTypeCd 0099552),2026-11-06,sold_out,30800,0
26/09/26 00:01:39,Room (planCd 00423872 / roomTypeCd 0099552),2026-11-07,sold_out,35200,0
26/09/26 00:01:39,Room (planCd 00423872 / roomTypeCd 0099552),2026-11-08,sold_out,30800,0
26/09/26 00:01:39,Room (planCd 00423872 / roomTypeCd 0099552),2026-11-09,sold_out,30800,0
26/09/26 00:01:39,Room (planCd 00423872 / roomTypeCd 0099552),2026-11-10,sold_out,30800,0
26/09/26 00:01:39,Room (planCd 00423872 / roomTypeCd 0099552),2026-11-11,sold_out,30800,0
26/09/26 00:01:39,Room (planCd 00423872 / roomTypeCd 0099552),2026-11-12,sold_out,30800,0
26/09/26 00:01:39,Room (planCd 00423872 / roomTypeCd 0099552),2026-11-13,sold_out,30800,0
26/09/26 00:01:39,Room (planCd 00423872 / roomTypeCd 0099552),2026-11-14,sold_out,35200,0
26/09/26 00:01:39,Room (planCd 00423872 / roomTypeCd 0099552),2026-11-15,sold_out,30800,0
26/09/26 00:01:39,Room (planCd 00423872 / roomTypeCd 0099552),2026-11-16,sold_out,30800,0
26/09/26 00:01:39,Room (planCd 00423872 / roomTypeCd 0099552),2026-11-17,sold_out,30800,0
26/09/26 00:01:39,Room (planCd 00423872 / roomTypeCd 0099552),2026-11-18,sold_out,30800,0
26/09/26 00:01:39,Room (planCd 00423872 / roomTypeCd 0099552),2026-11-19,sold_out,30800,0
26/09/26 00:01:39,Room (planCd 00423872 / roomTypeCd 0099552),2026-11-20,sold_out,30800,0
26/09/26 00:01:39,Room (planCd 00423872 / roomTypeCd 0099552),2026-11-21,sold_out,39600,0
26/09/26 00:01:39,Room (planCd 00423872 / roomTypeCd 0099552),2026-11-22,sold_out,39600,0
26/09/26 00:01:39,Room (planCd 00423872 / roomTypeCd 0099552),2026-11-23,sold_out,30800,0
26/09/26 00:01:39,Room (planCd 00423872 / roomTypeCd 0099552),2026-11-24,sold_out,30800,0
26/09/26 00:01:39,Room (planCd 00423872 / roomTypeCd 0099552),2026-11-25,sold_out,30800,0
26/09/26 00:01:39,Room (planCd 00423872 / roomTypeCd 0099552),2026-11-26,sold_out,30800,0
26/09/26 00:01:39,Room (planCd 00423872 / roomTypeCd 0099552),2026-11-27,sold_out,30800,0
26/09/26 00:01:39,Room (planCd 00423872 / roomTypeCd 0099552),2026-11-28,sold_out,35200,0
26/09/26 00:01:39,Room (planCd 00423872 / roomTypeCd 0099552),2026-11-29,sold_out,30800,0
26/09/26 00:01:39,Room (planCd 00423872 / roomTypeCd 0099552),2026-11-30,sold_out,30800,0
26/09/26 00:01:39,Room (planCd 00423872 / roomTypeCd 0099552),2026-12-01,sold_out,30800,0
26/09/26 00:01:39,Room (planCd 00423872 / roomTypeCd 0099552),2026-12-02,sold_out,30800,0
26/09/26 00:01:39,Room (planCd 00423872 / roomTypeCd 0099552),2026-12-03,sold_out,30800,0
26/09/26 00:01:39,Room (planCd 00423872 / roomTypeCd 0099552),2026-12-04,sold_out,30800,0
26/09/26 00:01:39,Room (planCd 00423872 / roomTypeCd 0099552),2026-12-05,sold_out,35200,0
26/09/26 00:01:39,Room (planCd 00423872 / roomTypeCd 0099552),2026-12-06,sold_out,30800,0
26/09/26 00:01:39,Room (planCd 00423872 / roomTypeCd 0099552),2026-12-07,sold_out,30800,0
26/09/26 00:01:39,Room (planCd 00423872 / roomTypeCd 0099552),2026-12-08,sold_out,30800,0
26/09/26 00:01:39,Room (planCd 00423872 / roomTypeCd 0099552),2026-12-09,sold_out,30800,0
26/09/26 00:01:39,Room (planCd 00423872 / roomTypeCd 0099552),2026-12-10,sold_out,30800,0
26/09/26 00:01:39,Room (planCd 00423872 / roomTypeCd 0099552),2026-12-11,sold_out,30800,0
26/09/26 00:01:39,Room (planCd 00423872 / roomTypeCd 0099552),2026-12-12,sold_out,35200,0
26/09/26 00:01:39,Room (planCd 00423872 / roomTypeCd 0099552),2026-12-13,sold_out,30800,0
26/09/26 00:01:39,Room (planCd 00423872 / roomTypeCd 0099552),2026-12-14,sold_out,30800,0
26/09/26 00:01:39,Room (planCd 00423872 / roomTypeCd 0099552),2026-12-15,sold_out,30800,0
26/09/26 00:01:39,Room (planCd 00423872 / roomTypeCd 0099552),2026-12-16,sold_out,30800,0
26/09/26 00:01:39,Room (planCd 00423872 / roomTypeCd 0099552),2026-12-17,sold_out,30800,0
26/09/26 00:01:39,Room (planCd 00423872 / roomTypeCd 0099552),2026-12-18,sold_out,30800,0
26/09/26 00:01:39,Room (planCd 00423872 / roomTypeCd 0099552),2026-12-19,sold_out,35200,0
26/09/26 00:01:39,Room (planCd 00423872 / roomTypeCd 0099552),2026-12-20,sold_out,30800,0
26/09/26 00:01:39,Room (planCd 00423872 / roomTypeCd 0099552),2026-12-21,sold_out,30800,0
26/09/26 00:01:39,Room (planCd 00423872 / roomTypeCd 0099552),2026-12-22,sold_out,30800,0
26/09/26 00:01:39,Room (planCd 00423872 / roomTypeCd 0099552),2026-12-23,sold_out,30800,0
26/09/26 00:01:39,Room (planCd 00423872 / roomTypeCd 0099552),2026-12-24,sold_out,30800,0
26/09/26 00:01:39,Room (planCd 00423872 / roomTypeCd 0099552),2026-12-25,sold_out,30800,0
26/09/26 00:01:39,Room (planCd 00423872 / roomTypeCd 0099552),2026-12-26,sold_out,39600,0
26/09/26 00:01:39,Room (planCd 00423872 / roomTypeCd 0099552),2026-12-27,sold_out,39600,0
26/09/26 00:01:39,Room (planCd 00423872 / roomTypeCd 0099552),2026-12-28,sold_out,39600,0
26/09/26 00:01:39,Room (planCd 00423872 / roomTypeCd 0099552),2026-12-29,sold_out,39600,0
26/09/26 00:01:39,Room (planCd 00423872 / roomTypeCd 0099552),2026-12-30,sold_out,39600,0
26/09/26 00:01:39,Room (planCd 00423872 / roomTypeCd 0099552),2026-12-31,sold_out,46200,0
26/09/26 01:01:42,Room (planCd 00423872 / roomTypeCd 0099552),2026-09-26,sold_out,35200,0
26/09/26 01:01:42,Room (planCd 00423872 / roomTypeCd 0099552),2026-09-27,sold_out,30800,0
26/09/26 01:01:42,Room (planCd 00423872 / roomTypeCd 0099552),2026-09-28,sold_out,30800,0
26/09/26 01:01:42,Room (planCd 00423872 / roomTypeCd 0099552),2026-09-29,sold_out,30800,0
26/09/26 01:01:42,Room (planCd 00423872 / roomTypeCd 0099552),2026-09-30,sold_out,30800,0
26/09/26 01:01:42,Room (planCd 00423872 / roomTypeCd 0099552),2026-10-01,available,30800,1
26/09/26 01:01:42,Room (planCd 00423872 / roomTypeCd 0099552),2026-10-02,sold_out,30800,0
26/09/26 01:01:42,Room (planCd 00423872 / roomTypeCd 0099552),2026-10-03,sold_out,35200,0
26/09/26 01:01:42,Room (planCd 00423872 / roomTypeCd 0099552),2026-10-04,sold_out,30800,0
26/09/26 01:01:42,Room (planCd 00423872 / roomTypeCd 0099552),2026-10-05,sold_out,30800,0
26/09/26 01:01:42,Room (planCd 00423872 / roomTypeCd 0099552),2026-10-06,sold_out,30800,0
26/09/26 01:01:42,Room (planCd 00423872 / roomTypeCd 0099552),2026-10-07,available,30800,1
26/09/26 01:01:42,Room (planCd 00423872 / roomTypeCd 0099552),2026-10-08,sold_out,30800,0
26/09/26 01:01:42,Room (planCd 00423872 / roomTypeCd 0099552),2026-10-09,sold_out,30800,0
26/09/26 01:01:42,Room (planCd 00423872 / roomTypeCd 0099552),2026-10-10,sold_out,39600,0
26/09/26 01:01:42,Room (planCd 00423872 / roomTypeCd 0099552),2026-10-11,sold_out,39600,0
26/09/26 01:01:42,Room (planCd 00423872 / roomTypeCd 0099552),2026-10-12,available,30800,1
26/09/26 01:01:42,Room (planCd 00423872 / roomTypeCd 0099552),2026-10-13,sold_out,30800,0
26/09/26 01:01:42,Room (planCd 00423872 / roomTypeCd 0099552),2026-10-14,available,30800,2
26/09/26 01:01:42,Room (planCd 00423872 / roomTypeCd 0099552),2026-10-15,sold_out,30800,0
26/09/26 01:01:42,Room (planCd 00423872 / roomTypeCd 0099552),2026-10-16,sold_out,30800,0
26/09/26 01:01:42,Room (planCd 00423872 / roomTypeCd 0099552),2026-10-17,available,35200,1
26/09/26 01:01:42,Room (planCd 00423872 / roomTypeCd 0099552),2026-10-18,sold_out,30800,0
26/09/26 01:01:42,Room (planCd 00423872 / roomTypeCd 0099552),2026-10-19,sold_out,30800,0
26/09/26 01:01:42,Room (planCd 00423872 / roomTypeCd 0099552),2026-10-20,sold_out,30800,0
26/09/26 01:01:42,Room (planCd 00423872 / roomTypeCd 0099552),2026-10-21,sold_out,30800,0
26/09/26 01:01:42,Room (planCd 00423872 / roomTypeCd 0099552),2026-10-22,sold_out,30800,0
26/09/26 01:01:42,Room (planCd 00423872 / roomTypeCd 0099552),2026-10-23,sold_out,30800,0
26/09/26 01:01:42,Room (planCd 00423872 / roomTypeCd 0099552),2026-10-24,sold_out,35200,0
26/09/26 01:01:42,Room (planCd 00423872 / roomTypeCd 0099552),2026-10-25,sold_out,30800,0
26/09/26 01:01:42,Room (planCd 00423872 / roomTypeCd 0099552),2026-10-26,sold_out,30800,0
26/09/26 01:01:42,Room (planCd 00423872 / roomTypeCd 0099552),2026-10-27,sold_out,30800,0
26/09/26 01:01:42,Room (planCd 00423872 / roomTypeCd 0099552),2026-10-28,sold_out,30800,0
26/09/26 01:01:42,Room (planCd 00423872 / roomTypeCd 0099552),2026-10-29,sold_out,30800,0
26/09/26 01:01:42,Room (planCd 00423872 / roomTypeCd 0099552),2026-10-30,sold_out,30800,0
26/09/26 01:01:42,Room (planCd 00423872 / roomTypeCd 0099552),2026-10-31,sold_out,35200,0
26/09/26 01:01:42,Room (planCd 00423872 / roomTypeCd 0099552),2026-11-01,sold_out,30800,0
26/09/26 01:01:42,Room (planCd 00423872 / roomTypeCd 0099552),2026-11-02,sold_out,30800,0
26/09/26 01:01:42,Room (planCd 00423872 / roomTypeCd 0099552),2026-11-03,sold_out,30800,0
26/09/26 01:01:42,Room (planCd 00423872 / roomTypeCd 0099552),2026-11-04,sold_out,30800,0
26/09/26 01:01:42,Room (planCd 00423872 / roomTypeCd 0099552),2026-11-05,sold_out,30800,0
26/09/26 01:01:42,Room (planCd 00423872 / roomTypeCd 0099552),2026-11-06,sold_out,30800,0
26/09/26 01:01:42,Room (planCd 00423872 / roomTypeCd 0099552),2026-11-07,sold_out,35200,0
26/09/26 01:01:42,Room (planCd 00423872 / roomTypeCd 0099552),2026-11-08,sold_out,30800,0
26/09/26 01:01:42,Room (planCd 00423872 / roomTypeCd 0099552),2026-11-09,sold_out,30800,0
26/09/26 01:01:42,Room (planCd 00423872 / roomTypeCd 0099552),2026-11-10,sold_out,30800,0
26/09/26 01:01:42,Room (planCd 00423872 / roomTypeCd 0099552),2026-11-11,sold_out,30800,0
26/09/26 01:01:42,Room (planCd 00423872 / roomTypeCd 0099552),2026-11-12,sold_out,30800,0
26/09/26 01:01:42,Room (planCd 00423872 / roomTypeCd 0099552),2026-11-13,sold_out,30800,0
26/09/26 01:01:42,Room (planCd 00423872 / roomTypeCd 0099552),2026-11-14,sold_out,35200,0
26/09/26 01:01:42,Room (planCd 00423872 / roomTypeCd 0099552),2026-11-15,sold_out,30800,0
26/09/26 01:01:42,Room (planCd 00423872 / roomTypeCd 0099552),2026-11-16,sold_out,30800,0
26/09/26 01:01:42,Room (planCd 00423872 / roomTypeCd 0099552),2026-11-17,sold_out,30800,0
26/09/26 01:01:42,Room (planCd 00423872 / roomTypeCd 0099552),2026-11-18,sold_out,30800,0
26/09/26 01:01:42,Room (planCd 00423872 / roomTypeCd 0099552),2026-11-19,sold_out,30800,0
26/09/26 01:01:42,Room (planCd 00423872 / roomTypeCd 0099552),2026-11-20,sold_out,30800,0
26/09/26 01:01:42,Room (planCd 00423872 / roomTypeCd 0099552),2026-11-21,sold_out,39600,0
26/09/26 01:01:42,Room (planCd 00423872 / roomTypeCd 0099552),2026-11-22,sold_out,39600,0
26/09/26 01:01:42,Room (planCd 00423872 / roomTypeCd 0099552),2026-11-23,sold_out,30800,0
26/09/26 01:01:42,Room (planCd 00423872 / roomTypeCd 0099552),2026-11-24,sold_out,30800,0
26/09/26 01:01:42,Room (planCd 00423872 / roomTypeCd 0099552),2026-11-25,sold_out,30800,0
26/09/26 01:01:42,Room (planCd 00423872 / roomTypeCd 0099552),2026-11-26,sold_out,30800,0
26/09/26 01:01:42,Room (planCd 00423872 / roomTypeCd 0099552),2026-11-27,sold_out,30800,0
26/09/26 01:01:42,Room (planCd 00423872 / roomTypeCd 0099552),2026-11-28,sold_out,35200,0
26/09/26 01:01:42,Room (planCd 00423872 / roomTypeCd 0099552),2026-11-29,sold_out,30800,0
26/09/26 01:01:42,Room (planCd 00423872 / roomTypeCd 0099552),2026-11-30,sold_out,30800,0
26/09/26 01:01:42,Room (planCd 00423872 / roomTypeCd 0099552),2026-12-01,sold_out,30800,0
26/09/26 01:01:42,Room (planCd 00423872 / roomTypeCd 0099552),2026-12-02,sold_out,30800,0
26/09/26 01:01:42,Room (planCd 00423872 / roomTypeCd 0099552),2026-12-03,sold_out,30800,0
26/09/26 01:01:42,Room (planCd 00423872 / roomTypeCd 0099552),2026-12-04,sold_out,30800,0
26/09/26 01:01:42,Room (planCd 00423872 / roomTypeCd 0099552),2026-12-05,sold_out,35200,0
26/09/26 01:01:42,Room (planCd 00423872 / roomTypeCd 0099552),2026-12-06,sold_out,30800,0
26/09/26 01:01:42,Room (planCd 00423872 / roomTypeCd 0099552),2026-12-07,sold_out,30800,0
26/09/26 01:01:42,Room (planCd 00423872 / roomTypeCd 0099552),2026-12-08,sold_out,30800,0
26/09/26 01:01:42,Room (planCd 00423872 / roomTypeCd 0099552),2026-12-09,sold_out,30800,0
26/09/26 01:01:42,Room (planCd 00423872 / roomTypeCd 0099552),2026-12-10,sold_out,30800,0
26/09/26 01:01:42,Room (planCd 00423872 / roomTypeCd 0099552),2026-12-11,sold_out,30800,0
26/09/26 01:01:42,Room (planCd 00423872 / roomTypeCd 0099552),2026-12-12,sold_out,35200,0
26/09/26 01:01:42,Room (planCd 00423872 / roomTypeCd 0099552),2026-12-13,sold_out,30800,0
26/09/26 01:01:42,Room (planCd 00423872 / roomTypeCd 0099552),2026-12-14,sold_out,30800,0
26/09/26 01:01:42,Room (planCd 00423872 / roomTypeCd 0099552),2026-12-15,sold_out,30800,0
26/09/26 01:01:42,Room (planCd 00423872 / roomTypeCd 0099552),2026-12-16,sold_out,30800,0
26/09/26 01:01:42,Room (planCd 00423872 / roomTypeCd 0099552),2026-12-17,sold_out,30800,0
26/09/26 01:01:42,Room (planCd 00423872 / roomTypeCd 0099552),2026-12-18,sold_out,30800,0
26/09/26 01:01:42,Room (planCd 00423872 / roomTypeCd 0099552),2026-12-19,sold_out,35200,0
26/09/26 01:01:42,Room (planCd 00423872 / roomTypeCd 0099552),2026-12-20,sold_out,30800,0
26/09/26 01:01:42,Room (planCd 00423872 / roomTypeCd 0099552),2026-12-21,sold_out,30800,0
26/09/26 01:01:42,Room (planCd 00423872 / roomTypeCd 0099552),2026-12-22,sold_out,30800,0
26/09/26 01:01:42,Room (planCd 00423872 / roomTypeCd 0099552),2026-12-23,sold_out,30800,0
26/09/26 01:01:42,Room (planCd 00423872 / roomTypeCd 0099552),2026-12-24,sold_out,30800,0
26/09/26 01:01:42,Room (planCd 00423872 / roomTypeCd 0099552),2026-12-25,sold_out,30800,0
26/09/26 01:01:42,Room (planCd 00423872 / roomTypeCd 0099552),2026-12-26,sold_out,39600,0
26/09/26 01:01:42,Room (planCd 00423872 / roomTypeCd 0099552),2026-12-27,sold_out,39600,0
26/09/26 01:01:42,Room (planCd 00423872 / roomTypeCd 0099552),2026-12-28,sold_out,39600,0
26/09/26 01:01:42,Room (planCd 00423872 / roomTypeCd 0099552),2026-12-29,sold_out,39600,0
26/09/26 01:01:42,Room (planCd 00423872 / roomTypeCd 0099552),2026-12-30,sold_out,39600,0
26/09/26 01:01:42,Room (planCd 00423872 / roomTypeCd 0099552),2026-12-31,sold_out,46200,0
26/09/26 02:01:36,Room (planCd 00423872 / roomTypeCd 0099552),2026-09-26,sold_out,35200,0
26/09/26 02:01:36,Room (planCd 00423872 / roomTypeCd 0099552),2026-09-27,sold_out,30800,0
26/09/26 02:01:36,Room (planCd 00423872 / roomTypeCd 0099552),2026-09-28,sold_out,30800,0
26/09/26 02:01:36,Room (planCd 00423872 / roomTypeCd 0099552),2026-09-29,sold_out,30800,0
26/09/26 02:01:36,Room (planCd 00423872 / roomTypeCd 0099552),2026-09-30,sold_out,30800,0
26/09/26 02:01:36,Room (planCd 00423872 / roomTypeCd 0099552),2026-10-01,available,30800,1
26/09/26 02:01:36,Room (planCd 00423872 / roomTypeCd 0099552),2026-10-02,sold_out,30800,0
26/09/26 02:01:36,Room (planCd 00423872 / roomTypeCd 0099552),2026-10-03,sold_out,35200,0
26/09/26 02:01:36,Room (planCd 00423872 / roomTypeCd 0099552),2026-10-04,sold_out,30800,0
26/09/26 02:01:36,Room (planCd 00423872 / roomTypeCd 0099552),2026-10-05,sold_out,30800,0
26/09/26 02:01:36,Room (planCd 00423872 / roomTypeCd 0099552),2026-10-06,sold_out,30800,0
26/09/26 02:01:36,Room (planCd 00423872 / roomTypeCd 0099552),2026-10-07,available,30800,1
26/09/26 02:01:36,Room (planCd 00423872 / roomTypeCd 0099552),2026-10-08,sold_out,30800,0
26/09/26 02:01:36,Room (planCd 00423872 / roomTypeCd 0099552),2026-10-09,sold_out,30800,0
26/09/26 02:01:36,Room (planCd 00423872 / roomTypeCd 0099552),2026-10-10,sold_out,39600,0
26/09/26 02:01:36,Room (planCd 00423872 / roomTypeCd 0099552),2026-10-11,sold_out,39600,0
26/09/26 02:01:36,Room (planCd 00423872 / roomTypeCd 0099552),2026-10-12,available,30800,1
26/09/26 02:01:36,Room (planCd 00423872 / roomTypeCd 0099552),2026-10-13,sold_out,30800,0
26/09/26 02:01:36,Room (planCd 00423872 / roomTypeCd 0099552),2026-10-14,available,30800,2
26/09/26 02:01:36,Room (planCd 00423872 / roomTypeCd 0099552),2026-10-15,sold_out,30800,0
26/09/26 02:01:36,Room (planCd 00423872 / roomTypeCd 0099552),2026-10-16,sold_out,30800,0
26/09/26 02:01:36,Room (planCd 00423872 / roomTypeCd 0099552),2026-10-17,available,35200,1
26/09/26 02:01:36,Room (planCd 00423872 / roomTypeCd 0099552),2026-10-18,sold_out,30800,0
26/09/26 02:01:36,Room (planCd 00423872 / roomTypeCd 0099552),2026-10-19,sold_out,30800,0
26/09/26 02:01:36,Room (planCd 00423872 / roomTypeCd 0099552),2026-10-20,sold_out,30800,0
26/09/26 02:01:36,Room (planCd 00423872 / roomTypeCd 0099552),2026-10-21,sold_out,30800,0
26/09/26 02:01:36,Room (planCd 00423872 / roomTypeCd 0099552),2026-10-22,sold_out,30800,0
26/09/26 02:01:36,Room (planCd 00423872 / roomTypeCd 0099552),2026-10-23,sold_out,30800,0
26/09/26 02:01:36,Room (planCd 00423872 / roomTypeCd 0099552),2026-10-24,sold_out,35200,0
26/09/26 02:01:36,Room (planCd 00423872 / roomTypeCd 0099552),2026-10-25,sold_out,30800,0
26/09/26 02:01:36,Room (planCd 00423872 / roomTypeCd 0099552),2026-10-26,sold_out,30800,0
26/09/26 02:01:36,Room (planCd 00423872 / roomTypeCd 0099552),2026-10-27,sold_out,30800,0
26/09/26 02:01:36,Room (planCd 00423872 / roomTypeCd 0099552),2026-10-28,sold_out,30800,0
26/09/26 02:01:36,Room (planCd 00423872 / roomTypeCd 0099552),2026-10-29,sold_out,30800,0
26/09/26 02:01:36,Room (planCd 00423872 / roomTypeCd 0099552),2026-10-30,sold_out,30800,0
26/09/26 02:01:36,Room (planCd 00423872 / roomTypeCd 0099552),2026-10-31,sold_out,35200,0
26/09/26 02:01:36,Room (planCd 00423872 / roomTypeCd 0099552),2026-11-01,sold_out,30800,0
26/09/26 02:01:36,Room (planCd 00423872 / roomTypeCd 0099552),2026-11-02,sold_out,30800,0
26/09/26 02:01:36,Room (planCd 00423872 / roomTypeCd 0099552),2026-11-03,sold_out,30800,0
26/09/26 02:01:36,Room (planCd 00423872 / roomTypeCd 0099552),2026-11-04,sold_out,30800,0
26/09/26 02:01:36,Room (planCd 00423872 / roomTypeCd 0099552),2026-11-05,sold_out,30800,0
26/09/26 02:01:36,Room (planCd 00423872 / roomTypeCd 0099552),2026-11-06,sold_out,30800,0
26/09/26 02:01:36,Room (planCd 00423872 / roomTypeCd 0099552),2026-11-07,sold_out,35200,0
26/09/26 02:01:36,Room (planCd 00423872 / roomTypeCd 0099552),2026-11-08,sold_out,30800,0
26/09/26 02:01:36,Room (planCd 00423872 / roomTypeCd 0099552),2026-11-09,sold_out,30800,0
26/09/26 02:01:36,Room (planCd 00423872 / roomTypeCd 0099552),2026-11-10,sold_out,30800,0
26/09/26 02:01:36,Room (planCd 00423872 / roomTypeCd 0099552),2026-11-11,sold_out,30800,0
26/09/26 02:01:36,Room (planCd 00423872 / roomTypeCd 0099552),2026-11-12,sold_out,30800,0
26/09/26 02:01:36,Room (planCd 00423872 / roomTypeCd 0099552),2026-11-13,sold_out,30800,0
26/09/26 02:01:36,Room (planCd 00423872 / roomTypeCd 0099552),2026-11-14,sold_out,35200,0
26/09/26 02:01:36,Room (planCd 00423872 / roomTypeCd 0099552),2026-11-15,sold_out,30800,0
26/09/26 02:01:36,Room (planCd 00423872 / roomTypeCd 0099552),2026-11-16,sold_out,30800,0
26/09/26 02:01:36,Room (planCd 00423872 / roomTypeCd 0099552),2026-11-17,sold_out,30800,0
26/09/26 02:01:36,Room (planCd 00423872 / roomTypeCd 0099552),2026-11-18,sold_out,30800,0
26/09/26 02:01:36,Room (planCd 00423872 / roomTypeCd 0099552),2026-11-19,sold_out,30800,0
26/09/26 02:01:36,Room (planCd 00423872 / roomTypeCd 0099552),2026-11-20,sold_out,30800,0
26/09/26 02:01:36,Room (planCd 00423872 / roomTypeCd 0099552),2026-11-21,sold_out,39600,0
26/09/26 02:01:36,Room (planCd 00423872 / roomTypeCd 0099552),2026-11-22,sold_out,39600,0
26/09/26 02:01:36,Room (planCd 00423872 / roomTypeCd 0099552),2026-11-23,sold_out,30800,0
26/09/26 02:01:36,Room (planCd 00423872 / roomTypeCd 0099552),2026-11-24,sold_out,30800,0
26/09/26 02:01:36,Room (planCd 00423872 / roomTypeCd 0099552),2026-11-25,sold_out,30800,0
26/09/26 02:01:36,Room (planCd 00423872 / roomTypeCd 0099552),2026-11-26,sold_out,30800,0
26/09/26 02:01:36,Room (planCd 00423872 / roomTypeCd 0099552),2026-11-27,sold_out,30800,0
26/09/26 02:01:36,Room (planCd 00423872 / roomTypeCd 0099552),2026-11-28,sold_out,35200,0
26/09/26 02:01:36,Room (planCd 00423872 / roomTypeCd 0099552),2026-11-29,sold_out,30800,0
26/09/26 02:01:36,Room (planCd 00423872 / roomTypeCd 0099552),2026-11-30,sold_out,30800,0
26/09/26 02:01:36,Room (planCd 00423872 / roomTypeCd 0099552),2026-12-01,sold_out,30800,0
26/09/26 02:01:36,Room (planCd 00423872 / roomTypeCd 0099552),2026-12-02,sold_out,30800,0
26/09/26 02:01:36,Room (planCd 00423872 / roomTypeCd 0099552),2026-12-03,sold_out,30800,0
26/09/26 02:01:36,Room (planCd 00423872 / roomTypeCd 0099552),2026-12-04,sold_out,30800,0
26/09/26 02:01:36,Room (planCd 00423872 / roomTypeCd 0099552),2026-12-05,sold_out,35200,0
26/09/26 02:01:36,Room (planCd 00423872 / roomTypeCd 0099552),2026-12-06,sold_out,30800,0
26/09/26 02:01:36,Room (planCd 00423872 / roomTypeCd 0099552),2026-12-07,sold_out,30800,0
26/09/26 02:01:36,Room (planCd 00423872 / roomTypeCd 0099552),2026-12-08,sold_out,30800,0
26/09/26 02:01:36,Room (planCd 00423872 / roomTypeCd 0099552),2026-12-09,sold_out,30800,0
26/09/26 02:01:36,Room (planCd 00423872 / roomTypeCd 0099552),2026-12-10,sold_out,30800,0
26/09/26 02:01:36,Room (planCd 00423872 / roomTypeCd 0099552),2026-12-11,sold_out,30800,0
26/09/26 02:01:36,Room (planCd 00423872 / roomTypeCd 0099552),2026-12-12,sold_out,35200,0
26/09/26 02:01:36,Room (planCd 00423872 / roomTypeCd 0099552),2026-12-13,sold_out,30800,0
26/09/26 02:01:36,Room (planCd 00423872 / roomTypeCd 0099552),2026-12-14,sold_out,30800,0
26/09/26 02:01:36,Room (planCd 00423872 / roomTypeCd 0099552),2026-12-15,sold_out,30800,0
26/09/26 02:01:36,Room (planCd 00423872 / roomTypeCd 0099552),2026-12-16,sold_out,30800,0
26/09/26 02:01:36,Room (planCd 00423872 / roomTypeCd 0099552),2026-12-17,sold_out,30800,0
26/09/26 02:01:36,Room (planCd 00423872 / roomTypeCd 0099552),2026-12-18,sold_out,30800,0
26/09/26 02:01:36,Room (planCd 00423872 / roomTypeCd 0099552),2026-12-19,sold_out,35200,0
26/09/26 02:01:36,Room (planCd 00423872 / roomTypeCd 0099552),2026-12-20,sold_out,30800,0
26/09/26 02:01:36,Room (planCd 00423872 / roomTypeCd 0099552),2026-12-21,sold_out,30800,0
26/09/26 02:01:36,Room (planCd 00423872 / roomTypeCd 0099552),2026-12-22,sold_out,30800,0
26/09/26 02:01:36,Room (planCd 00423872 / roomTypeCd 0099552),2026-12-23,sold_out,30800,0
26/09/26 02:01:36,Room (planCd 00423872 / roomTypeCd 0099552),2026-12-24,sold_out,30800,0
26/09/26 02:01:36,Room (planCd 00423872 / roomTypeCd 0099552),2026-12-25,sold_out,30800,0
26/09/26 02:01:36,Room (planCd 00423872 / roomTypeCd 0099552),2026-12-26,sold_out,39600,0
26/09/26 02:01:36,Room (planCd 00423872 / roomTypeCd 0099552),2026-12-27,sold_out,39600,0
26/09/26 02:01:36,Room (planCd 00423872 / roomTypeCd 0099552),2026-12-28,sold_out,39600,0
26/09/26 02:01:36,Room (planCd 00423872 / roomTypeCd 0099552),2026-12-29,sold_out,39600,0
26/09/26 02:01:36,Room (planCd 00423872 / roomTypeCd 0099552),2026-12-30,sold_out,39600,0
26/09/26 02:01:36,Room (planCd 00423872 / roomTypeCd 0099552),2026-12-31,sold_out,46200,0
26/09/26 03:01:54,Room (planCd 00423872 / roomTypeCd 0099552),2026-09-26,sold_out,35200,0
26/09/26 03:01:54,Room (planCd 00423872 / roomTypeCd 0099552),2026-09-27,sold_out,30800,0
26/09/26 03:01:54,Room (planCd 00423872 / roomTypeCd 0099552),2026-09-28,sold_out,30800,0
26/09/26 03:01:54,Room (planCd 00423872 / roomTypeCd 0099552),2026-09-29,sold_out,30800,0
26/09/26 03:01:54,Room (planCd 00423872 / roomTypeCd 0099552),2026-09-30,sold_out,30800,0
26/09/26 03:01:54,Room (planCd 00423872 / roomTypeCd 0099552),2026-10-01,available,30800,1
26/09/26 03:01:54,Room (planCd 00423872 / roomTypeCd 0099552),2026-10-02,sold_out,30800,0
26/09/26 03:01:54,Room (planCd 00423872 / roomTypeCd 0099552),2026-10-03,sold_out,35200,0
26/09/26 03:01:54,Room (planCd 00423872 / roomTypeCd 0099552),2026-10-04,sold_out,30800,0
26/09/26 03:01:54,Room (planCd 00423872 / roomTypeCd 0099552),2026-10-05,sold_out,30800,0
26/09/26 03:01:54,Room (planCd 00423872 / roomTypeCd 0099552),2026-10-06,sold_out,30800,0
26/09/26 03:01:54,Room (planCd 00423872 / roomTypeCd 0099552),2026-10-07,available,30800,1
26/09/26 03:01:54,Room (planCd 00423872 / roomTypeCd 0099552),2026-10-08,sold_out,30800,0
26/09/26 03:01:54,Room (planCd 00423872 / roomTypeCd 0099552),2026-10-09,sold_out,30800,0
26/09/26 03:01:54,Room (planCd 00423872 / roomTypeCd 0099552),2026-10-10,sold_out,39600,0
26/09/26 03:01:54,Room (planCd 00423872 / roomTypeCd 0099552),2026-10-11,sold_out,39600,0
26/09/26 03:01:54,Room (planCd 00423872 / roomTypeCd 0099552),2026-10-12,available,30800,1
26/09/26 03:01:54,Room (planCd 00423872 / roomTypeCd 0099552),2026-10-13,sold_out,30800,0
26/09/26 03:01:54,Room (planCd 00423872 / roomTypeCd 0099552),2026-10-14,available,30800,2
26/09/26 03:01:54,Room (planCd 00423872 / roomTypeCd 0099552),2026-10-15,sold_out,30800,0
26/09/26 03:01:54,Room (planCd 00423872 / roomTypeCd 0099552),2026-10-16,sold_out,30800,0
26/09/26 03:01:54,Room (planCd 00423872 / roomTypeCd 0099552),2026-10-17,available,35200,1
26/09/26 03:01:54,Room (planCd 00423872 / roomTypeCd 0099552),2026-10-18,sold_out,30800,0
26/09/26 03:01:54,Room (planCd 00423872 / roomTypeCd 0099552),2026-10-19,sold_out,30800,0
26/09/26 03:01:54,Room (planCd 00423872 / roomTypeCd 0099552),2026-10-20,sold_out,30800,0
26/09/26 03:01:54,Room (planCd 00423872 / roomTypeCd 0099552),2026-10-21,sold_out,30800,0
26/09/26 03:01:54,Room (planCd 00423872 / roomTypeCd 0099552),2026-10-22,sold_out,30800,0
26/09/26 03:01:54,Room (planCd 00423872 / roomTypeCd 0099552),2026-10-23,sold_out,30800,0
26/09/26 03:01:54,Room (planCd 00423872 / roomTypeCd 0099552),2026-10-24,sold_out,35200,0
26/09/26 03:01:54,Room (planCd 00423872 / roomTypeCd 0099552),2026-10-25,sold_out,30800,0
26/09/26 03:01:54,Room (planCd 00423872 / roomTypeCd 0099552),2026-10-26,sold_out,30800,0
26/09/26 03:01:54,Room (planCd 00423872 / roomTypeCd 0099552),2026-10-27,sold_out,30800,0
26/09/26 03:01:54,Room (planCd 00423872 / roomTypeCd 0099552),2026-10-28,sold_out,30800,0
26/09/26 03:01:54,Room (planCd 00423872 / roomTypeCd 0099552),2026-10-29,sold_out,30800,0
26/09/26 03:01:54,Room (planCd 00423872 / roomTypeCd 0099552),2026-10-30,sold_out,30800,0
26/09/26 03:01:54,Room (planCd 00423872 / roomTypeCd 0099552),2026-10-31,sold_out,35200,0
26/09/26 03:01:54,Room (planCd 00423872 / roomTypeCd 0099552),2026-11-01,sold_out,30800,0
26/09/26 03:01:54,Room (planCd 00423872 / roomTypeCd 0099552),2026-11-02,sold_out,30800,0
26/09/26 03:01:54,Room (planCd 00423872 / roomTypeCd 0099552),2026-11-03,sold_out,30800,0
26/09/26 03:01:54,Room (planCd 00423872 / roomTypeCd 0099552),2026-11-04,sold_out,30800,0
26/09/26 03:01:54,Room (planCd 00423872 / roomTypeCd 0099552),2026-11-05,sold_out,30800,0
26/09/26 03:01:54,Room (planCd 00423872 / roomTypeCd 0099552),2026-11-06,sold_out,30800,0
26/09/26 03:01:54,Room (planCd 00423872 / roomTypeCd 0099552),2026-11-07,sold_out,35200,0
26/09/26 03:01:54,Room (planCd 00423872 / roomTypeCd 0099552),2026-11-08,sold_out,30800,0
26/09/26 03:01:54,Room (planCd 00423872 / roomTypeCd 0099552),2026-11-09,sold_out,30800,0
26/09/26 03:01:54,Room (planCd 00423872 / roomTypeCd 0099552),2026-11-10,sold_out,30800,0
26/09/26 03:01:54,Room (planCd 00423872 / roomTypeCd 0099552),2026-11-11,sold_out,30800,0
26/09/26 03:01:54,Room (planCd 00423872 / roomTypeCd 0099552),2026-11-12,sold_out,30800,0
26/09/26 03:01:54,Room (planCd 00423872 / roomTypeCd 0099552),2026-11-13,sold_out,30800,0
26/09/26 03:01:54,Room (planCd 00423872 / roomTypeCd 0099552),2026-11-14,sold_out,35200,0
26/09/26 03:01:54,Room (planCd 00423872 / roomTypeCd 0099552),2026-11-15,sold_out,30800,0
26/09/26 03:01:54,Room (planCd 00423872 / roomTypeCd 0099552),2026-11-16,sold_out,30800,0
26/09/26 03:01:54,Room (planCd 00423872 / roomTypeCd 0099552),2026-11-17,sold_out,30800,0
26/09/26 03:01:54,Room (planCd 00423872 / roomTypeCd 0099552),2026-11-18,sold_out,30800,0
26/09/26 03:01:54,Room (planCd 00423872 / roomTypeCd 0099552),2026-11-19,sold_out,30800,0
26/09/26 03:01:54,Room (planCd 00423872 / roomTypeCd 0099552),2026-11-20,sold_out,30800,0
26/09/26 03:01:54,Room (planCd 00423872 / roomTypeCd 0099552),2026-11-21,sold_out,39600,0
26/09/26 03:01:54,Room (planCd 00423872 / roomTypeCd 0099552),2026-11-22,sold_out,39600,0
26/09/26 03:01:54,Room (planCd 00423872 / roomTypeCd 0099552),2026-11-23,sold_out,30800,0
26/09/26 03:01:54,Room (planCd 00423872 / roomTypeCd 0099552),2026-11-24,sold_out,30800,0
26/09/26 03:01:54,Room (planCd 00423872 / roomTypeCd 0099552),2026-11-25,sold_out,30800,0
26/09/26 03:01:54,Room (planCd 00423872 / roomTypeCd 0099552),2026-11-26,sold_out,30800,0
26/09/26 03:01:54,Room (planCd 00423872 / roomTypeCd 0099552),2026-11-27,sold_out,30800,0
26/09/26 03:01:54,Room (planCd 00423872 / roomTypeCd 0099552),2026-11-28,sold_out,35200,0
26/09/26 03:01:54,Room (planCd 00423872 / roomTypeCd 0099552),2026-11-29,sold_out,30800,0
26/09/26 03:01:54,Room (planCd 00423872 / roomTypeCd 0099552),2026-11-30,sold_out,30800,0
26/09/26 03:01:54,Room (planCd 00423872 / roomTypeCd 0099552),2026-12-01,sold_out,30800,0
26/09/26 03:01:54,Room (planCd 00423872 / roomTypeCd 0099552),2026-12-02,sold_out,30800,0
26/09/26 03:01:54,Room (planCd 00423872 / roomTypeCd 0099552),2026-12-03,sold_out,30800,0
26/09/26 03:01:54,Room (planCd 00423872 / roomTypeCd 0099552),2026-12-04,sold_out,30800,0
26/09/26 03:01:54,Room (planCd 00423872 / roomTypeCd 0099552),2026-12-05,sold_out,35200,0
26/09/26 03:01:54,Room (planCd 00423872 / roomTypeCd 0099552),2026-12-06,sold_out,30800,0
26/09/26 03:01:54,Room (planCd 00423872 / roomTypeCd 0099552),2026-12-07,sold_out,30800,0
26/09/26 03:01:54,Room (planCd 00423872 / roomTypeCd 0099552),2026-12-08,sold_out,30800,0
26/09/26 03:01:54,Room (planCd 00423872 / roomTypeCd 0099552),2026-12-09,sold_out,30800,0
26/09/26 03:01:54,Room (planCd 00423872 / roomTypeCd 0099552),2026-12-10,sold_out,30800,0
26/09/26 03:01:54,Room (planCd 00423872 / roomTypeCd 0099552),2026-12-11,sold_out,30800,0
26/09/26 03:01:54,Room (planCd 00423872 / roomTypeCd 0099552),2026-12-12,sold_out,35200,0
26/09/26 03:01:54,Room (planCd 00423872 / roomTypeCd 0099552),2026-12-13,sold_out,30800,0
26/09/26 03:01:54,Room (planCd 00423872 / roomTypeCd 0099552),2026-12-14,sold_out,30800,0
26/09/26 03:01:54,Room (planCd 00423872 / roomTypeCd 0099552),2026-12-15,sold_out,30800,0
26/09/26 03:01:54,Room (planCd 00423872 / roomTypeCd 0099552),2026-12-16,sold_out,30800,0
26/09/26 03:01:54,Room (planCd 00423872 / roomTypeCd 0099552),2026-12-17,sold_out,30800,0
26/09/26 03:01:54,Room (planCd 00423872 / roomTypeCd 0099552),2026-12-18,sold_out,30800,0
26/09/26 03:01:54,Room (planCd 00423872 / roomTypeCd 0099552),2026-12-19,sold_out,35200,0
26/09/26 03:01:54,Room (planCd 00423872 / roomTypeCd 0099552),2026-12-20,sold_out,30800,0
26/09/26 03:01:54,Room (planCd 00423872 / roomTypeCd 0099552),2026-12-21,sold_out,30800,0
26/09/26 03:01:54,Room (planCd 00423872 / roomTypeCd 0099552),2026-12-22,sold_out,30800,0
26/09/26 03:01:54,Room (planCd 00423872 / roomTypeCd 0099552),2026-12-23,sold_out,30800,0
26/09/26 03:01:54,Room (planCd 00423872 / roomTypeCd 0099552),2026-12-24,sold_out,30800,0
26/09/26 03:01:54,Room (planCd 00423872 / roomTypeCd 0099552),2026-12-25,sold_out,30800,0
26/09/26 03:01:54,Room (planCd 00423872 / roomTypeCd 0099552),2026-12-26,sold_out,39600,0
26/09/26 03:01:54,Room (planCd 00423872 / roomTypeCd 0099552),2026-12-27,sold_out,39600,0
26/09/26 03:01:54,Room (planCd 00423872 / roomTypeCd 0099552),2026-12-28,sold_out,39600,0
26/09/26 03:01:54,Room (planCd 00423872 / roomTypeCd 0099552),2026-12-29,sold_out,39600,0
26/09/26 03:01:54,Room (planCd 00423872 / roomTypeCd 0099552),2026-12-30,sold_out,39600,0
26/09/26 03:01:54,Room (planCd 00423872 / roomTypeCd 0099552),2026-12-31,sold_out,46200,0
26/09/26 03:10:53,Room (planCd 00423872 / roomTypeCd 0099552),2026-09-26,sold_out,35200,0
26/09/26 03:10:53,Room (planCd 00423872 / roomTypeCd 0099552),2026-09-27,sold_out,30800,0
26/09/26 03:10:53,Room (planCd 00423872 / roomTypeCd 0099552),2026-09-28,sold_out,30800,0
26/09/26 03:10:53,Room (planCd 00423872 / roomTypeCd 0099552),2026-09-29,sold_out,30800,0
26/09/26 03:10:53,Room (planCd 00423872 / roomTypeCd 0099552),2026-09-30,sold_out,30800,0
26/09/26 03:10:53,Room (planCd 00423872 / roomTypeCd 0099552),2026-10-01,available,30800,1
26/09/26 03:10:53,Room (planCd 00423872 / roomTypeCd 0099552),2026-10-02,sold_out,30800,0
26/09/26 03:10:53,Room (planCd 00423872 / roomTypeCd 0099552),2026-10-03,sold_out,35200,0
26/09/26 03:10:53,Room (planCd 00423872 / roomTypeCd 0099552),2026-10-04,sold_out,30800,0
26/09/26 03:10:53,Room (planCd 00423872 / roomTypeCd 0099552),2026-10-05,sold_out,30800,0
26/09/26 03:10:53,Room (planCd 00423872 / roomTypeCd 0099552),2026-10-06,sold_out,30800,0
26/09/26 03:10:53,Room (planCd 00423872 / roomTypeCd 0099552),2026-10-07,available,30800,1
26/09/26 03:10:53,Room (planCd 00423872 / roomTypeCd 0099552),2026-10-08,sold_out,30800,0
26/09/26 03:10:53,Room (planCd 00423872 / roomTypeCd 0099552),2026-10-09,sold_out,30800,0
26/09/26 03:10:53,Room (planCd 00423872 / roomTypeCd 0099552),2026-10-10,sold_out,39600,0
26/09/26 03:10:53,Room (planCd 00423872 / roomTypeCd 0099552),2026-10-11,sold_out,39600,0
26/09/26 03:10:53,Room (planCd 00423872 / roomTypeCd 0099552),2026-10-12,available,30800,1
26/09/26 03:10:53,Room (planCd 00423872 / roomTypeCd 0099552),2026-10-13,sold_out,30800,0
26/09/26 03:10:53,Room (planCd 00423872 / roomTypeCd 0099552),2026-10-14,available,30800,2
26/09/26 03:10:53,Room (planCd 00423872 / roomTypeCd 0099552),2026-10-15,sold_out,30800,0
26/09/26 03:10:53,Room (planCd 00423872 / roomTypeCd 0099552),2026-10-16,sold_out,30800,0
26/09/26 03:10:53,Room (planCd 00423872 / roomTypeCd 0099552),2026-10-17,available,35200,1
26/09/26 03:10:53,Room (planCd 00423872 / roomTypeCd 0099552),2026-10-18,sold_out,30800,0
26/09/26 03:10:53,Room (planCd 00423872 / roomTypeCd 0099552),2026-10-19,sold_out,30800,0
26/09/26 03:10:53,Room (planCd 00423872 / roomTypeCd 0099552),2026-10-20,sold_out,30800,0
26/09/26 03:10:53,Room (planCd 00423872 / roomTypeCd 0099552),2026-10-21,sold_out,30800,0
26/09/26 03:10:53,Room (planCd 00423872 / roomTypeCd 0099552),2026-10-22,sold_out,30800,0
26/09/26 03:10:53,Room (planCd 00423872 / roomTypeCd 0099552),2026-10-23,sold_out,30800,0
26/09/26 03:10:53,Room (planCd 00423872 / roomTypeCd 0099552),2026-10-24,sold_out,35200,0
26/09/26 03:10:53,Room (planCd 00423872 / roomTypeCd 0099552),2026-10-25,sold_out,30800,0
26/09/26 03:10:53,Room (planCd 00423872 / roomTypeCd 0099552),2026-10-26,sold_out,30800,0
26/09/26 03:10:53,Room (planCd 00423872 / roomTypeCd 0099552),2026-10-27,sold_out,30800,0
26/09/26 03:10:53,Room (planCd 00423872 / roomTypeCd 0099552),2026-10-28,sold_out,30800,0
26/09/26 03:10:53,Room (planCd 00423872 / roomTypeCd 0099552),2026-10-29,sold_out,30800,0
26/09/26 03:10:53,Room (planCd 00423872 / roomTypeCd 0099552),2026-10-30,sold_out,30800,0
26/09/26 03:10:53,Room (planCd 00423872 / roomTypeCd 0099552),2026-10-31,sold_out,35200,0
26/09/26 03:10:53,Room (planCd 00423872 / roomTypeCd 0099552),2026-11-01,sold_out,30800,0
26/09/26 03:10:53,Room (planCd 00423872 / roomTypeCd 0099552),2026-11-02,sold_out,30800,0
26/09/26 03:10:53,Room (planCd 00423872 / roomTypeCd 0099552),2026-11-03,sold_out,30800,0
26/09/26 03:10:53,Room (planCd 00423872 / roomTypeCd 0099552),2026-11-04,sold_out,30800,0
26/09/26 03:10:53,Room (planCd 00423872 / roomTypeCd 0099552),2026-11-05,sold_out,30800,0
26/09/26 03:10:53,Room (planCd 00423872 / roomTypeCd 0099552),2026-11-06,sold_out,30800,0
26/09/26 03:10:53,Room (planCd 00423872 / roomTypeCd 0099552),2026-11-07,sold_out,35200,0
26/09/26 03:10:53,Room (planCd 00423872 / roomTypeCd 0099552),2026-11-08,sold_out,30800,0
26/09/26 03:10:53,Room (planCd 00423872 / roomTypeCd 0099552),2026-11-09,sold_out,30800,0
26/09/26 03:10:53,Room (planCd 00423872 / roomTypeCd 0099552),2026-11-10,sold_out,30800,0
26/09/26 03:10:53,Room (planCd 00423872 / roomTypeCd 0099552),2026-11-11,sold_out,30800,0
26/09/26 03:10:53,Room (planCd 00423872 / roomTypeCd 0099552),2026-11-12,sold_out,30800,0
26/09/26 03:10:53,Room (planCd 00423872 / roomTypeCd 0099552),2026-11-13,sold_out,30800,0
26/09/26 03:10:53,Room (planCd 00423872 / roomTypeCd 0099552),2026-11-14,sold_out,35200,0
26/09/26 03:10:53,Room (planCd 00423872 / roomTypeCd 0099552),2026-11-15,sold_out,30800,0
26/09/26 03:10:53,Room (planCd 00423872 / roomTypeCd 0099552),2026-11-16,sold_out,30800,0
26/09/26 03:10:53,Room (planCd 00423872 / roomTypeCd 0099552),2026-11-17,sold_out,30800,0
26/09/26 03:10:53,Room (planCd 00423872 / roomTypeCd 0099552),2026-11-18,sold_out,30800,0
26/09/26 03:10:53,Room (planCd 00423872 / roomTypeCd 0099552),2026-11-19,sold_out,30800,0
26/09/26 03:10:53,Room (planCd 00423872 / roomTypeCd 0099552),2026-11-20,sold_out,30800,0
26/09/26 03:10:53,Room (planCd 00423872 / roomTypeCd 0099552),2026-11-21,sold_out,39600,0
26/09/26 03:10:53,Room (planCd 00423872 / roomTypeCd 0099552),2026-11-22,sold_out,39600,0
26/09/26 03:10:53,Room (planCd 00423872 / roomTypeCd 0099552),2026-11-23,sold_out,30800,0
26/09/26 03:10:53,Room (planCd 00423872 / roomTypeCd 0099552),2026-11-24,sold_out,30800,0
26/09/26 03:10:53,Room (planCd 00423872 / roomTypeCd 0099552),2026-11-25,sold_out,30800,0
26/09/26 03:10:53,Room (planCd 00423872 / roomTypeCd 0099552),2026-11-26,sold_out,30800,0
26/09/26 03:10:53,Room (planCd 00423872 / roomTypeCd 0099552),2026-11-27,sold_out,30800,0
26/09/26 03:10:53,Room (planCd 00423872 / roomTypeCd 0099552),2026-11-28,sold_out,35200,0
26/09/26 03:10:53,Room (planCd 00423872 / roomTypeCd 0099552),2026-11-29,sold_out,30800,0
26/09/26 03:10:53,Room (planCd 00423872 / roomTypeCd 0099552),2026-11-30,sold_out,30800,0
26/09/26 03:10:53,Room (planCd 00423872 / roomTypeCd 0099552),2026-12-01,sold_out,30800,0
26/09/26 03:10:53,Room (planCd 00423872 / roomTypeCd 0099552),2026-12-02,sold_out,30800,0
26/09/26 03:10:53,Room (planCd 00423872 / roomTypeCd 0099552),2026-12-03,sold_out,30800,0
26/09/26 03:10:53,Room (planCd 00423872 / roomTypeCd 0099552),2026-12-04,sold_out,30800,0
26/09/26 03:10:53,Room (planCd 00423872 / roomTypeCd 0099552),2026-12-05,sold_out,35200,0
26/09/26 03:10:53,Room (planCd 00423872 / roomTypeCd 0099552),2026-12-06,sold_out,30800,0
26/09/26 03:10:53,Room (planCd 00423872 / roomTypeCd 0099552),2026-12-07,sold_out,30800,0
26/09/26 03:10:53,Room (planCd 00423872 / roomTypeCd 0099552),2026-12-08,sold_out,30800,0
26/09/26 03:10:53,Room (planCd 00423872 / roomTypeCd 0099552),2026-12-09,sold_out,30800,0
26/09/26 03:10:53,Room (planCd 00423872 / roomTypeCd 0099552),2026-12-10,sold_out,30800,0
26/09/26 03:10:53,Room (planCd 00423872 / roomTypeCd 0099552),2026-12-11,sold_out,30800,0
26/09/26 03:10:53,Room (planCd 00423872 / roomTypeCd 0099552),2026-12-12,sold_out,35200,0
26/09/26 03:10:53,Room (planCd 00423872 / roomTypeCd 0099552),2026-12-13,sold_out,30800,0
26/09/26 03:10:53,Room (planCd 00423872 / roomTypeCd 0099552),2026-12-14,sold_out,30800,0
26/09/26 03:10:53,Room (planCd 00423872 / roomTypeCd 0099552),2026-12-15,sold_out,30800,0
26/09/26 03:10:53,Room (planCd 00423872 / roomTypeCd 0099552),2026-12-16,sold_out,30800,0
26/09/26 03:10:53,Room (planCd 00423872 / roomTypeCd 0099552),2026-12-17,sold_out,30800,0
26/09/26 03:10:53,Room (planCd 00423872 / roomTypeCd 0099552),2026-12-18,sold_out,30800,0
26/09/26 03:10:53,Room (planCd 00423872 / roomTypeCd 0099552),2026-12-19,sold_out,35200,0
26/09/26 03:10:53,Room (planCd 00423872 / roomTypeCd 0099552),2026-12-20,sold_out,30800,0
26/09/26 03:10:53,Room (planCd 00423872 / roomTypeCd 0099552),2026-12-21,sold_out,30800,0
26/09/26 03:10:53,Room (planCd 00423872 / roomTypeCd 0099552),2026-12-22,sold_out,30800,0
26/09/26 03:10:53,Room (planCd 00423872 / roomTypeCd 0099552),2026-12-23,sold_out,30800,0
26/09/26 03:10:53,Room (planCd 00423872 / roomTypeCd 0099552),2026-12-24,sold_out,30800,0
26/09/26 03:10:53,Room (planCd 00423872 / roomTypeCd 0099552),2026-12-25,sold_out,30800,0
26/09/26 03:10:53,Room (planCd 00423872 / roomTypeCd 0099552),2026-12-26,sold_out,39600,0
26/09/26 03:10:53,Room (planCd 00423872 / roomTypeCd 0099552),2026-12-27,sold_out,39600,0
26/09/26 03:10:53,Room (planCd 00423872 / roomTypeCd 0099552),2026-12-28,sold_out,39600,0
26/09/26 03:10:53,Room (planCd 00423872 / roomTypeCd 0099552),2026-12-29,sold_out,39600,0
26/09/26 03:10:53,Room (planCd 00423872 / roomTypeCd 0099552),2026-12-30,sold_out,39600,0
26/09/26 03:10:53,Room (planCd 00423872 / roomTypeCd 0099552),2026-12-31,sold_out,46200,0
26/09/26 04:01:37,Room (planCd 00423872 / roomTypeCd 0099552),2026-09-26,sold_out,35200,0
26/09/26 04:01:37,Room (planCd 00423872 / roomTypeCd 0099552),2026-09-27,sold_out,30800,0
26/09/26 04:01:37,Room (planCd 00423872 / roomTypeCd 0099552),2026-09-28,sold_out,30800,0
26/09/26 04:01:37,Room (planCd 00423872 / roomTypeCd 0099552),2026-09-29,sold_out,30800,0
26/09/26 04:01:37,Room (planCd 00423872 / roomTypeCd 0099552),2026-09-30,sold_out,30800,0
26/09/26 04:01:37,Room (planCd 00423872 / roomTypeCd 0099552),2026-10-01,available,30800,1
26/09/26 04:01:37,Room (planCd 00423872 / roomTypeCd 0099552),2026-10-02,sold_out,30800,0
26/09/26 04:01:37,Room (planCd 00423872 / roomTypeCd 0099552),2026-10-03,sold_out,35200,0
26/09/26 04:01:37,Room (planCd 00423872 / roomTypeCd 0099552),2026-10-04,sold_out,30800,0
26/09/26 04:01:37,Room (planCd 00423872 / roomTypeCd 0099552),2026-10-05,sold_out,30800,0
26/09/26 04:01:37,Room (planCd 00423872 / roomTypeCd 0099552),2026-10-06,sold_out,30800,0
26/09/26 04:01:37,Room (planCd 00423872 / roomTypeCd 0099552),2026-10-07,available,30800,1
26/09/26 04:01:37,Room (planCd 00423872 / roomTypeCd 0099552),2026-10-08,sold_out,30800,0
26/09/26 04:01:37,Room (planCd 00423872 / roomTypeCd 0099552),2026-10-09,sold_out,30800,0
26/09/26 04:01:37,Room (planCd 00423872 / roomTypeCd 0099552),2026-10-10,sold_out,39600,0
26/09/26 04:01:37,Room (planCd 00423872 / roomTypeCd 0099552),2026-10-11,sold_out,39600,0
26/09/26 04:01:37,Room (planCd 00423872 / roomTypeCd 0099552),2026-10-12,available,30800,1
26/09/26 04:01:37,Room (planCd 00423872 / roomTypeCd 0099552),2026-10-13,sold_out,30800,0
26/09/26 04:01:37,Room (planCd 00423872 / roomTypeCd 0099552),2026-10-14,available,30800,2
26/09/26 04:01:37,Room (planCd 00423872 / roomTypeCd 0099552),2026-10-15,sold_out,30800,0
26/09/26 04:01:37,Room (planCd 00423872 / roomTypeCd 0099552),2026-10-16,sold_out,30800,0
26/09/26 04:01:37,Room (planCd 00423872 / roomTypeCd 0099552),2026-10-17,available,35200,1
26/09/26 04:01:37,Room (planCd 00423872 / roomTypeCd 0099552),2026-10-18,sold_out,30800,0
26/09/26 04:01:37,Room (planCd 00423872 / roomTypeCd 0099552),2026-10-19,sold_out,30800,0
26/09/26 04:01:37,Room (planCd 00423872 / roomTypeCd 0099552),2026-10-20,sold_out,30800,0
26/09/26 04:01:37,Room (planCd 00423872 / roomTypeCd 0099552),2026-10-21,sold_out,30800,0
26/09/26 04:01:37,Room (planCd 00423872 / roomTypeCd 0099552),2026-10-22,sold_out,30800,0
26/09/26 04:01:37,Room (planCd 00423872 / roomTypeCd 0099552),2026-10-23,sold_out,30800,0
26/09/26 04:01:37,Room (planCd 00423872 / roomTypeCd 0099552),2026-10-24,sold_out,35200,0
26/09/26 04:01:37,Room (planCd 00423872 / roomTypeCd 0099552),2026-10-25,sold_out,30800,0
26/09/26 04:01:37,Room (planCd 00423872 / roomTypeCd 0099552),2026-10-26,sold_out,30800,0
26/09/26 04:01:37,Room (planCd 00423872 / roomTypeCd 0099552),2026-10-27,sold_out,30800,0
26/09/26 04:01:37,Room (planCd 00423872 / roomTypeCd 0099552),2026-10-28,sold_out,30800,0
26/09/26 04:01:37,Room (planCd 00423872 / roomTypeCd 0099552),2026-10-29,sold_out,30800,0
26/09/26 04:01:37,Room (planCd 00423872 / roomTypeCd 0099552),2026-10-30,sold_out,30800,0
26/09/26 04:01:37,Room (planCd 00423872 / roomTypeCd 0099552),2026-10-31,sold_out,35200,0
26/09/26 04:01:37,Room (planCd 00423872 / roomTypeCd 0099552),2026-11-01,sold_out,30800,0
26/09/26 04:01:37,Room (planCd 00423872 / roomTypeCd 0099552),2026-11-02,sold_out,30800,0
26/09/26 04:01:37,Room (planCd 00423872 / roomTypeCd 0099552),2026-11-03,sold_out,30800,0
26/09/26 04:01:37,Room (planCd 00423872 / roomTypeCd 0099552),2026-11-04,sold_out,30800,0
26/09/26 04:01:37,Room (planCd 00423872 / roomTypeCd 0099552),2026-11-05,sold_out,30800,0
26/09/26 04:01:37,Room (planCd 00423872 / roomTypeCd 0099552),2026-11-06,sold_out,30800,0
26/09/26 04:01:37,Room (planCd 00423872 / roomTypeCd 0099552),2026-11-07,sold_out,35200,0
26/09/26 04:01:37,Room (planCd 00423872 / roomTypeCd 0099552),2026-11-08,sold_out,30800,0
26/09/26 04:01:37,Room (planCd 00423872 / roomTypeCd 0099552),2026-11-09,sold_out,30800,0
26/09/26 04:01:37,Room (planCd 00423872 / roomTypeCd 0099552),2026-11-10,sold_out,30800,0
26/09/26 04:01:37,Room (planCd 00423872 / roomTypeCd 0099552),2026-11-11,sold_out,30800,0
26/09/26 04:01:37,Room (planCd 00423872 / roomTypeCd 0099552),2026-11-12,sold_out,30800,0
26/09/26 04:01:37,Room (planCd 00423872 / roomTypeCd 0099552),2026-11-13,sold_out,30800,0
26/09/26 04:01:37,Room (planCd 00423872 / roomTypeCd 0099552),2026-11-14,sold_out,35200,0
26/09/26 04:01:37,Room (planCd 00423872 / roomTypeCd 0099552),2026-11-15,sold_out,30800,0
26/09/26 04:01:37,Room (planCd 00423872 / roomTypeCd 0099552),2026-11-16,sold_out,30800,0
26/09/26 04:01:37,Room (planCd 00423872 / roomTypeCd 0099552),2026-11-17,sold_out,30800,0
26/09/26 04:01:37,Room (planCd 00423872 / roomTypeCd 0099552),2026-11-18,sold_out,30800,0
26/09/26 04:01:37,Room (planCd 00423872 / roomTypeCd 0099552),2026-11-19,sold_out,30800,0
26/09/26 04:01:37,Room (planCd 00423872 / roomTypeCd 0099552),2026-11-20,sold_out,30800,0
26/09/26 04:01:37,Room (planCd 00423872 / roomTypeCd 0099552),2026-11-21,sold_out,39600,0
26/09/26 04:01:37,Room (planCd 00423872 / roomTypeCd 0099552),2026-11-22,sold_out,39600,0
26/09/26 04:01:37,Room (planCd 00423872 / roomTypeCd 0099552),2026-11-23,sold_out,30800,0
26/09/26 04:01:37,Room (planCd 00423872 / roomTypeCd 0099552),2026-11-24,sold_out,30800,0
26/09/26 04:01:37,Room (planCd 00423872 / roomTypeCd 0099552),2026-11-25,sold_out,30800,0
26/09/26 04:01:37,Room (planCd 00423872 / roomTypeCd 0099552),2026-11-26,sold_out,30800,0
26/09/26 04:01:37,Room (planCd 00423872 / roomTypeCd 0099552),2026-11-27,sold_out,30800,0
26/09/26 04:01:37,Room (planCd 00423872 / roomTypeCd 0099552),2026-11-28,sold_out,35200,0
26/09/26 04:01:37,Room (planCd 00423872 / roomTypeCd 0099552),2026-11-29,sold_out,30800,0
26/09/26 04:01:37,Room (planCd 00423872 / roomTypeCd 0099552),2026-11-30,sold_out,30800,0
26/09/26 04:01:37,Room (planCd 00423872 / roomTypeCd 0099552),2026-12-01,sold_out,30800,0
26/09/26 04:01:37,Room (planCd 00423872 / roomTypeCd 0099552),2026-12-02,sold_out,30800,0
26/09/26 04:01:37,Room (planCd 00423872 / roomTypeCd 0099552),2026-12-03,sold_out,30800,0
26/09/26 04:01:37,Room (planCd 00423872 / roomTypeCd 0099552),2026-12-04,sold_out,30800,0
26/09/26 04:01:37,Room (planCd 00423872 / roomTypeCd 0099552),2026-12-05,sold_out,35200,0
26/09/26 04:01:37,Room (planCd 00423872 / roomTypeCd 0099552),2026-12-06,sold_out,30800,0
26/09/26 04:01:37,Room (planCd 00423872 / roomTypeCd 0099552),2026-12-07,sold_out,30800,0
26/09/26 04:01:37,Room (planCd 00423872 / roomTypeCd 0099552),2026-12-08,sold_out,30800,0
26/09/26 04:01:37,Room (planCd 00423872 / roomTypeCd 0099552),2026-12-09,sold_out,30800,0
26/09/26 04:01:37,Room (planCd 00423872 / roomTypeCd 0099552),2026-12-10,sold_out,30800,0
26/09/26 04:01:37,Room (planCd 00423872 / roomTypeCd 0099552),2026-12-11,sold_out,30800,0
26/09/26 04:01:37,Room (planCd 00423872 / roomTypeCd 0099552),2026-12-12,sold_out,35200,0
26/09/26 04:01:37,Room (planCd 00423872 / roomTypeCd 0099552),2026-12-13,sold_out,30800,0
26/09/26 04:01:37,Room (planCd 00423872 / roomTypeCd 0099552),2026-12-14,sold_out,30800,0
26/09/26 04:01:37,Room (planCd 00423872 / roomTypeCd 0099552),2026-12-15,sold_out,30800,0
26/09/26 04:01:37,Room (planCd 00423872 / roomTypeCd 0099552),2026-12-16,sold_out,30800,0
26/09/26 04:01:37,Room (planCd 00423872 / roomTypeCd 0099552),2026-12-17,sold_out,30800,0
26/09/26 04:01:37,Room (planCd 00423872 / roomTypeCd 0099552),2026-12-18,sold_out,30800,0
26/09/26 04:01:37,Room (planCd 00423872 / roomTypeCd 0099552),2026-12-19,sold_out,35200,0
26/09/26 04:01:37,Room (planCd 00423872 / roomTypeCd 0099552),2026-12-20,sold_out,30800,0
26/09/26 04:01:37,Room (planCd 00423872 / roomTypeCd 0099552),2026-12-21,sold_out,30800,0
26/09/26 04:01:37,Room (planCd 00423872 / roomTypeCd 0099552),2026-12-22,sold_out,30800,0
26/09/26 04:01:37,Room (planCd 00423872 / roomTypeCd 0099552),2026-12-23,sold_out,30800,0
26/09/26 04:01:37,Room (planCd 00423872 / roomTypeCd 0099552),2026-12-24,sold_out,30800,0
26/09/26 04:01:37,Room (planCd 00423872 / roomTypeCd 0099552),2026-12-25,sold_out,30800,0
26/09/26 04:01:37,Room (planCd 00423872 / roomTypeCd 0099552),2026-12-26,sold_out,39600,0
26/09/26 04:01:37,Room (planCd 00423872 / roomTypeCd 0099552),2026-12-27,sold_out,39600,0
26/09/26 04:01:37,Room (planCd 00423872 / roomTypeCd 0099552),2026-12-28,sold_out,39600,0
26/09/26 04:01:37,Room (planCd 00423872 / roomTypeCd 0099552),2026-12-29,sold_out,39600,0
26/09/26 04:01:37,Room (planCd 00423872 / roomTypeCd 0099552),2026-12-30,sold_out,39600,0
26/09/26 04:01:37,Room (planCd 00423872 / roomTypeCd 0099552),2026-12-31,sold_out,46200,0
26/09/26 05:01:34,Room (planCd 00423872 / roomTypeCd 0099552),2026-09-26,sold_out,35200,0
26/09/26 05:01:34,Room (planCd 00423872 / roomTypeCd 0099552),2026-09-27,sold_out,30800,0
26/09/26 05:01:34,Room (planCd 00423872 / roomTypeCd 0099552),2026-09-28,sold_out,30800,0
26/09/26 05:01:34,Room (planCd 00423872 / roomTypeCd 0099552),2026-09-29,sold_out,30800,0
26/09/26 05:01:34,Room (planCd 00423872 / roomTypeCd 0099552),2026-09-30,sold_out,30800,0
26/09/26 05:01:34,Room (planCd 00423872 / roomTypeCd 0099552),2026-10-01,available,30800,1
26/09/26 05:01:34,Room (planCd 00423872 / roomTypeCd 0099552),2026-10-02,sold_out,30800,0
26/09/26 05:01:34,Room (planCd 00423872 / roomTypeCd 0099552),2026-10-03,sold_out,35200,0
26/09/26 05:01:34,Room (planCd 00423872 / roomTypeCd 0099552),2026-10-04,sold_out,30800,0
26/09/26 05:01:34,Room (planCd 00423872 / roomTypeCd 0099552),2026-10-05,sold_out,30800,0
26/09/26 05:01:34,Room (planCd 00423872 / roomTypeCd 0099552),2026-10-06,sold_out,30800,0
26/09/26 05:01:34,Room (planCd 00423872 / roomTypeCd 0099552),2026-10-07,available,30800,1
26/09/26 05:01:34,Room (planCd 00423872 / roomTypeCd 0099552),2026-10-08,sold_out,30800,0
26/09/26 05:01:34,Room (planCd 00423872 / roomTypeCd 0099552),2026-10-09,sold_out,30800,0
26/09/26 05:01:34,Room (planCd 00423872 / roomTypeCd 0099552),2026-10-10,sold_out,39600,0
26/09/26 05:01:34,Room (planCd 00423872 / roomTypeCd 0099552),2026-10-11,sold_out,39600,0
26/09/26 05:01:34,Room (planCd 00423872 / roomTypeCd 0099552),2026-10-12,available,30800,1
26/09/26 05:01:34,Room (planCd 00423872 / roomTypeCd 0099552),2026-10-13,sold_out,30800,0
26/09/26 05:01:34,Room (planCd 00423872 / roomTypeCd 0099552),2026-10-14,available,30800,2
26/09/26 05:01:34,Room (planCd 00423872 / roomTypeCd 0099552),2026-10-15,sold_out,30800,0
26/09/26 05:01:34,Room (planCd 00423872 / roomTypeCd 0099552),2026-10-16,sold_out,30800,0
26/09/26 05:01:34,Room (planCd 00423872 / roomTypeCd 0099552),2026-10-17,available,35200,1
26/09/26 05:01:34,Room (planCd 00423872 / roomTypeCd 0099552),2026-10-18,sold_out,30800,0
26/09/26 05:01:34,Room (planCd 00423872 / roomTypeCd 0099552),2026-10-19,sold_out,30800,0
26/09/26 05:01:34,Room (planCd 00423872 / roomTypeCd 0099552),2026-10-20,sold_out,30800,0
26/09/26 05:01:34,Room (planCd 00423872 / roomTypeCd 0099552),2026-10-21,sold_out,30800,0
26/09/26 05:01:34,Room (planCd 00423872 / roomTypeCd 0099552),2026-10-22,sold_out,30800,0
26/09/26 05:01:34,Room (planCd 00423872 / roomTypeCd 0099552),2026-10-23,sold_out,30800,0
26/09/26 05:01:34,Room (planCd 00423872 / roomTypeCd 0099552),2026-10-24,sold_out,35200,0
26/09/26 05:01:34,Room (planCd 00423872 / roomTypeCd 0099552),2026-10-25,sold_out,30800,0
26/09/26 05:01:34,Room (planCd 00423872 / roomTypeCd 0099552),2026-10-26,sold_out,30800,0
26/09/26 05:01:34,Room (planCd 00423872 / roomTypeCd 0099552),2026-10-27,sold_out,30800,0
26/09/26 05:01:34,Room (planCd 00423872 / roomTypeCd 0099552),2026-10-28,sold_out,30800,0
26/09/26 05:01:34,Room (planCd 00423872 / roomTypeCd 0099552),2026-10-29,sold_out,30800,0
26/09/26 05:01:34,Room (planCd 00423872 / roomTypeCd 0099552),2026-10-30,sold_out,30800,0
26/09/26 05:01:34,Room (planCd 00423872 / roomTypeCd 0099552),2026-10-31,sold_out,35200,0
26/09/26 05:01:34,Room (planCd 00423872 / roomTypeCd 0099552),2026-11-01,sold_out,30800,0
26/09/26 05:01:34,Room (planCd 00423872 / roomTypeCd 0099552),2026-11-02,sold_out,30800,0
26/09/26 05:01:34,Room (planCd 00423872 / roomTypeCd 0099552),2026-11-03,sold_out,30800,0
26/09/26 05:01:34,Room (planCd 00423872 / roomTypeCd 0099552),2026-11-04,sold_out,30800,0
26/09/26 05:01:34,Room (planCd 00423872 / roomTypeCd 0099552),2026-11-05,sold_out,30800,0
26/09/26 05:01:34,Room (planCd 00423872 / roomTypeCd 0099552),2026-11-06,sold_out,30800,0
26/09/26 05:01:34,Room (planCd 00423872 / roomTypeCd 0099552),2026-11-07,sold_out,35200,0
26/09/26 05:01:34,Room (planCd 00423872 / roomTypeCd 0099552),2026-11-08,sold_out,30800,0
26/09/26 05:01:34,Room (planCd 00423872 / roomTypeCd 0099552),2026-11-09,sold_out,30800,0
26/09/26 05:01:34,Room (planCd 00423872 / roomTypeCd 0099552),2026-11-10,sold_out,30800,0
26/09/26 05:01:34,Room (planCd 00423872 / roomTypeCd 0099552),2026-11-11,sold_out,30800,0
26/09/26 05:01:34,Room (planCd 00423872 / roomTypeCd 0099552),2026-11-12,sold_out,30800,0
26/09/26 05:01:34,Room (planCd 00423872 / roomTypeCd 0099552),2026-11-13,sold_out,30800,0
26/09/26 05:01:34,Room (planCd 00423872 / roomTypeCd 0099552),2026-11-14,sold_out,35200,0
26/09/26 05:01:34,Room (planCd 00423872 / roomTypeCd 0099552),2026-11-15,sold_out,30800,0
26/09/26 05:01:34,Room (planCd 00423872 / roomTypeCd 0099552),2026-11-16,sold_out,30800,0
26/09/26 05:01:34,Room (planCd 00423872 / roomTypeCd 0099552),2026-11-17,sold_out,30800,0
26/09/26 05:01:34,Room (planCd 00423872 / roomTypeCd 0099552),2026-11-18,sold_out,30800,0
26/09/26 05:01:34,Room (planCd 00423872 / roomTypeCd 0099552),2026-11-19,sold_out,30800,0
26/09/26 05:01:34,Room (planCd 00423872 / roomTypeCd 0099552),2026-11-20,sold_out,30800,0
26/09/26 05:01:34,Room (planCd 00423872 / roomTypeCd 0099552),2026-11-21,sold_out,39600,0
26/09/26 05:01:34,Room (planCd 00423872 / roomTypeCd 0099552),2026-11-22,sold_out,39600,0
26/09/26 05:01:34,Room (planCd 00423872 / roomTypeCd 0099552),2026-11-23,sold_out,30800,0
26/09/26 05:01:34,Room (planCd 00423872 / roomTypeCd 0099552),2026-11-24,sold_out,30800,0
26/09/26 05:01:34,Room (planCd 00423872 / roomTypeCd 0099552),2026-11-25,sold_out,30800,0
26/09/26 05:01:34,Room (planCd 00423872 / roomTypeCd 0099552),2026-11-26,sold_out,30800,0
26/09/26 05:01:34,Room (planCd 00423872 / roomTypeCd 0099552),2026-11-27,sold_out,30800,0
26/09/26 05:01:34,Room (planCd 00423872 / roomTypeCd 0099552),2026-11-28,sold_out,35200,0
26/09/26 05:01:34,Room (planCd 00423872 / roomTypeCd 0099552),2026-11-29,sold_out,30800,0
26/09/26 05:01:34,Room (planCd 00423872 / roomTypeCd 0099552),2026-11-30,sold_out,30800,0
26/09/26 05:01:34,Room (planCd 00423872 / roomTypeCd 0099552),2026-12-01,sold_out,30800,0
26/09/26 05:01:34,Room (planCd 00423872 / roomTypeCd 0099552),2026-12-02,sold_out,30800,0
26/09/26 05:01:34,Room (planCd 00423872 / roomTypeCd 0099552),2026-12-03,sold_out,30800,0
26/09/26 05:01:34,Room (planCd 00423872 / roomTypeCd 0099552),2026-12-04,sold_out,30800,0
26/09/26 05:01:34,Room (planCd 00423872 / roomTypeCd 0099552),2026-12-05,sold_out,35200,0
26/09/26 05:01:34,Room (planCd 00423872 / roomTypeCd 0099552),2026-12-06,sold_out,30800,0
26/09/26 05:01:34,Room (planCd 00423872 / roomTypeCd 0099552),2026-12-07,sold_out,30800,0
26/09/26 05:01:34,Room (planCd 00423872 / roomTypeCd 0099552),2026-12-08,sold_out,30800,0
26/09/26 05:01:34,Room (planCd 00423872 / roomTypeCd 0099552),2026-12-09,sold_out,30800,0
26/09/26 05:01:34,Room (planCd 00423872 / roomTypeCd 0099552),2026-12-10,sold_out,30800,0
26/09/26 05:01:34,Room (planCd 00423872 / roomTypeCd 0099552),2026-12-11,sold_out,30800,0
26/09/26 05:01:34,Room (planCd 00423872 / roomTypeCd 0099552),2026-12-12,sold_out,35200,0
26/09/26 05:01:34,Room (planCd 00423872 / roomTypeCd 0099552),2026-12-13,sold_out,30800,0
26/09/26 05:01:34,Room (planCd 00423872 / roomTypeCd 0099552),2026-12-14,sold_out,30800,0
26/09/26 05:01:34,Room (planCd 00423872 / roomTypeCd 0099552),2026-12-15,sold_out,30800,0
26/09/26 05:01:34,Room (planCd 00423872 / roomTypeCd 0099552),2026-12-16,sold_out,30800,0
26/09/26 05:01:34,Room (planCd 00423872 / roomTypeCd 0099552),2026-12-17,sold_out,30800,0
26/09/26 05:01:34,Room (planCd 00423872 / roomTypeCd 0099552),2026-12-18,sold_out,30800,0
26/09/26 05:01:34,Room (planCd 00423872 / roomTypeCd 0099552),2026-12-19,sold_out,35200,0
26/09/26 05:01:34,Room (planCd 00423872 / roomTypeCd 0099552),2026-12-20,sold_out,30800,0
26/09/26 05:01:34,Room (planCd 00423872 / roomTypeCd 0099552),2026-12-21,sold_out,30800,0
26/09/26 05:01:34,Room (planCd 00423872 / roomTypeCd 0099552),2026-12-22,sold_out,30800,0
26/09/26 05:01:34,Room (planCd 00423872 / roomTypeCd 0099552),2026-12-23,sold_out,30800,0
26/09/26 05:01:34,Room (planCd 00423872 / roomTypeCd 0099552),2026-12-24,sold_out,30800,0
26/09/26 05:01:34,Room (planCd 00423872 / roomTypeCd 0099552),2026-12-25,sold_out,30800,0
26/09/26 05:01:34,Room (planCd 00423872 / roomTypeCd 0099552),2026-12-26,sold_out,39600,0
26/09/26 05:01:34,Room (planCd 00423872 / roomTypeCd 0099552),2026-12-27,sold_out,39600,0
26/09/26 05:01:34,Room (planCd 00423872 / roomTypeCd 0099552),2026-12-28,sold_out,39600,0
26/09/26 05:01:34,Room (planCd 00423872 / roomTypeCd 0099552),2026-12-29,sold_out,39600,0
26/09/26 05:01:34,Room (planCd 00423872 / roomTypeCd 0099552),2026-12-30,sold_out,39600,0
26/09/26 05:01:34,Room (planCd 00423872 / roomTypeCd 0099552),2026-12-31,sold_out,46200,0
26/09/26 06:01:35,Room (planCd 00423872 / roomTypeCd 0099552),2026-09-26,sold_out,35200,0
26/09/26 06:01:35,Room (planCd 00423872 / roomTypeCd 0099552),2026-09-27,sold_out,30800,0
26/09/26 06:01:35,Room (planCd 00423872 / roomTypeCd 0099552),2026-09-28,sold_out,30800,0
26/09/26 06:01:35,Room (planCd 00423872 / roomTypeCd 0099552),2026-09-29,sold_out,30800,0
26/09/26 06:01:35,Room (planCd 00423872 / roomTypeCd 0099552),2026-09-30,sold_out,30800,0
26/09/26 06:01:35,Room (planCd 00423872 / roomTypeCd 0099552),2026-10-01,available,30800,1
26/09/26 06:01:35,Room (planCd 00423872 / roomTypeCd 0099552),2026-10-02,sold_out,30800,0
26/09/26 06:01:35,Room (planCd 00423872 / roomTypeCd 0099552),2026-10-03,sold_out,35200,0
26/09/26 06:01:35,Room (planCd 00423872 / roomTypeCd 0099552),2026-10-04,sold_out,30800,0
26/09/26 06:01:35,Room (planCd 00423872 / roomTypeCd 0099552),2026-10-05,sold_out,30800,0
26/09/26 06:01:35,Room (planCd 00423872 / roomTypeCd 0099552),2026-10-06,sold_out,30800,0
26/09/26 06:01:35,Room (planCd 00423872 / roomTypeCd 0099552),2026-10-07,available,30800,1
26/09/26 06:01:35,Room (planCd 00423872 / roomTypeCd 0099552),2026-10-08,sold_out,30800,0
26/09/26 06:01:35,Room (planCd 00423872 / roomTypeCd 0099552),2026-10-09,sold_out,30800,0
26/09/26 06:01:35,Room (planCd 00423872 / roomTypeCd 0099552),2026-10-10,sold_out,39600,0
26/09/26 06:01:35,Room (planCd 00423872 / roomTypeCd 0099552),2026-10-11,sold_out,39600,0
26/09/26 06:01:35,Room (planCd 00423872 / roomTypeCd 0099552),2026-10-12,available,30800,1
26/09/26 06:01:35,Room (planCd 00423872 / roomTypeCd 0099552),2026-10-13,sold_out,30800,0
26/09/26 06:01:35,Room (planCd 00423872 / roomTypeCd 0099552),2026-10-14,available,30800,2
26/09/26 06:01:35,Room (planCd 00423872 / roomTypeCd 0099552),2026-10-15,sold_out,30800,0
26/09/26 06:01:35,Room (planCd 00423872 / roomTypeCd 0099552),2026-10-16,sold_out,30800,0
26/09/26 06:01:35,Room (planCd 00423872 / roomTypeCd 0099552),2026-10-17,available,35200,1
26/09/26 06:01:35,Room (planCd 00423872 / roomTypeCd 0099552),2026-10-18,sold_out,30800,0
26/09/26 06:01:35,Room (planCd 00423872 / roomTypeCd 0099552),2026-10-19,sold_out,30800,0
26/09/26 06:01:35,Room (planCd 00423872 / roomTypeCd 0099552),2026-10-20,sold_out,30800,0
26/09/26 06:01:35,Room (planCd 00423872 / roomTypeCd 0099552),2026-10-21,sold_out,30800,0
26/09/26 06:01:35,Room (planCd 00423872 / roomTypeCd 0099552),2026-10-22,sold_out,30800,0
26/09/26 06:01:35,Room (planCd 00423872 / roomTypeCd 0099552),2026-10-23,sold_out,30800,0
26/09/26 06:01:35,Room (planCd 00423872 / roomTypeCd 0099552),2026-10-24,sold_out,35200,0
26/09/26 06:01:35,Room (planCd 00423872 / roomTypeCd 0099552),2026-10-25,sold_out,30800,0
26/09/26 06:01:35,Room (planCd 00423872 / roomTypeCd 0099552),2026-10-26,sold_out,30800,0
26/09/26 06:01:35,Room (planCd 00423872 / roomTypeCd 0099552),2026-10-27,sold_out,30800,0
26/09/26 06:01:35,Room (planCd 00423872 / roomTypeCd 0099552),2026-10-28,sold_out,30800,0
26/09/26 06:01:35,Room (planCd 00423872 / roomTypeCd 0099552),2026-10-29,sold_out,30800,0
26/09/26 06:01:35,Room (planCd 00423872 / roomTypeCd 0099552),2026-10-30,sold_out,30800,0
26/09/26 06:01:35,Room (planCd 00423872 / roomTypeCd 0099552),2026-10-31,sold_out,35200,0
26/09/26 06:01:35,Room (planCd 00423872 / roomTypeCd 0099552),2026-11-01,sold_out,30800,0
26/09/26 06:01:35,Room (planCd 00423872 / roomTypeCd 0099552),2026-11-02,sold_out,30800,0
26/09/26 06:01:35,Room (planCd 00423872 / roomTypeCd 0099552),2026-11-03,sold_out,30800,0
26/09/26 06:01:35,Room (planCd 00423872 / roomTypeCd 0099552),2026-11-04,sold_out,30800,0
26/09/26 06:01:35,Room (planCd 00423872 / roomTypeCd 0099552),2026-11-05,sold_out,30800,0
26/09/26 06:01:35,Room (planCd 00423872 / roomTypeCd 0099552),2026-11-06,sold_out,30800,0
26/09/26 06:01:35,Room (planCd 00423872 / roomTypeCd 0099552),2026-11-07,sold_out,35200,0
26/09/26 06:01:35,Room (planCd 00423872 / roomTypeCd 0099552),2026-11-08,sold_out,30800,0
26/09/26 06:01:35,Room (planCd 00423872 / roomTypeCd 0099552),2026-11-09,sold_out,30800,0
26/09/26 06:01:35,Room (planCd 00423872 / roomTypeCd 0099552),2026-11-10,sold_out,30800,0
26/09/26 06:01:35,Room (planCd 00423872 / roomTypeCd 0099552),2026-11-11,sold_out,30800,0
26/09/26 06:01:35,Room (planCd 00423872 / roomTypeCd 0099552),2026-11-12,sold_out,30800,0
26/09/26 06:01:35,Room (planCd 00423872 / roomTypeCd 0099552),2026-11-13,sold_out,30800,0
26/09/26 06:01:35,Room (planCd 00423872 / roomTypeCd 0099552),2026-11-14,sold_out,35200,0
26/09/26 06:01:35,Room (planCd 00423872 / roomTypeCd 0099552),2026-11-15,sold_out,30800,0
26/09/26 06:01:35,Room (planCd 00423872 / roomTypeCd 0099552),2026-11-16,sold_out,30800,0
26/09/26 06:01:35,Room (planCd 00423872 / roomTypeCd 0099552),2026-11-17,sold_out,30800,0
26/09/26 06:01:35,Room (planCd 00423872 / roomTypeCd 0099552),2026-11-18,sold_out,30800,0
26/09/26 06:01:35,Room (planCd 00423872 / roomTypeCd 0099552),2026-11-19,sold_out,30800,0
26/09/26 06:01:35,Room (planCd 00423872 / roomTypeCd 0099552),2026-11-20,sold_out,30800,0
26/09/26 06:01:35,Room (planCd 00423872 / roomTypeCd 0099552),2026-11-21,sold_out,39600,0
26/09/26 06:01:35,Room (planCd 00423872 / roomTypeCd 0099552),2026-11-22,sold_out,39600,0
26/09/26 06:01:35,Room (planCd 00423872 / roomTypeCd 0099552),2026-11-23,sold_out,30800,0
26/09/26 06:01:35,Room (planCd 00423872 / roomTypeCd 0099552),2026-11-24,sold_out,30800,0
26/09/26 06:01:35,Room (planCd 00423872 / roomTypeCd 0099552),2026-11-25,sold_out,30800,0
26/09/26 06:01:35,Room (planCd 00423872 / roomTypeCd 0099552),2026-11-26,sold_out,30800,0
26/09/26 06:01:35,Room (planCd 00423872 / roomTypeCd 0099552),2026-11-27,sold_out,30800,0
26/09/26 06:01:35,Room (planCd 00423872 / roomTypeCd 0099552),2026-11-28,sold_out,35200,0
26/09/26 06:01:35,Room (planCd 00423872 / roomTypeCd 0099552),2026-11-29,sold_out,30800,0
26/09/26 06:01:35,Room (planCd 00423872 / roomTypeCd 0099552),2026-11-30,sold_out,30800,0
26/09/26 06:01:35,Room (planCd 00423872 / roomTypeCd 0099552),2026-12-01,sold_out,30800,0
26/09/26 06:01:35,Room (planCd 00423872 / roomTypeCd 0099552),2026-12-02,sold_out,30800,0
26/09/26 06:01:35,Room (planCd 00423872 / roomTypeCd 0099552),2026-12-03,sold_out,30800,0
26/09/26 06:01:35,Room (planCd 00423872 / roomTypeCd 0099552),2026-12-04,sold_out,30800,0
26/09/26 06:01:35,Room (planCd 00423872 / roomTypeCd 0099552),2026-12-05,sold_out,35200,0
26/09/26 06:01:35,Room (planCd 00423872 / roomTypeCd 0099552),2026-12-06,sold_out,30800,0
26/09/26 06:01:35,Room (planCd 00423872 / roomTypeCd 0099552),2026-12-07,sold_out,30800,0
26/09/26 06:01:35,Room (planCd 00423872 / roomTypeCd 0099552),2026-12-08,sold_out,30800,0
26/09/26 06:01:35,Room (planCd 00423872 / roomTypeCd 0099552),2026-12-09,sold_out,30800,0
26/09/26 06:01:35,Room (planCd 00423872 / roomTypeCd 0099552),2026-12-10,sold_out,30800,0
26/09/26 06:01:35,Room (planCd 00423872 / roomTypeCd 0099552),2026-12-11,sold_out,30800,0
26/09/26 06:01:35,Room (planCd 00423872 / roomTypeCd 0099552),2026-12-12,sold_out,35200,0
26/09/26 06:01:35,Room (planCd 00423872 / roomTypeCd 0099552),2026-12-13,sold_out,30800,0
26/09/26 06:01:35,Room (planCd 00423872 / roomTypeCd 0099552),2026-12-14,sold_out,30800,0
26/09/26 06:01:35,Room (planCd 00423872 / roomTypeCd 0099552),2026-12-15,sold_out,30800,0
26/09/26 06:01:35,Room (planCd 00423872 / roomTypeCd 0099552),2026-12-16,sold_out,30800,0
26/09/26 06:01:35,Room (planCd 00423872 / roomTypeCd 0099552),2026-12-17,sold_out,30800,0
26/09/26 06:01:35,Room (planCd 00423872 / roomTypeCd 0099552),2026-12-18,sold_out,30800,0
26/09/26 06:01:35,Room (planCd 00423872 / roomTypeCd 0099552),2026-12-19,sold_out,35200,0
26/09/26 06:01:35,Room (planCd 00423872 / roomTypeCd 0099552),2026-12-20,sold_out,30800,0
26/09/26 06:01:35,Room (planCd 00423872 / roomTypeCd 0099552),2026-12-21,sold_out,30800,0
26/09/26 06:01:35,Room (planCd 00423872 / roomTypeCd 0099552),2026-12-22,sold_out,30800,0
26/09/26 06:01:35,Room (planCd 00423872 / roomTypeCd 0099552),2026-12-23,sold_out,30800,0
26/09/26 06:01:35,Room (planCd 00423872 / roomTypeCd 0099552),2026-12-24,sold_out,30800,0
26/09/26 06:01:35,Room (planCd 00423872 / roomTypeCd 0099552),2026-12-25,sold_out,30800,0
26/09/26 06:01:35,Room (planCd 00423872 / roomTypeCd 0099552),2026-12-26,sold_out,39600,0
26/09/26 06:01:35,Room (planCd 00423872 / roomTypeCd 0099552),2026-12-27,sold_out,39600,0
26/09/26 06:01:35,Room (planCd 00423872 / roomTypeCd 0099552),2026-12-28,sold_out,39600,0
26/09/26 06:01:35,Room (planCd 00423872 / roomTypeCd 0099552),2026-12-29,sold_out,39600,0
26/09/26 06:01:35,Room (planCd 00423872 / roomTypeCd 0099552),2026-12-30,sold_out,39600,0
26/09/26 06:01:35,Room (planCd 00423872 / roomTypeCd 0099552),2026-12-31,sold_out,46200,0
26/09/26 06:41:14,Room (planCd 00423872 / roomTypeCd 0099552),2026-09-26,sold_out,35200,0
26/09/26 06:41:14,Room (planCd 00423872 / roomTypeCd 0099552),2026-09-27,sold_out,30800,0
26/09/26 06:41:14,Room (planCd 00423872 / roomTypeCd 0099552),2026-09-28,sold_out,30800,0
26/09/26 06:41:14,Room (planCd 00423872 / roomTypeCd 0099552),2026-09-29,sold_out,30800,0
26/09/26 06:41:14,Room (planCd 00423872 / roomTypeCd 0099552),2026-09-30,sold_out,30800,0
26/09/26 06:41:14,Room (planCd 00423872 / roomTypeCd 0099552),2026-10-01,available,30800,1
26/09/26 06:41:14,Room (planCd 00423872 / roomTypeCd 0099552),2026-10-02,sold_out,30800,0
26/09/26 06:41:14,Room (planCd 00423872 / roomTypeCd 0099552),2026-10-03,sold_out,35200,0
26/09/26 06:41:14,Room (planCd 00423872 / roomTypeCd 0099552),2026-10-04,sold_out,30800,0
26/09/26 06:41:14,Room (planCd 00423872 / roomTypeCd 0099552),2026-10-05,sold_out,30800,0
26/09/26 06:41:14,Room (planCd 00423872 / roomTypeCd 0099552),2026-10-06,sold_out,30800,0
26/09/26 06:41:14,Room (planCd 00423872 / roomTypeCd 0099552),2026-10-07,available,30800,1
26/09/26 06:41:14,Room (planCd 00423872 / roomTypeCd 0099552),2026-10-08,sold_out,30800,0
26/09/26 06:41:14,Room (planCd 00423872 / roomTypeCd 0099552),2026-10-09,sold_out,30800,0
26/09/26 06:41:14,Room (planCd 00423872 / roomTypeCd 0099552),2026-10-10,sold_out,39600,0
26/09/26 06:41:14,Room (planCd 00423872 / roomTypeCd 0099552),2026-10-11,sold_out,39600,0
26/09/26 06:41:14,Room (planCd 00423872 / roomTypeCd 0099552),2026-10-12,available,30800,1
26/09/26 06:41:14,Room (planCd 00423872 / roomTypeCd 0099552),2026-10-13,sold_out,30800,0
26/09/26 06:41:14,Room (planCd 00423872 / roomTypeCd 0099552),2026-10-14,available,30800,2
26/09/26 06:41:14,Room (planCd 00423872 / roomTypeCd 0099552),2026-10-15,sold_out,30800,0
26/09/26 06:41:14,Room (planCd 00423872 / roomTypeCd 0099552),2026-10-16,sold_out,30800,0
26/09/26 06:41:14,Room (planCd 00423872 / roomTypeCd 0099552),2026-10-17,available,35200,1
26/09/26 06:41:14,Room (planCd 00423872 / roomTypeCd 0099552),2026-10-18,sold_out,30800,0
26/09/26 06:41:14,Room (planCd 00423872 / roomTypeCd 0099552),2026-10-19,sold_out,30800,0
26/09/26 06:41:14,Room (planCd 00423872 / roomTypeCd 0099552),2026-10-20,sold_out,30800,0
26/09/26 06:41:14,Room (planCd 00423872 / roomTypeCd 0099552),2026-10-21,sold_out,30800,0
26/09/26 06:41:14,Room (planCd 00423872 / roomTypeCd 0099552),2026-10-22,sold_out,30800,0
26/09/26 06:41:14,Room (planCd 00423872 / roomTypeCd 0099552),2026-10-23,sold_out,30800,0
26/09/26 06:41:14,Room (planCd 00423872 / roomTypeCd 0099552),2026-10-24,sold_out,35200,0
26/09/26 06:41:14,Room (planCd 00423872 / roomTypeCd 0099552),2026-10-25,sold_out,30800,0
26/09/26 06:41:14,Room (planCd 00423872 / roomTypeCd 0099552),2026-10-26,sold_out,30800,0
26/09/26 06:41:14,Room (planCd 00423872 / roomTypeCd 0099552),2026-10-27,sold_out,30800,0
26/09/26 06:41:14,Room (planCd 00423872 / roomTypeCd 0099552),2026-10-28,sold_out,30800,0
26/09/26 06:41:14,Room (planCd 00423872 / roomTypeCd 0099552),2026-10-29,sold_out,30800,0
26/09/26 06:41:14,Room (planCd 00423872 / roomTypeCd 0099552),2026-10-30,sold_out,30800,0
26/09/26 06:41:14,Room (planCd 00423872 / roomTypeCd 0099552),2026-10-31,sold_out,35200,0
26/09/26 06:41:14,Room (planCd 00423872 / roomTypeCd 0099552),2026-11-01,sold_out,30800,0
26/09/26 06:41:14,Room (planCd 00423872 / roomTypeCd 0099552),2026-11-02,sold_out,30800,0
26/09/26 06:41:14,Room (planCd 00423872 / roomTypeCd 0099552),2026-11-03,sold_out,30800,0
26/09/26 06:41:14,Room (planCd 00423872 / roomTypeCd 0099552),2026-11-04,sold_out,30800,0
26/09/26 06:41:14,Room (planCd 00423872 / roomTypeCd 0099552),2026-11-05,sold_out,30800,0
26/09/26 06:41:14,Room (planCd 00423872 / roomTypeCd 0099552),2026-11-06,sold_out,30800,0
26/09/26 06:41:14,Room (planCd 00423872 / roomTypeCd 0099552),2026-11-07,sold_out,35200,0
26/09/26 06:41:14,Room (planCd 00423872 / roomTypeCd 0099552),2026-11-08,sold_out,30800,0
26/09/26 06:41:14,Room (planCd 00423872 / roomTypeCd 0099552),2026-11-09,sold_out,30800,0
26/09/26 06:41:14,Room (planCd 00423872 / roomTypeCd 0099552),2026-11-10,sold_out,30800,0
26/09/26 06:41:14,Room (planCd 00423872 / roomTypeCd 0099552),2026-11-11,sold_out,30800,0
26/09/26 06:41:14,Room (planCd 00423872 / roomTypeCd 0099552),2026-11-12,sold_out,30800,0
26/09/26 06:41:14,Room (planCd 00423872 / roomTypeCd 0099552),2026-11-13,sold_out,30800,0
26/09/26 06:41:14,Room (planCd 00423872 / roomTypeCd 0099552),2026-11-14,sold_out,35200,0
26/09/26 06:41:14,Room (planCd 00423872 / roomTypeCd 0099552),2026-11-15,sold_out,30800,0
26/09/26 06:41:14,Room (planCd 00423872 / roomTypeCd 0099552),2026-11-16,sold_out,30800,0
26/09/26 06:41:14,Room (planCd 00423872 / roomTypeCd 0099552),2026-11-17,sold_out,30800,0
26/09/26 06:41:14,Room (planCd 00423872 / roomTypeCd 0099552),2026-11-18,sold_out,30800,0
26/09/26 06:41:14,Room (planCd 00423872 / roomTypeCd 0099552),2026-11-19,sold_out,30800,0
26/09/26 06:41:14,Room (planCd 00423872 / roomTypeCd 0099552),2026-11-20,sold_out,30800,0
26/09/26 06:41:14,Room (planCd 00423872 / roomTypeCd 0099552),2026-11-21,sold_out,39600,0
26/09/26 06:41:14,Room (planCd 00423872 / roomTypeCd 0099552),2026-11-22,sold_out,39600,0
26/09/26 06:41:14,Room (planCd 00423872 / roomTypeCd 0099552),2026-11-23,sold_out,30800,0
26/09/26 06:41:14,Room (planCd 00423872 / roomTypeCd 0099552),2026-11-24,sold_out,30800,0
26/09/26 06:41:14,Room (planCd 00423872 / roomTypeCd 0099552),2026-11-25,sold_out,30800,0
26/09/26 06:41:14,Room (planCd 00423872 / roomTypeCd 0099552),2026-11-26,sold_out,30800,0
26/09/26 06:41:14,Room (planCd 00423872 / roomTypeCd 0099552),2026-11-27,sold_out,30800,0
26/09/26 06:41:14,Room (planCd 00423872 / roomTypeCd 0099552),2026-11-28,sold_out,35200,0
26/09/26 06:41:14,Room (planCd 00423872 / roomTypeCd 0099552),2026-11-29,sold_out,30800,0
26/09/26 06:41:14,Room (planCd 00423872 / roomTypeCd 0099552),2026-11-30,sold_out,30800,0
26/09/26 06:41:14,Room (planCd 00423872 / roomTypeCd 0099552),2026-12-01,sold_out,30800,0
26/09/26 06:41:14,Room (planCd 00423872 / roomTypeCd 0099552),2026-12-02,sold_out,30800,0
26/09/26 06:41:14,Room (planCd 00423872 / roomTypeCd 0099552),2026-12-03,sold_out,30800,0
26/09/26 06:41:14,Room (planCd 00423872 / roomTypeCd 0099552),2026-12-04,sold_out,30800,0
26/09/26 06:41:14,Room (planCd 00423872 / roomTypeCd 0099552),2026-12-05,sold_out,35200,0
26/09/26 06:41:14,Room (planCd 00423872 / roomTypeCd 0099552),2026-12-06,sold_out,30800,0
26/09/26 06:41:14,Room (planCd 00423872 / roomTypeCd 0099552),2026-12-07,sold_out,30800,0
26/09/26 06:41:14,Room (planCd 00423872 / roomTypeCd 0099552),2026-12-08,sold_out,30800,0
26/09/26 06:41:14,Room (planCd 00423872 / roomTypeCd 0099552),2026-12-09,sold_out,30800,0
26/09/26 06:41:14,Room (planCd 00423872 / roomTypeCd 0099552),2026-12-10,sold_out,30800,0
26/09/26 06:41:14,Room (planCd 00423872 / roomTypeCd 0099552),2026-12-11,sold_out,30800,0
26/09/26 06:41:14,Room (planCd 00423872 / roomTypeCd 0099552),2026-12-12,sold_out,35200,0
26/09/26 06:41:14,Room (planCd 00423872 / roomTypeCd 0099552),2026-12-13,sold_out,30800,0
26/09/26 06:41:14,Room (planCd 00423872 / roomTypeCd 0099552),2026-12-14,sold_out,30800,0
26/09/26 06:41:14,Room (planCd 00423872 / roomTypeCd 0099552),2026-12-15,sold_out,30800,0
26/09/26 06:41:14,Room (planCd 00423872 / roomTypeCd 0099552),2026-12-16,sold_out,30800,0
26/09/26 06:41:14,Room (planCd 00423872 / roomTypeCd 0099552),2026-12-17,sold_out,30800,0
26/09/26 06:41:14,Room (planCd 00423872 / roomTypeCd 0099552),2026-12-18,sold_out,30800,0
26/09/26 06:41:14,Room (planCd 00423872 / roomTypeCd 0099552),2026-12-19,sold_out,35200,0
26/09/26 06:41:14,Room (planCd 00423872 / roomTypeCd 0099552),2026-12-20,sold_out,30800,0
26/09/26 06:41:14,Room (planCd 00423872 / roomTypeCd 0099552),2026-12-21,sold_out,30800,0
26/09/26 06:41:14,Room (planCd 00423872 / roomTypeCd 0099552),2026-12-22,sold_out,30800,0
26/09/26 06:41:14,Room (planCd 00423872 / roomTypeCd 0099552),2026-12-23,sold_out,30800,0
26/09/26 06:41:14,Room (planCd 00423872 / roomTypeCd 0099552),2026-12-24,sold_out,30800,0
26/09/26 06:41:14,Room (planCd 00423872 / roomTypeCd 0099552),2026-12-25,sold_out,30800,0
26/09/26 06:41:14,Room (planCd 00423872 / roomTypeCd 0099552),2026-12-26,sold_out,39600,0
26/09/26 06:41:14,Room (planCd 00423872 / roomTypeCd 0099552),2026-12-27,sold_out,39600,0
26/09/26 06:41:14,Room (planCd 00423872 / roomTypeCd 0099552),2026-12-28,sold_out,39600,0
26/09/26 06:41:14,Room (planCd 00423872 / roomTypeCd 0099552),2026-12-29,sold_out,39600,0
26/09/26 06:41:14,Room (planCd 00423872 / roomTypeCd 0099552),2026-12-30,sold_out,39600,0
26/09/26 06:41:14,Room (planCd 00423872 / roomTypeCd 0099552),2026-12-31,sold_out,46200,0
26/09/26 07:01:35,Room (planCd 00423872 / roomTypeCd 0099552),2026-09-26,sold_out,35200,0
26/09/26 07:01:35,Room (planCd 00423872 / roomTypeCd 0099552),2026-09-27,sold_out,30800,0
26/09/26 07:01:35,Room (planCd 00423872 / roomTypeCd 0099552),2026-09-28,sold_out,30800,0
26/09/26 07:01:35,Room (planCd 00423872 / roomTypeCd 0099552),2026-09-29,sold_out,30800,0
26/09/26 07:01:35,Room (planCd 00423872 / roomTypeCd 0099552),2026-09-30,sold_out,30800,0
26/09/26 07:01:35,Room (planCd 00423872 / roomTypeCd 0099552),2026-10-01,available,30800,1
26/09/26 07:01:35,Room (planCd 00423872 / roomTypeCd 0099552),2026-10-02,sold_out,30800,0
26/09/26 07:01:35,Room (planCd 00423872 / roomTypeCd 0099552),2026-10-03,sold_out,35200,0
26/09/26 07:01:35,Room (planCd 00423872 / roomTypeCd 0099552),2026-10-04,sold_out,30800,0
26/09/26 07:01:35,Room (planCd 00423872 / roomTypeCd 0099552),2026-10-05,sold_out,30800,0
26/09/26 07:01:35,Room (planCd 00423872 / roomTypeCd 0099552),2026-10-06,sold_out,30800,0
26/09/26 07:01:35,Room (planCd 00423872 / roomTypeCd 0099552),2026-10-07,available,30800,1
26/09/26 07:01:35,Room (planCd 00423872 / roomTypeCd 0099552),2026-10-08,sold_out,30800,0
26/09/26 07:01:35,Room (planCd 00423872 / roomTypeCd 0099552),2026-10-09,sold_out,30800,0
26/09/26 07:01:35,Room (planCd 00423872 / roomTypeCd 0099552),2026-10-10,sold_out,39600,0
26/09/26 07:01:35,Room (planCd 00423872 / roomTypeCd 0099552),2026-10-11,sold_out,39600,0
26/09/26 07:01:35,Room (planCd 00423872 / roomTypeCd 0099552),2026-10-12,available,30800,1
26/09/26 07:01:35,Room (planCd 00423872 / roomTypeCd 0099552),2026-10-13,sold_out,30800,0
26/09/26 07:01:35,Room (planCd 00423872 / roomTypeCd 0099552),2026-10-14,available,30800,2
26/09/26 07:01:35,Room (planCd 00423872 / roomTypeCd 0099552),2026-10-15,sold_out,30800,0
26/09/26 07:01:35,Room (planCd 00423872 / roomTypeCd 0099552),2026-10-16,sold_out,30800,0
26/09/26 07:01:35,Room (planCd 00423872 / roomTypeCd 0099552),2026-10-17,available,35200,1
26/09/26 07:01:35,Room (planCd 00423872 / roomTypeCd 0099552),2026-10-18,sold_out,30800,0
26/09/26 07:01:35,Room (planCd 00423872 / roomTypeCd 0099552),2026-10-19,sold_out,30800,0
26/09/26 07:01:35,Room (planCd 00423872 / roomTypeCd 0099552),2026-10-20,sold_out,30800,0
26/09/26 07:01:35,Room (planCd 00423872 / roomTypeCd 0099552),2026-10-21,sold_out,30800,0
26/09/26 07:01:35,Room (planCd 00423872 / roomTypeCd 0099552),2026-10-22,sold_out,30800,0
26/09/26 07:01:35,Room (planCd 00423872 / roomTypeCd 0099552),2026-10-23,sold_out,30800,0
26/09/26 07:01:35,Room (planCd 00423872 / roomTypeCd 0099552),2026-10-24,sold_out,35200,0
26/09/26 07:01:35,Room (planCd 00423872 / roomTypeCd 0099552),2026-10-25,sold_out,30800,0
26/09/26 07:01:35,Room (planCd 00423872 / roomTypeCd 0099552),2026-10-26,sold_out,30800,0
26/09/26 07:01:35,Room (planCd 00423872 / roomTypeCd 0099552),2026-10-27,sold_out,30800,0
26/09/26 07:01:35,Room (planCd 00423872 / roomTypeCd 0099552),2026-10-28,sold_out,30800,0
26/09/26 07:01:35,Room (planCd 00423872 / roomTypeCd 0099552),2026-10-29,sold_out,30800,0
26/09/26 07:01:35,Room (planCd 00423872 / roomTypeCd 0099552),2026-10-30,sold_out,30800,0
26/09/26 07:01:35,Room (planCd 00423872 / roomTypeCd 0099552),2026-10-31,sold_out,35200,0
26/09/26 07:01:35,Room (planCd 00423872 / roomTypeCd 0099552),2026-11-01,sold_out,30800,0
26/09/26 07:01:35,Room (planCd 00423872 / roomTypeCd 0099552),2026-11-02,sold_out,30800,0
26/09/26 07:01:35,Room (planCd 00423872 / roomTypeCd 0099552),2026-11-03,sold_out,30800,0
26/09/26 07:01:35,Room (planCd 00423872 / roomTypeCd 0099552),2026-11-04,sold_out,30800,0
26/09/26 07:01:35,Room (planCd 00423872 / roomTypeCd 0099552),2026-11-05,sold_out,30800,0
26/09/26 07:01:35,Room (planCd 00423872 / roomTypeCd 0099552),2026-11-06,sold_out,30800,0
26/09/26 07:01:35,Room (planCd 00423872 / roomTypeCd 0099552),2026-11-07,sold_out,35200,0
26/09/26 07:01:35,Room (planCd 00423872 / roomTypeCd 0099552),2026-11-08,sold_out,30800,0
26/09/26 07:01:35,Room (planCd 00423872 / roomTypeCd 0099552),2026-11-09,sold_out,30800,0
26/09/26 07:01:35,Room (planCd 00423872 / roomTypeCd 0099552),2026-11-10,sold_out,30800,0
26/09/26 07:01:35,Room (planCd 00423872 / roomTypeCd 0099552),2026-11-11,sold_out,30800,0
26/09/26 07:01:35,Room (planCd 00423872 / roomTypeCd 0099552),2026-11-12,sold_out,30800,0
26/09/26 07:01:35,Room (planCd 00423872 / roomTypeCd 0099552),2026-11-13,sold_out,30800,0
26/09/26 07:01:35,Room (planCd 00423872 / roomTypeCd 0099552),2026-11-14,sold_out,35200,0
26/09/26 07:01:35,Room (planCd 00423872 / roomTypeCd 0099552),2026-11-15,sold_out,30800,0
26/09/26 07:01:35,Room (planCd 00423872 / roomTypeCd 0099552),2026-11-16,sold_out,30800,0
26/09/26 07:01:35,Room (planCd 00423872 / roomTypeCd 0099552),2026-11-17,sold_out,30800,0
26/09/26 07:01:35,Room (planCd 00423872 / roomTypeCd 0099552),2026-11-18,sold_out,30800,0
26/09/26 07:01:35,Room (planCd 00423872 / roomTypeCd 0099552),2026-11-19,sold_out,30800,0
26/09/26 07:01:35,Room (planCd 00423872 / roomTypeCd 0099552),2026-11-20,sold_out,30800,0
26/09/26 07:01:35,Room (planCd 00423872 / roomTypeCd 0099552),2026-11-21,sold_out,39600,0
26/09/26 07:01:35,Room (planCd 00423872 / roomTypeCd 0099552),2026-11-22,sold_out,39600,0
26/09/26 07:01:35,Room (planCd 00423872 / roomTypeCd 0099552),2026-11-23,sold_out,30800,0
26/09/26 07:01:35,Room (planCd 00423872 / roomTypeCd 0099552),2026-11-24,sold_out,30800,0
26/09/26 07:01:35,Room (planCd 00423872 / roomTypeCd 0099552),2026-11-25,sold_out,30800,0
26/09/26 07:01:35,Room (planCd 00423872 / roomTypeCd 0099552),2026-11-26,sold_out,30800,0
26/09/26 07:01:35,Room (planCd 00423872 / roomTypeCd 0099552),2026-11-27,sold_out,30800,0
26/09/26 07:01:35,Room (planCd 00423872 / roomTypeCd 0099552),2026-11-28,sold_out,35200,0
26/09/26 07:01:35,Room (planCd 00423872 / roomTypeCd 0099552),2026-11-29,sold_out,30800,0
26/09/26 07:01:35,Room (planCd 00423872 / roomTypeCd 0099552),2026-11-30,sold_out,30800,0
26/09/26 07:01:35,Room (planCd 00423872 / roomTypeCd 0099552),2026-12-01,sold_out,30800,0
26/09/26 07:01:35,Room (planCd 00423872 / roomTypeCd 0099552),2026-12-02,sold_out,30800,0
26/09/26 07:01:35,Room (planCd 00423872 / roomTypeCd 0099552),2026-12-03,sold_out,30800,0
26/09/26 07:01:35,Room (planCd 00423872 / roomTypeCd 0099552),2026-12-04,sold_out,30800,0
26/09/26 07:01:35,Room (planCd 00423872 / roomTypeCd 0099552),2026-12-05,sold_out,35200,0
26/09/26 07:01:35,Room (planCd 00423872 / roomTypeCd 0099552),2026-12-06,sold_out,30800,0
26/09/26 07:01:35,Room (planCd 00423872 / roomTypeCd 0099552),2026-12-07,sold_out,30800,0
26/09/26 07:01:35,Room (planCd 00423872 / roomTypeCd 0099552),2026-12-08,sold_out,30800,0
26/09/26 07:01:35,Room (planCd 00423872 / roomTypeCd 0099552),2026-12-09,sold_out,30800,0
26/09/26 07:01:35,Room (planCd 00423872 / roomTypeCd 0099552),2026-12-10,sold_out,30800,0
26/09/26 07:01:35,Room (planCd 00423872 / roomTypeCd 0099552),2026-12-11,sold_out,30800,0
26/09/26 07:01:35,Room (planCd 00423872 / roomTypeCd 0099552),2026-12-12,sold_out,35200,0
26/09/26 07:01:35,Room (planCd 00423872 / roomTypeCd 0099552),2026-12-13,sold_out,30800,0
26/09/26 07:01:35,Room (planCd 00423872 / roomTypeCd 0099552),2026-12-14,sold_out,30800,0
26/09/26 07:01:35,Room (planCd 00423872 / roomTypeCd 0099552),2026-12-15,sold_out,30800,0
26/09/26 07:01:35,Room (planCd 00423872 / roomTypeCd 0099552),2026-12-16,sold_out,30800,0
26/09/26 07:01:35,Room (planCd 00423872 / roomTypeCd 0099552),2026-12-17,sold_out,30800,0
26/09/26 07:01:35,Room (planCd 00423872 / roomTypeCd 0099552),2026-12-18,sold_out,30800,0
26/09/26 07:01:35,Room (planCd 00423872 / roomTypeCd 0099552),2026-12-19,sold_out,35200,0
26/09/26 07:01:35,Room (planCd 00423872 / roomTypeCd 0099552),2026-12-20,sold_out,30800,0
26/09/26 07:01:35,Room (planCd 00423872 / roomTypeCd 0099552),2026-12-21,sold_out,30800,0
26/09/26 07:01:35,Room (planCd 00423872 / roomTypeCd 0099552),2026-12-22,sold_out,30800,0
26/09/26 07:01:35,Room (planCd 00423872 / roomTypeCd 0099552),2026-12-23,sold_out,30800,0
26/09/26 07:01:35,Room (planCd 00423872 / roomTypeCd 0099552),2026-12-24,sold_out,30800,0
26/09/26 07:01:35,Room (planCd 00423872 / roomTypeCd 0099552),2026-12-25,sold_out,30800,0
26/09/26 07:01:35,Room (planCd 00423872 / roomTypeCd 0099552),2026-12-26,sold_out,39600,0
26/09/26 07:01:35,Room (planCd 00423872 / roomTypeCd 0099552),2026-12-27,sold_out,39600,0
26/09/26 07:01:35,Room (planCd 00423872 / roomTypeCd 0099552),2026-12-28,sold_out,39600,0
26/09/26 07:01:35,Room (planCd 00423872 / roomTypeCd 0099552),2026-12-29,sold_out,39600,0
26/09/26 07:01:35,Room (planCd 00423872 / roomTypeCd 0099552),2026-12-30,sold_out,39600,0
26/09/26 07:01:35,Room (planCd 00423872 / roomTypeCd 0099552),2026-12-31,sold_out,46200,0
26/09/26 08:01:34,Room (planCd 00423872 / roomTypeCd 0099552),2026-09-26,sold_out,35200,0
26/09/26 08:01:34,Room (planCd 00423872 / roomTypeCd 0099552),2026-09-27,sold_out,30800,0
26/09/26 08:01:34,Room (planCd 00423872 / roomTypeCd 0099552),2026-09-28,sold_out,30800,0
26/09/26 08:01:34,Room (planCd 00423872 / roomTypeCd 0099552),2026-09-29,sold_out,30800,0
26/09/26 08:01:34,Room (planCd 00423872 / roomTypeCd 0099552),2026-09-30,sold_out,30800,0
26/09/26 08:01:34,Room (planCd 00423872 / roomTypeCd 0099552),2026-10-01,available,30800,1
26/09/26 08:01:34,Room (planCd 00423872 / roomTypeCd 0099552),2026-10-02,sold_out,30800,0
26/09/26 08:01:34,Room (planCd 00423872 / roomTypeCd 0099552),2026-10-03,sold_out,35200,0
26/09/26 08:01:34,Room (planCd 00423872 / roomTypeCd 0099552),2026-10-04,sold_out,30800,0
26/09/26 08:01:34,Room (planCd 00423872 / roomTypeCd 0099552),2026-10-05,sold_out,30800,0
26/09/26 08:01:34,Room (planCd 00423872 / roomTypeCd 0099552),2026-10-06,sold_out,30800,0
26/09/26 08:01:34,Room (planCd 00423872 / roomTypeCd 0099552),2026-10-07,available,30800,1
26/09/26 08:01:34,Room (planCd 00423872 / roomTypeCd 0099552),2026-10-08,sold_out,30800,0
26/09/26 08:01:34,Room (planCd 00423872 / roomTypeCd 0099552),2026-10-09,sold_out,30800,0
26/09/26 08:01:34,Room (planCd 00423872 / roomTypeCd 0099552),2026-10-10,sold_out,39600,0
26/09/26 08:01:34,Room (planCd 00423872 / roomTypeCd 0099552),2026-10-11,sold_out,39600,0
26/09/26 08:01:34,Room (planCd 00423872 / roomTypeCd 0099552),2026-10-12,available,30800,1
26/09/26 08:01:34,Room (planCd 00423872 / roomTypeCd 0099552),2026-10-13,sold_out,30800,0
26/09/26 08:01:34,Room (planCd 00423872 / roomTypeCd 0099552),2026-10-14,available,30800,2
26/09/26 08:01:34,Room (planCd 00423872 / roomTypeCd 0099552),2026-10-15,sold_out,30800,0
26/09/26 08:01:34,Room (planCd 00423872 / roomTypeCd 0099552),2026-10-16,sold_out,30800,0
26/09/26 08:01:34,Room (planCd 00423872 / roomTypeCd 0099552),2026-10-17,available,35200,1
26/09/26 08:01:34,Room (planCd 00423872 / roomTypeCd 0099552),2026-10-18,sold_out,30800,0
26/09/26 08:01:34,Room (planCd 00423872 / roomTypeCd 0099552),2026-10-19,sold_out,30800,0
26/09/26 08:01:34,Room (planCd 00423872 / roomTypeCd 0099552),2026-10-20,sold_out,30800,0
26/09/26 08:01:34,Room (planCd 00423872 / roomTypeCd 0099552),2026-10-21,sold_out,30800,0
26/09/26 08:01:34,Room (planCd 00423872 / roomTypeCd 0099552),2026-10-22,sold_out,30800,0
26/09/26 08:01:34,Room (planCd 00423872 / roomTypeCd 0099552),2026-10-23,sold_out,30800,0
26/09/26 08:01:34,Room (planCd 00423872 / roomTypeCd 0099552),2026-10-24,sold_out,35200,0
26/09/26 08:01:34,Room (planCd 00423872 / roomTypeCd 0099552),2026-10-25,sold_out,30800,0
26/09/26 08:01:34,Room (planCd 00423872 / roomTypeCd 0099552),2026-10-26,sold_out,30800,0
26/09/26 08:01:34,Room (planCd 00423872 / roomTypeCd 0099552),2026-10-27,sold_out,30800,0
26/09/26 08:01:34,Room (planCd 00423872 / roomTypeCd 0099552),2026-10-28,sold_out,30800,0
26/09/26 08:01:34,Room (planCd 00423872 / roomTypeCd 0099552),2026-10-29,sold_out,30800,0
26/09/26 08:01:34,Room (planCd 00423872 / roomTypeCd 0099552),2026-10-30,sold_out,30800,0
26/09/26 08:01:34,Room (planCd 00423872 / roomTypeCd 0099552),2026-10-31,sold_out,35200,0
26/09/26 08:01:34,Room (planCd 00423872 / roomTypeCd 0099552),2026-11-01,sold_out,30800,0
26/09/26 08:01:34,Room (planCd 00423872 / roomTypeCd 0099552),2026-11-02,sold_out,30800,0
26/09/26 08:01:34,Room (planCd 00423872 / roomTypeCd 0099552),2026-11-03,sold_out,30800,0
26/09/26 08:01:34,Room (planCd 00423872 / roomTypeCd 0099552),2026-11-04,sold_out,30800,0
26/09/26 08:01:34,Room (planCd 00423872 / roomTypeCd 0099552),2026-11-05,sold_out,30800,0
26/09/26 08:01:34,Room (planCd 00423872 / roomTypeCd 0099552),2026-11-06,sold_out,30800,0
26/09/26 08:01:34,Room (planCd 00423872 / roomTypeCd 0099552),2026-11-07,sold_out,35200,0
26/09/26 08:01:34,Room (planCd 00423872 / roomTypeCd 0099552),2026-11-08,sold_out,30800,0
26/09/26 08:01:34,Room (planCd 00423872 / roomTypeCd 0099552),2026-11-09,sold_out,30800,0
26/09/26 08:01:34,Room (planCd 00423872 / roomTypeCd 0099552),2026-11-10,sold_out,30800,0
26/09/26 08:01:34,Room (planCd 00423872 / roomTypeCd 0099552),2026-11-11,sold_out,30800,0
26/09/26 08:01:34,Room (planCd 00423872 / roomTypeCd 0099552),2026-11-12,sold_out,30800,0
26/09/26 08:01:34,Room (planCd 00423872 / roomTypeCd 0099552),2026-11-13,sold_out,30800,0
26/09/26 08:01:34,Room (planCd 00423872 / roomTypeCd 0099552),2026-11-14,sold_out,35200,0
26/09/26 08:01:34,Room (planCd 00423872 / roomTypeCd 0099552),2026-11-15,sold_out,30800,0
26/09/26 08:01:34,Room (planCd 00423872 / roomTypeCd 0099552),2026-11-16,sold_out,30800,0
26/09/26 08:01:34,Room (planCd 00423872 / roomTypeCd 0099552),2026-11-17,sold_out,30800,0
26/09/26 08:01:34,Room (planCd 00423872 / roomTypeCd 0099552),2026-11-18,sold_out,30800,0
26/09/26 08:01:34,Room (planCd 00423872 / roomTypeCd 0099552),2026-11-19,sold_out,30800,0
26/09/26 08:01:34,Room (planCd 00423872 / roomTypeCd 0099552),2026-11-20,sold_out,30800,0
26/09/26 08:01:34,Room (planCd 00423872 / roomTypeCd 0099552),2026-11-21,sold_out,39600,0
26/09/26 08:01:34,Room (planCd 00423872 / roomTypeCd 0099552),2026-11-22,sold_out,39600,0
26/09/26 08:01:34,Room (planCd 00423872 / roomTypeCd 0099552),2026-11-23,sold_out,30800,0
26/09/26 08:01:34,Room (planCd 00423872 / roomTypeCd 0099552),2026-11-24,sold_out,30800,0
26/09/26 08:01:34,Room (planCd 00423872 / roomTypeCd 0099552),2026-11-25,sold_out,30800,0
26/09/26 08:01:34,Room (planCd 00423872 / roomTypeCd 0099552),2026-11-26,sold_out,30800,0
26/09/26 08:01:34,Room (planCd 00423872 / roomTypeCd 0099552),2026-11-27,sold_out,30800,0
26/09/26 08:01:34,Room (planCd 00423872 / roomTypeCd 0099552),2026-11-28,sold_out,35200,0
26/09/26 08:01:34,Room (planCd 00423872 / roomTypeCd 0099552),2026-11-29,sold_out,30800,0
26/09/26 08:01:34,Room (planCd 00423872 / roomTypeCd 0099552),2026-11-30,sold_out,30800,0
26/09/26 08:01:34,Room (planCd 00423872 / roomTypeCd 0099552),2026-12-01,sold_out,30800,0
26/09/26 08:01:34,Room (planCd 00423872 / roomTypeCd 0099552),2026-12-02,sold_out,30800,0
26/09/26 08:01:34,Room (planCd 00423872 / roomTypeCd 0099552),2026-12-03,sold_out,30800,0
26/09/26 08:01:34,Room (planCd 00423872 / roomTypeCd 0099552),2026-12-04,sold_out,30800,0
26/09/26 08:01:34,Room (planCd 00423872 / roomTypeCd 0099552),2026-12-05,sold_out,35200,0
26/09/26 08:01:34,Room (planCd 00423872 / roomTypeCd 0099552),2026-12-06,sold_out,30800,0
26/09/26 08:01:34,Room (planCd 00423872 / roomTypeCd 0099552),2026-12-07,sold_out,30800,0
26/09/26 08:01:34,Room (planCd 00423872 / roomTypeCd 0099552),2026-12-08,sold_out,30800,0
26/09/26 08:01:34,Room (planCd 00423872 / roomTypeCd 0099552),2026-12-09,sold_out,30800,0
26/09/26 08:01:34,Room (planCd 00423872 / roomTypeCd 0099552),2026-12-10,sold_out,30800,0
26/09/26 08:01:34,Room (planCd 00423872 / roomTypeCd 0099552),2026-12-11,sold_out,30800,0
26/09/26 08:01:34,Room (planCd 00423872 / roomTypeCd 0099552),2026-12-12,sold_out,35200,0
26/09/26 08:01:34,Room (planCd 00423872 / roomTypeCd 0099552),2026-12-13,sold_out,30800,0
26/09/26 08:01:34,Room (planCd 00423872 / roomTypeCd 0099552),2026-12-14,sold_out,30800,0
26/09/26 08:01:34,Room (planCd 00423872 / roomTypeCd 0099552),2026-12-15,sold_out,30800,0
26/09/26 08:01:34,Room (planCd 00423872 / roomTypeCd 0099552),2026-12-16,sold_out,30800,0
26/09/26 08:01:34,Room (planCd 00423872 / roomTypeCd 0099552),2026-12-17,sold_out,30800,0
26/09/26 08:01:34,Room (planCd 00423872 / roomTypeCd 0099552),2026-12-18,sold_out,30800,0
26/09/26 08:01:34,Room (planCd 00423872 / roomTypeCd 0099552),2026-12-19,sold_out,35200,0
26/09/26 08:01:34,Room (planCd 00423872 / roomTypeCd 0099552),2026-12-20,sold_out,30800,0
26/09/26 08:01:34,Room (planCd 00423872 / roomTypeCd 0099552),2026-12-21,sold_out,30800,0
26/09/26 08:01:34,Room (planCd 00423872 / roomTypeCd 0099552),2026-12-22,sold_out,30800,0
26/09/26 08:01:34,Room (planCd 00423872 / roomTypeCd 0099552),2026-12-23,sold_out,30800,0
26/09/26 08:01:34,Room (planCd 00423872 / roomTypeCd 0099552),2026-12-24,sold_out,30800,0
26/09/26 08:01:34,Room (planCd 00423872 / roomTypeCd 0099552),2026-12-25,sold_out,30800,0
26/09/26 08:01:34,Room (planCd 00423872 / roomTypeCd 0099552),2026-12-26,sold_out,39600,0
26/09/26 08:01:34,Room (planCd 00423872 / roomTypeCd 0099552),2026-12-27,sold_out,39600,0
26/09/26 08:01:34,Room (planCd 00423872 / roomTypeCd 0099552),2026-12-28,sold_out,39600,0
26/09/26 08:01:34,Room (planCd 00423872 / roomTypeCd 0099552),2026-12-29,sold_out,39600,0
26/09/26 08:01:34,Room (planCd 00423872 / roomTypeCd 0099552),2026-12-30,sold_out,39600,0
26/09/26 08:01:34,Room (planCd 00423872 / roomTypeCd 0099552),2026-12-31,sold_out,46200,0
26/09/26 09:01:33,Room (planCd 00423872 / roomTypeCd 0099552),2026-09-26,sold_out,35200,0
26/09/26 09:01:33,Room (planCd 00423872 / roomTypeCd 0099552),2026-09-27,sold_out,30800,0
26/09/26 09:01:33,Room (planCd 00423872 / roomTypeCd 0099552),2026-09-28,sold_out,30800,0
26/09/26 09:01:33,Room (planCd 00423872 / roomTypeCd 0099552),2026-09-29,sold_out,30800,0
26/09/26 09:01:33,Room (planCd 00423872 / roomTypeCd 0099552),2026-09-30,sold_out,30800,0
26/09/26 09:01:33,Room (planCd 00423872 / roomTypeCd 0099552),2026-10-01,available,30800,1
26/09/26 09:01:33,Room (planCd 00423872 / roomTypeCd 0099552),2026-10-02,sold_out,30800,0
26/09/26 09:01:33,Room (planCd 00423872 / roomTypeCd 0099552),2026-10-03,sold_out,35200,0
26/09/26 09:01:33,Room (planCd 00423872 / roomTypeCd 0099552),2026-10-04,sold_out,30800,0
26/09/26 09:01:33,Room (planCd 00423872 / roomTypeCd 0099552),2026-10-05,sold_out,30800,0
26/09/26 09:01:33,Room (planCd 00423872 / roomTypeCd 0099552),2026-10-06,sold_out,30800,0
26/09/26 09:01:33,Room (planCd 00423872 / roomTypeCd 0099552),2026-10-07,available,30800,1
26/09/26 09:01:33,Room (planCd 00423872 / roomTypeCd 0099552),2026-10-08,sold_out,30800,0
26/09/26 09:01:33,Room (planCd 00423872 / roomTypeCd 0099552),2026-10-09,sold_out,30800,0
26/09/26 09:01:33,Room (planCd 00423872 / roomTypeCd 0099552),2026-10-10,sold_out,39600,0
26/09/26 09:01:33,Room (planCd 00423872 / roomTypeCd 0099552),2026-10-11,sold_out,39600,0
26/09/26 09:01:33,Room (planCd 00423872 / roomTypeCd 0099552),2026-10-12,available,30800,1
26/09/26 09:01:33,Room (planCd 00423872 / roomTypeCd 0099552),2026-10-13,sold_out,30800,0
26/09/26 09:01:33,Room (planCd 00423872 / roomTypeCd 0099552),2026-10-14,available,30800,2
26/09/26 09:01:33,Room (planCd 00423872 / roomTypeCd 0099552),2026-10-15,sold_out,30800,0
26/09/26 09:01:33,Room (planCd 00423872 / roomTypeCd 0099552),2026-10-16,sold_out,30800,0
26/09/26 09:01:33,Room (planCd 00423872 / roomTypeCd 0099552),2026-10-17,available,35200,1
26/09/26 09:01:33,Room (planCd 00423872 / roomTypeCd 0099552),2026-10-18,sold_out,30800,0
26/09/26 09:01:33,Room (planCd 00423872 / roomTypeCd 0099552),2026-10-19,sold_out,30800,0
26/09/26 09:01:33,Room (planCd 00423872 / roomTypeCd 0099552),2026-10-20,sold_out,30800,0
26/09/26 09:01:33,Room (planCd 00423872 / roomTypeCd 0099552),2026-10-21,sold_out,30800,0
26/09/26 09:01:33,Room (planCd 00423872 / roomTypeCd 0099552),2026-10-22,sold_out,30800,0
26/09/26 09:01:33,Room (planCd 00423872 / roomTypeCd 0099552),2026-10-23,sold_out,30800,0
26/09/26 09:01:33,Room (planCd 00423872 / roomTypeCd 0099552),2026-10-24,sold_out,35200,0
26/09/26 09:01:33,Room (planCd 00423872 / roomTypeCd 0099552),2026-10-25,sold_out,30800,0
26/09/26 09:01:33,Room (planCd 00423872 / roomTypeCd 0099552),2026-10-26,sold_out,30800,0
26/09/26 09:01:33,Room (planCd 00423872 / roomTypeCd 0099552),2026-10-27,sold_out,30800,0
26/09/26 09:01:33,Room (planCd 00423872 / roomTypeCd 0099552),2026-10-28,sold_out,30800,0
26/09/26 09:01:33,Room (planCd 00423872 / roomTypeCd 0099552),2026-10-29,sold_out,30800,0
26/09/26 09:01:33,Room (planCd 00423872 / roomTypeCd 0099552),2026-10-30,sold_out,30800,0
26/09/26 09:01:33,Room (planCd 00423872 / roomTypeCd 0099552),2026-10-31,sold_out,35200,0
26/09/26 09:01:33,Room (planCd 00423872 / roomTypeCd 0099552),2026-11-01,sold_out,30800,0
26/09/26 09:01:33,Room (planCd 00423872 / roomTypeCd 0099552),2026-11-02,sold_out,30800,0
26/09/26 09:01:33,Room (planCd 00423872 / roomTypeCd 0099552),2026-11-03,sold_out,30800,0
26/09/26 09:01:33,Room (planCd 00423872 / roomTypeCd 0099552),2026-11-04,sold_out,30800,0
26/09/26 09:01:33,Room (planCd 00423872 / roomTypeCd 0099552),2026-11-05,sold_out,30800,0
26/09/26 09:01:33,Room (planCd 00423872 / roomTypeCd 0099552),2026-11-06,sold_out,30800,0
26/09/26 09:01:33,Room (planCd 00423872 / roomTypeCd 0099552),2026-11-07,sold_out,35200,0
26/09/26 09:01:33,Room (planCd 00423872 / roomTypeCd 0099552),2026-11-08,sold_out,30800,0
26/09/26 09:01:33,Room (planCd 00423872 / roomTypeCd 0099552),2026-11-09,sold_out,30800,0
26/09/26 09:01:33,Room (planCd 00423872 / roomTypeCd 0099552),2026-11-10,sold_out,30800,0
26/09/26 09:01:33,Room (planCd 00423872 / roomTypeCd 0099552),2026-11-11,sold_out,30800,0
26/09/26 09:01:33,Room (planCd 00423872 / roomTypeCd 0099552),2026-11-12,sold_out,30800,0
26/09/26 09:01:33,Room (planCd 00423872 / roomTypeCd 0099552),2026-11-13,sold_out,30800,0
26/09/26 09:01:33,Room (planCd 00423872 / roomTypeCd 0099552),2026-11-14,sold_out,35200,0
26/09/26 09:01:33,Room (planCd 00423872 / roomTypeCd 0099552),2026-11-15,sold_out,30800,0
26/09/26 09:01:33,Room (planCd 00423872 / roomTypeCd 0099552),2026-11-16,sold_out,30800,0
26/09/26 09:01:33,Room (planCd 00423872 / roomTypeCd 0099552),2026-11-17,sold_out,30800,0
26/09/26 09:01:33,Room (planCd 00423872 / roomTypeCd 0099552),2026-11-18,sold_out,30800,0
26/09/26 09:01:33,Room (planCd 00423872 / roomTypeCd 0099552),2026-11-19,sold_out,30800,0
26/09/26 09:01:33,Room (planCd 00423872 / roomTypeCd 0099552),2026-11-20,sold_out,30800,0
26/09/26 09:01:33,Room (planCd 00423872 / roomTypeCd 0099552),2026-11-21,sold_out,39600,0
26/09/26 09:01:33,Room (planCd 00423872 / roomTypeCd 0099552),2026-11-22,sold_out,39600,0
26/09/26 09:01:33,Room (planCd 00423872 / roomTypeCd 0099552),2026-11-23,sold_out,30800,0
26/09/26 09:01:33,Room (planCd 00423872 / roomTypeCd 0099552),2026-11-24,sold_out,30800,0
26/09/26 09:01:33,Room (planCd 00423872 / roomTypeCd 0099552),2026-11-25,sold_out,30800,0
26/09/26 09:01:33,Room (planCd 00423872 / roomTypeCd 0099552),2026-11-26,sold_out,30800,0
26/09/26 09:01:33,Room (planCd 00423872 / roomTypeCd 0099552),2026-11-27,sold_out,30800,0
26/09/26 09:01:33,Room (planCd 00423872 / roomTypeCd 0099552),2026-11-28,sold_out,35200,0
26/09/26 09:01:33,Room (planCd 00423872 / roomTypeCd 0099552),2026-11-29,sold_out,30800,0
26/09/26 09:01:33,Room (planCd 00423872 / roomTypeCd 0099552),2026-11-30,sold_out,30800,0
26/09/26 09:01:33,Room (planCd 00423872 / roomTypeCd 0099552),2026-12-01,sold_out,30800,0
26/09/26 09:01:33,Room (planCd 00423872 / roomTypeCd 0099552),2026-12-02,sold_out,30800,0
26/09/26 09:01:33,Room (planCd 00423872 / roomTypeCd 0099552),2026-12-03,sold_out,30800,0
26/09/26 09:01:33,Room (planCd 00423872 / roomTypeCd 0099552),2026-12-04,sold_out,30800,0
26/09/26 09:01:33,Room (planCd 00423872 / roomTypeCd 0099552),2026-12-05,sold_out,35200,0
26/09/26 09:01:33,Room (planCd 00423872 / roomTypeCd 0099552),2026-12-06,sold_out,30800,0
26/09/26 09:01:33,Room (planCd 00423872 / roomTypeCd 0099552),2026-12-07,sold_out,30800,0
26/09/26 09:01:33,Room (planCd 00423872 / roomTypeCd 0099552),2026-12-08,sold_out,30800,0
26/09/26 09:01:33,Room (planCd 00423872 / roomTypeCd 0099552),2026-12-09,sold_out,30800,0
26/09/26 09:01:33,Room (planCd 00423872 / roomTypeCd 0099552),2026-12-10,sold_out,30800,0
26/09/26 09:01:33,Room (planCd 00423872 / roomTypeCd 0099552),2026-12-11,sold_out,30800,0
26/09/26 09:01:33,Room (planCd 00423872 / roomTypeCd 0099552),2026-12-12,sold_out,35200,0
26/09/26 09:01:33,Room (planCd 00423872 / roomTypeCd 0099552),2026-12-13,sold_out,30800,0
26/09/26 09:01:33,Room (planCd 00423872 / roomTypeCd 0099552),2026-12-14,sold_out,30800,0
26/09/26 09:01:33,Room (planCd 00423872 / roomTypeCd 0099552),2026-12-15,sold_out,30800,0
26/09/26 09:01:33,Room (planCd 00423872 / roomTypeCd 0099552),2026-12-16,sold_out,30800,0
26/09/26 09:01:33,Room (planCd 00423872 / roomTypeCd 0099552),2026-12-17,sold_out,30800,0
26/09/26 09:01:33,Room (planCd 00423872 / roomTypeCd 0099552),2026-12-18,sold_out,30800,0
26/09/26 09:01:33,Room (planCd 00423872 / roomTypeCd 0099552),2026-12-19,sold_out,35200,0
26/09/26 09:01:33,Room (planCd 00423872 / roomTypeCd 0099552),2026-12-20,sold_out,30800,0
26/09/26 09:01:33,Room (planCd 00423872 / roomTypeCd 0099552),2026-12-21,sold_out,30800,0
26/09/26 09:01:33,Room (planCd 00423872 / roomTypeCd 0099552),2026-12-22,sold_out,30800,0
26/09/26 09:01:33,Room (planCd 00423872 / roomTypeCd 0099552),2026-12-23,sold_out,30800,0
26/09/26 09:01:33,Room (planCd 00423872 / roomTypeCd 0099552),2026-12-24,sold_out,30800,0
26/09/26 09:01:33,Room (planCd 00423872 / roomTypeCd 0099552),2026-12-25,sold_out,30800,0
26/09/26 09:01:33,Room (planCd 00423872 / roomTypeCd 0099552),2026-12-26,sold_out,39600,0
26/09/26 09:01:33,Room (planCd 00423872 / roomTypeCd 0099552),2026-12-27,sold_out,39600,0
26/09/26 09:01:33,Room (planCd 00423872 / roomTypeCd 0099552),2026-12-28,sold_out,39600,0
26/09/26 09:01:33,Room (planCd 00423872 / roomTypeCd 0099552),2026-12-29,sold_out,39600,0
26/09/26 09:01:33,Room (planCd 00423872 / roomTypeCd 0099552),2026-12-30,sold_out,39600,0
26/09/26 09:01:33,Room (planCd 00423872 / roomTypeCd 0099552),2026-12-31,sold_out,46200,0
26/09/26 09:18:15,Room (planCd 00423872 / roomTypeCd 0099552),2026-09-26,sold_out,35200,0
26/09/26 09:18:15,Room (planCd 00423872 / roomTypeCd 0099552),2026-09-27,sold_out,30800,0
26/09/26 09:18:15,Room (planCd 00423872 / roomTypeCd 0099552),2026-09-28,sold_out,30800,0
26/09/26 09:18:15,Room (planCd 00423872 / roomTypeCd 0099552),2026-09-29,sold_out,30800,0
26/09/26 09:18:15,Room (planCd 00423872 / roomTypeCd 0099552),2026-09-30,sold_out,30800,0
26/09/26 09:18:15,Room (planCd 00423872 / roomTypeCd 0099552),2026-10-01,available,30800,1
26/09/26 09:18:15,Room (planCd 00423872 / roomTypeCd 0099552),2026-10-02,sold_out,30800,0
26/09/26 09:18:15,Room (planCd 00423872 / roomTypeCd 0099552),2026-10-03,sold_out,35200,0
26/09/26 09:18:15,Room (planCd 00423872 / roomTypeCd 0099552),2026-10-04,sold_out,30800,0
26/09/26 09:18:15,Room (planCd 00423872 / roomTypeCd 0099552),2026-10-05,sold_out,30800,0
26/09/26 09:18:15,Room (planCd 00423872 / roomTypeCd 0099552),2026-10-06,sold_out,30800,0
26/09/26 09:18:15,Room (planCd 00423872 / roomTypeCd 0099552),2026-10-07,available,30800,1
26/09/26 09:18:15,Room (planCd 00423872 / roomTypeCd 0099552),2026-10-08,sold_out,30800,0
26/09/26 09:18:15,Room (planCd 00423872 / roomTypeCd 0099552),2026-10-09,sold_out,30800,0
26/09/26 09:18:15,Room (planCd 00423872 / roomTypeCd 0099552),2026-10-10,sold_out,39600,0
26/09/26 09:18:15,Room (planCd 00423872 / roomTypeCd 0099552),2026-10-11,sold_out,39600,0
26/09/26 09:18:15,Room (planCd 00423872 / roomTypeCd 0099552),2026-10-12,available,30800,1
26/09/26 09:18:15,Room (planCd 00423872 / roomTypeCd 0099552),2026-10-13,sold_out,30800,0
26/09/26 09:18:15,Room (planCd 00423872 / roomTypeCd 0099552),2026-10-14,available,30800,2
26/09/26 09:18:15,Room (planCd 00423872 / roomTypeCd 0099552),2026-10-15,sold_out,30800,0
26/09/26 09:18:15,Room (planCd 00423872 / roomTypeCd 0099552),2026-10-16,sold_out,30800,0
26/09/26 09:18:15,Room (planCd 00423872 / roomTypeCd 0099552),2026-10-17,available,35200,1
26/09/26 09:18:15,Room (planCd 00423872 / roomTypeCd 0099552),2026-10-18,sold_out,30800,0
26/09/26 09:18:15,Room (planCd 00423872 / roomTypeCd 0099552),2026-10-19,sold_out,30800,0
26/09/26 09:18:15,Room (planCd 00423872 / roomTypeCd 0099552),2026-10-20,sold_out,30800,0
26/09/26 09:18:15,Room (planCd 00423872 / roomTypeCd 0099552),2026-10-21,sold_out,30800,0
26/09/26 09:18:15,Room (planCd 00423872 / roomTypeCd 0099552),2026-10-22,sold_out,30800,0
26/09/26 09:18:15,Room (planCd 00423872 / roomTypeCd 0099552),2026-10-23,sold_out,30800,0
26/09/26 09:18:15,Room (planCd 00423872 / roomTypeCd 0099552),2026-10-24,sold_out,35200,0
26/09/26 09:18:15,Room (planCd 00423872 / roomTypeCd 0099552),2026-10-25,sold_out,30800,0
26/09/26 09:18:15,Room (planCd 00423872 / roomTypeCd 0099552),2026-10-26,sold_out,30800,0
26/09/26 09:18:15,Room (planCd 00423872 / roomTypeCd 0099552),2026-10-27,sold_out,30800,0
26/09/26 09:18:15,Room (planCd 00423872 / roomTypeCd 0099552),2026-10-28,sold_out,30800,0
26/09/26 09:18:15,Room (planCd 00423872 / roomTypeCd 0099552),2026-10-29,sold_out,30800,0
26/09/26 09:18:15,Room (planCd 00423872 / roomTypeCd 0099552),2026-10-30,sold_out,30800,0
26/09/26 09:18:15,Room (planCd 00423872 / roomTypeCd 0099552),2026-10-31,sold_out,35200,0
26/09/26 09:18:15,Room (planCd 00423872 / roomTypeCd 0099552),2026-11-01,sold_out,30800,0
26/09/26 09:18:15,Room (planCd 00423872 / roomTypeCd 0099552),2026-11-02,sold_out,30800,0
26/09/26 09:18:15,Room (planCd 00423872 / roomTypeCd 0099552),2026-11-03,sold_out,30800,0
26/09/26 09:18:15,Room (planCd 00423872 / roomTypeCd 0099552),2026-11-04,sold_out,30800,0
26/09/26 09:18:15,Room (planCd 00423872 / roomTypeCd 0099552),2026-11-05,sold_out,30800,0
26/09/26 09:18:15,Room (planCd 00423872 / roomTypeCd 0099552),2026-11-06,sold_out,30800,0
26/09/26 09:18:15,Room (planCd 00423872 / roomTypeCd 0099552),2026-11-07,sold_out,35200,0
26/09/26 09:18:15,Room (planCd 00423872 / roomTypeCd 0099552),2026-11-08,sold_out,30800,0
26/09/26 09:18:15,Room (planCd 00423872 / roomTypeCd 0099552),2026-11-09,sold_out,30800,0
26/09/26 09:18:15,Room (planCd 00423872 / roomTypeCd 0099552),2026-11-10,sold_out,30800,0
26/09/26 09:18:15,Room (planCd 00423872 / roomTypeCd 0099552),2026-11-11,sold_out,30800,0
26/09/26 09:18:15,Room (planCd 00423872 / roomTypeCd 0099552),2026-11-12,sold_out,30800,0
26/09/26 09:18:15,Room (planCd 00423872 / roomTypeCd 0099552),2026-11-13,sold_out,30800,0
26/09/26 09:18:15,Room (planCd 00423872 / roomTypeCd 0099552),2026-11-14,sold_out,35200,0
26/09/26 09:18:15,Room (planCd 00423872 / roomTypeCd 0099552),2026-11-15,sold_out,30800,0
26/09/26 09:18:15,Room (planCd 00423872 / roomTypeCd 0099552),2026-11-16,sold_out,30800,0
26/09/26 09:18:15,Room (planCd 00423872 / roomTypeCd 0099552),2026-11-17,sold_out,30800,0
26/09/26 09:18:15,Room (planCd 00423872 / roomTypeCd 0099552),2026-11-18,sold_out,30800,0
26/09/26 09:18:15,Room (planCd 00423872 / roomTypeCd 0099552),2026-11-19,sold_out,30800,0
26/09/26 09:18:15,Room (planCd 00423872 / roomTypeCd 0099552),2026-11-20,sold_out,30800,0
26/09/26 09:18:15,Room (planCd 00423872 / roomTypeCd 0099552),2026-11-21,sold_out,39600,0
26/09/26 09:18:15,Room (planCd 00423872 / roomTypeCd 0099552),2026-11-22,sold_out,39600,0
26/09/26 09:18:15,Room (planCd 00423872 / roomTypeCd 0099552),2026-11-23,sold_out,30800,0
26/09/26 09:18:15,Room (planCd 00423872 / roomTypeCd 0099552),2026-11-24,sold_out,30800,0
26/09/26 09:18:15,Room (planCd 00423872 / roomTypeCd 0099552),2026-11-25,sold_out,30800,0
26/09/26 09:18:15,Room (planCd 00423872 / roomTypeCd 0099552),2026-11-26,sold_out,30800,0
26/09/26 09:18:15,Room (planCd 00423872 / roomTypeCd 0099552),2026-11-27,sold_out,30800,0
26/09/26 09:18:15,Room (planCd 00423872 / roomTypeCd 0099552),2026-11-28,sold_out,35200,0
26/09/26 09:18:15,Room (planCd 00423872 / roomTypeCd 0099552),2026-11-29,sold_out,30800,0
26/09/26 09:18:15,Room (planCd 00423872 / roomTypeCd 0099552),2026-11-30,sold_out,30800,0
26/09/26 09:18:15,Room (planCd 00423872 / roomTypeCd 0099552),2026-12-01,sold_out,30800,0
26/09/26 09:18:15,Room (planCd 00423872 / roomTypeCd 0099552),2026-12-02,sold_out,30800,0
26/09/26 09:18:15,Room (planCd 00423872 / roomTypeCd 0099552),2026-12-03,sold_out,30800,0
26/09/26 09:18:15,Room (planCd 00423872 / roomTypeCd 0099552),2026-12-04,sold_out,30800,0
26/09/26 09:18:15,Room (planCd 00423872 / roomTypeCd 0099552),2026-12-05,sold_out,35200,0
26/09/26 09:18:15,Room (planCd 00423872 / roomTypeCd 0099552),2026-12-06,sold_out,30800,0
26/09/26 09:18:15,Room (planCd 00423872 / roomTypeCd 0099552),2026-12-07,sold_out,30800,0
26/09/26 09:18:15,Room (planCd 00423872 / roomTypeCd 0099552),2026-12-08,sold_out,30800,0
26/09/26 09:18:15,Room (planCd 00423872 / roomTypeCd 0099552),2026-12-09,sold_out,30800,0
26/09/26 09:18:15,Room (planCd 00423872 / roomTypeCd 0099552),2026-12-10,sold_out,30800,0
26/09/26 09:18:15,Room (planCd 00423872 / roomTypeCd 0099552),2026-12-11,sold_out,30800,0
26/09/26 09:18:15,Room (planCd 00423872 / roomTypeCd 0099552),2026-12-12,sold_out,35200,0
26/09/26 09:18:15,Room (planCd 00423872 / roomTypeCd 0099552),2026-12-13,sold_out,30800,0
26/09/26 09:18:15,Room (planCd 00423872 / roomTypeCd 0099552),2026-12-14,sold_out,30800,0
26/09/26 09:18:15,Room (planCd 00423872 / roomTypeCd 0099552),2026-12-15,sold_out,30800,0
26/09/26 09:18:15,Room (planCd 00423872 / roomTypeCd 0099552),2026-12-16,sold_out,30800,0
26/09/26 09:18:15,Room (planCd 00423872 / roomTypeCd 0099552),2026-12-17,sold_out,30800,0
26/09/26 09:18:15,Room (planCd 00423872 / roomTypeCd 0099552),2026-12-18,sold_out,30800,0
26/09/26 09:18:15,Room (planCd 00423872 / roomTypeCd 0099552),2026-12-19,sold_out,35200,0
26/09/26 09:18:15,Room (planCd 00423872 / roomTypeCd 0099552),2026-12-20,sold_out,30800,0
26/09/26 09:18:15,Room (planCd 00423872 / roomTypeCd 0099552),2026-12-21,sold_out,30800,0
26/09/26 09:18:15,Room (planCd 00423872 / roomTypeCd 0099552),2026-12-22,sold_out,30800,0
26/09/26 09:18:15,Room (planCd 00423872 / roomTypeCd 0099552),2026-12-23,sold_out,30800,0
26/09/26 09:18:15,Room (planCd 00423872 / roomTypeCd 0099552),2026-12-24,sold_out,30800,0
26/09/26 09:18:15,Room (planCd 00423872 / roomTypeCd 0099552),2026-12-25,sold_out,30800,0
26/09/26 09:18:15,Room (planCd 00423872 / roomTypeCd 0099552),2026-12-26,sold_out,39600,0
26/09/26 09:18:15,Room (planCd 00423872 / roomTypeCd 0099552),2026-12-27,sold_out,39600,0
26/09/26 09:18:15,Room (planCd 00423872 / roomTypeCd 0099552),2026-12-28,sold_out,39600,0
26/09/26 09:18:15,Room (planCd 00423872 / roomTypeCd 0099552),2026-12-29,sold_out,39600,0
26/09/26 09:18:15,Room (planCd 00423872 / roomTypeCd 0099552),2026-12-30,sold_out,39600,0
26/09/26 09:18:15,Room (planCd 00423872 / roomTypeCd 0099552),2026-12-31,sold_out,46200,0
26/09/26 10:01:32,Room (planCd 00423872 / roomTypeCd 0099552),2026-09-26,sold_out,35200,0
26/09/26 10:01:32,Room (planCd 00423872 / roomTypeCd 0099552),2026-09-27,sold_out,30800,0
26/09/26 10:01:32,Room (planCd 00423872 / roomTypeCd 0099552),2026-09-28,sold_out,30800,0
26/09/26 10:01:32,Room (planCd 00423872 / roomTypeCd 0099552),2026-09-29,sold_out,30800,0
26/09/26 10:01:32,Room (planCd 00423872 / roomTypeCd 0099552),2026-09-30,sold_out,30800,0
26/09/26 10:01:32,Room (planCd 00423872 / roomTypeCd 0099552),2026-10-01,available,30800,1
26/09/26 10:01:32,Room (planCd 00423872 / roomTypeCd 0099552),2026-10-02,sold_out,30800,0
26/09/26 10:01:32,Room (planCd 00423872 / roomTypeCd 0099552),2026-10-03,sold_out,35200,0
26/09/26 10:01:32,Room (planCd 00423872 / roomTypeCd 0099552),2026-10-04,sold_out,30800,0
26/09/26 10:01:32,Room (planCd 00423872 / roomTypeCd 0099552),2026-10-05,sold_out,30800,0
26/09/26 10:01:32,Room (planCd 00423872 / roomTypeCd 0099552),2026-10-06,sold_out,30800,0
26/09/26 10:01:32,Room (planCd 00423872 / roomTypeCd 0099552),2026-10-07,available,30800,1
26/09/26 10:01:32,Room (planCd 00423872 / roomTypeCd 0099552),2026-10-08,sold_out,30800,0
26/09/26 10:01:32,Room (planCd 00423872 / roomTypeCd 0099552),2026-10-09,sold_out,30800,0
26/09/26 10:01:32,Room (planCd 00423872 / roomTypeCd 0099552),2026-10-10,sold_out,39600,0
26/09/26 10:01:32,Room (planCd 00423872 / roomTypeCd 0099552),2026-10-11,sold_out,39600,0
26/09/26 10:01:32,Room (planCd 00423872 / roomTypeCd 0099552),2026-10-12,available,30800,1
26/09/26 10:01:32,Room (planCd 00423872 / roomTypeCd 0099552),2026-10-13,sold_out,30800,0
26/09/26 10:01:32,Room (planCd 00423872 / roomTypeCd 0099552),2026-10-14,available,30800,2
26/09/26 10:01:32,Room (planCd 00423872 / roomTypeCd 0099552),2026-10-15,sold_out,30800,0
26/09/26 10:01:32,Room (planCd 00423872 / roomTypeCd 0099552),2026-10-16,sold_out,30800,0
26/09/26 10:01:32,Room (planCd 00423872 / roomTypeCd 0099552),2026-10-17,available,35200,1
26/09/26 10:01:32,Room (planCd 00423872 / roomTypeCd 0099552),2026-10-18,sold_out,30800,0
26/09/26 10:01:32,Room (planCd 00423872 / roomTypeCd 0099552),2026-10-19,sold_out,30800,0
26/09/26 10:01:32,Room (planCd 00423872 / roomTypeCd 0099552),2026-10-20,sold_out,30800,0
26/09/26 10:01:32,Room (planCd 00423872 / roomTypeCd 0099552),2026-10-21,sold_out,30800,0
26/09/26 10:01:32,Room (planCd 00423872 / roomTypeCd 0099552),2026-10-22,sold_out,30800,0
26/09/26 10:01:32,Room (planCd 00423872 / roomTypeCd 0099552),2026-10-23,sold_out,30800,0
26/09/26 10:01:32,Room (planCd 00423872 / roomTypeCd 0099552),2026-10-24,sold_out,35200,0
26/09/26 10:01:32,Room (planCd 00423872 / roomTypeCd 0099552),2026-10-25,sold_out,30800,0
26/09/26 10:01:32,Room (planCd 00423872 / roomTypeCd 0099552),2026-10-26,sold_out,30800,0
26/09/26 10:01:32,Room (planCd 00423872 / roomTypeCd 0099552),2026-10-27,sold_out,30800,0
26/09/26 10:01:32,Room (planCd 00423872 / roomTypeCd 0099552),2026-10-28,sold_out,30800,0
26/09/26 10:01:32,Room (planCd 00423872 / roomTypeCd 0099552),2026-10-29,sold_out,30800,0
26/09/26 10:01:32,Room (planCd 00423872 / roomTypeCd 0099552),2026-10-30,sold_out,30800,0
26/09/26 10:01:32,Room (planCd 00423872 / roomTypeCd 0099552),2026-10-31,sold_out,35200,0
26/09/26 10:01:32,Room (planCd 00423872 / roomTypeCd 0099552),2026-11-01,sold_out,30800,0
26/09/26 10:01:32,Room (planCd 00423872 / roomTypeCd 0099552),2026-11-02,sold_out,30800,0
26/09/26 10:01:32,Room (planCd 00423872 / roomTypeCd 0099552),2026-11-03,sold_out,30800,0
26/09/26 10:01:32,Room (planCd 00423872 / roomTypeCd 0099552),2026-11-04,sold_out,30800,0
26/09/26 10:01:32,Room (planCd 00423872 / roomTypeCd 0099552),2026-11-05,sold_out,30800,0
26/09/26 10:01:32,Room (planCd 00423872 / roomTypeCd 0099552),2026-11-06,sold_out,30800,0
26/09/26 10:01:32,Room (planCd 00423872 / roomTypeCd 0099552),2026-11-07,sold_out,35200,0
26/09/26 10:01:32,Room (planCd 00423872 / roomTypeCd 0099552),2026-11-08,sold_out,30800,0
26/09/26 10:01:32,Room (planCd 00423872 / roomTypeCd 0099552),2026-11-09,sold_out,30800,0
26/09/26 10:01:32,Room (planCd 00423872 / roomTypeCd 0099552),2026-11-10,sold_out,30800,0
26/09/26 10:01:32,Room (planCd 00423872 / roomTypeCd 0099552),2026-11-11,sold_out,30800,0
26/09/26 10:01:32,Room (planCd 00423872 / roomTypeCd 0099552),2026-11-12,sold_out,30800,0
26/09/26 10:01:32,Room (planCd 00423872 / roomTypeCd 0099552),2026-11-13,sold_out,30800,0
26/09/26 10:01:32,Room (planCd 00423872 / roomTypeCd 0099552),2026-11-14,sold_out,35200,0
26/09/26 10:01:32,Room (planCd 00423872 / roomTypeCd 0099552),2026-11-15,sold_out,30800,0
26/09/26 10:01:32,Room (planCd 00423872 / roomTypeCd 0099552),2026-11-16,sold_out,30800,0
26/09/26 10:01:32,Room (planCd 00423872 / roomTypeCd 0099552),2026-11-17,sold_out,30800,0
26/09/26 10:01:32,Room (planCd 00423872 / roomTypeCd 0099552),2026-11-18,sold_out,30800,0
26/09/26 10:01:32,Room (planCd 00423872 / roomTypeCd 0099552),2026-11-19,sold_out,30800,0
26/09/26 10:01:32,Room (planCd 00423872 / roomTypeCd 0099552),2026-11-20,sold_out,30800,0
26/09/26 10:01:32,Room (planCd 00423872 / roomTypeCd 0099552),2026-11-21,sold_out,39600,0
26/09/26 10:01:32,Room (planCd 00423872 / roomTypeCd 0099552),2026-11-22,sold_out,39600,0
26/09/26 10:01:32,Room (planCd 00423872 / roomTypeCd 0099552),2026-11-23,sold_out,30800,0
26/09/26 10:01:32,Room (planCd 00423872 / roomTypeCd 0099552),2026-11-24,sold_out,30800,0
26/09/26 10:01:32,Room (planCd 00423872 / roomTypeCd 0099552),2026-11-25,sold_out,30800,0
26/09/26 10:01:32,Room (planCd 00423872 / roomTypeCd 0099552),2026-11-26,sold_out,30800,0
26/09/26 10:01:32,Room (planCd 00423872 / roomTypeCd 0099552),2026-11-27,sold_out,30800,0
26/09/26 10:01:32,Room (planCd 00423872 / roomTypeCd 0099552),2026-11-28,sold_out,35200,0
26/09/26 10:01:32,Room (planCd 00423872 / roomTypeCd 0099552),2026-11-29,sold_out,30800,0
26/09/26 10:01:32,Room (planCd 00423872 / roomTypeCd 0099552),2026-11-30,sold_out,30800,0
26/09/26 10:01:32,Room (planCd 00423872 / roomTypeCd 0099552),2026-12-01,sold_out,30800,0
26/09/26 10:01:32,Room (planCd 00423872 / roomTypeCd 0099552),2026-12-02,sold_out,30800,0
26/09/26 10:01:32,Room (planCd 00423872 / roomTypeCd 0099552),2026-12-03,sold_out,30800,0
26/09/26 10:01:32,Room (planCd 00423872 / roomTypeCd 0099552),2026-12-04,sold_out,30800,0
26/09/26 10:01:32,Room (planCd 00423872 / roomTypeCd 0099552),2026-12-05,sold_out,35200,0
26/09/26 10:01:32,Room (planCd 00423872 / roomTypeCd 0099552),2026-12-06,sold_out,30800,0
26/09/26 10:01:32,Room (planCd 00423872 / roomTypeCd 0099552),2026-12-07,sold_out,30800,0
26/09/26 10:01:32,Room (planCd 00423872 / roomTypeCd 0099552),2026-12-08,sold_out,30800,0
26/09/26 10:01:32,Room (planCd 00423872 / roomTypeCd 0099552),2026-12-09,sold_out,30800,0
26/09/26 10:01:32,Room (planCd 00423872 / roomTypeCd 0099552),2026-12-10,sold_out,30800,0
26/09/26 10:01:32,Room (planCd 00423872 / roomTypeCd 0099552),2026-12-11,sold_out,30800,0
26/09/26 10:01:32,Room (planCd 00423872 / roomTypeCd 0099552),2026-12-12,sold_out,35200,0
26/09/26 10:01:32,Room (planCd 00423872 / roomTypeCd 0099552),2026-12-13,sold_out,30800,0
26/09/26 10:01:32,Room (planCd 00423872 / roomTypeCd 0099552),2026-12-14,sold_out,30800,0
26/09/26 10:01:32,Room (planCd 00423872 / roomTypeCd 0099552),2026-12-15,sold_out,30800,0
26/09/26 10:01:32,Room (planCd 00423872 / roomTypeCd 0099552),2026-12-16,sold_out,30800,0
26/09/26 10:01:32,Room (planCd 00423872 / roomTypeCd 0099552),2026-12-17,sold_out,30800,0
26/09/26 10:01:32,Room (planCd 00423872 / roomTypeCd 0099552),2026-12-18,sold_out,30800,0
26/09/26 10:01:32,Room (planCd 00423872 / roomTypeCd 0099552),2026-12-19,sold_out,35200,0
26/09/26 10:01:32,Room (planCd 00423872 / roomTypeCd 0099552),2026-12-20,sold_out,30800,0
26/09/26 10:01:32,Room (planCd 00423872 / roomTypeCd 0099552),2026-12-21,sold_out,30800,0
26/09/26 10:01:32,Room (planCd 00423872 / roomTypeCd 0099552),2026-12-22,sold_out,30800,0
26/09/26 10:01:32,Room (planCd 00423872 / roomTypeCd 0099552),2026-12-23,sold_out,30800,0
26/09/26 10:01:32,Room (planCd 00423872 / roomTypeCd 0099552),2026-12-24,sold_out,30800,0
26/09/26 10:01:32,Room (planCd 00423872 / roomTypeCd 0099552),2026-12-25,sold_out,30800,0
26/09/26 10:01:32,Room (planCd 00423872 / roomTypeCd 0099552),2026-12-26,sold_out,39600,0
26/09/26 10:01:32,Room (planCd 00423872 / roomTypeCd 0099552),2026-12-27,sold_out,39600,0
26/09/26 10:01:32,Room (planCd 00423872 / roomTypeCd 0099552),2026-12-28,sold_out,39600,0
26/09/26 10:01:32,Room (planCd 00423872 / roomTypeCd 0099552),2026-12-29,sold_out,39600,0
26/09/26 10:01:32,Room (planCd 00423872 / roomTypeCd 0099552),2026-12-30,sold_out,39600,0
26/09/26 10:01:32,Room (planCd 00423872 / roomTypeCd 0099552),2026-12-31,sold_out,46200,0
26/09/26 11:01:33,Room (planCd 00423872 / roomTypeCd 0099552),2026-09-26,sold_out,35200,0
26/09/26 11:01:33,Room (planCd 00423872 / roomTypeCd 0099552),2026-09-27,sold_out,30800,0
26/09/26 11:01:33,Room (planCd 00423872 / roomTypeCd 0099552),2026-09-28,sold_out,30800,0
26/09/26 11:01:33,Room (planCd 00423872 / roomTypeCd 0099552),2026-09-29,sold_out,30800,0
26/09/26 11:01:33,Room (planCd 00423872 / roomTypeCd 0099552),2026-09-30,sold_out,30800,0
26/09/26 11:01:33,Room (planCd 00423872 / roomTypeCd 0099552),2026-10-01,available,30800,1
26/09/26 11:01:33,Room (planCd 00423872 / roomTypeCd 0099552),2026-10-02,sold_out,30800,0
26/09/26 11:01:33,Room (planCd 00423872 / roomTypeCd 0099552),2026-10-03,sold_out,35200,0
26/09/26 11:01:33,Room (planCd 00423872 / roomTypeCd 0099552),2026-10-04,sold_out,30800,0
26/09/26 11:01:33,Room (planCd 00423872 / roomTypeCd 0099552),2026-10-05,sold_out,30800,0
26/09/26 11:01:33,Room (planCd 00423872 / roomTypeCd 0099552),2026-10-06,sold_out,30800,0
26/09/26 11:01:33,Room (planCd 00423872 / roomTypeCd 0099552),2026-10-07,available,30800,1
26/09/26 11:01:33,Room (planCd 00423872 / roomTypeCd 0099552),2026-10-08,sold_out,30800,0
26/09/26 11:01:33,Room (planCd 00423872 / roomTypeCd 0099552),2026-10-09,sold_out,30800,0
26/09/26 11:01:33,Room (planCd 00423872 / roomTypeCd 0099552),2026-10-10,sold_out,39600,0
26/09/26 11:01:33,Room (planCd 00423872 / roomTypeCd 0099552),2026-10-11,sold_out,39600,0
26/09/26 11:01:33,Room (planCd 00423872 / roomTypeCd 0099552),2026-10-12,available,30800,1
26/09/26 11:01:33,Room (planCd 00423872 / roomTypeCd 0099552),2026-10-13,sold_out,30800,0
26/09/26 11:01:33,Room (planCd 00423872 / roomTypeCd 0099552),2026-10-14,available,30800,2
26/09/26 11:01:33,Room (planCd 00423872 / roomTypeCd 0099552),2026-10-15,sold_out,30800,0
26/09/26 11:01:33,Room (planCd 00423872 / roomTypeCd 0099552),2026-10-16,sold_out,30800,0
26/09/26 11:01:33,Room (planCd 00423872 / roomTypeCd 0099552),2026-10-17,available,35200,1
26/09/26 11:01:33,Room (planCd 00423872 / roomTypeCd 0099552),2026-10-18,sold_out,30800,0
26/09/26 11:01:33,Room (planCd 00423872 / roomTypeCd 0099552),2026-10-19,sold_out,30800,0
26/09/26 11:01:33,Room (planCd 00423872 / roomTypeCd 0099552),2026-10-20,sold_out,30800,0
26/09/26 11:01:33,Room (planCd 00423872 / roomTypeCd 0099552),2026-10-21,sold_out,30800,0
26/09/26 11:01:33,Room (planCd 00423872 / roomTypeCd 0099552),2026-10-22,sold_out,30800,0
26/09/26 11:01:33,Room (planCd 00423872 / roomTypeCd 0099552),2026-10-23,sold_out,30800,0
26/09/26 11:01:33,Room (planCd 00423872 / roomTypeCd 0099552),2026-10-24,sold_out,35200,0
26/09/26 11:01:33,Room (planCd 00423872 / roomTypeCd 0099552),2026-10-25,sold_out,30800,0
26/09/26 11:01:33,Room (planCd 00423872 / roomTypeCd 0099552),2026-10-26,sold_out,30800,0
26/09/26 11:01:33,Room (planCd 00423872 / roomTypeCd 0099552),2026-10-27,sold_out,30800,0
26/09/26 11:01:33,Room (planCd 00423872 / roomTypeCd 0099552),2026-10-28,sold_out,30800,0
26/09/26 11:01:33,Room (planCd 00423872 / roomTypeCd 0099552),2026-10-29,sold_out,30800,0
26/09/26 11:01:33,Room (planCd 00423872 / roomTypeCd 0099552),2026-10-30,sold_out,30800,0
26/09/26 11:01:33,Room (planCd 00423872 / roomTypeCd 0099552),2026-10-31,sold_out,35200,0
26/09/26 11:01:33,Room (planCd 00423872 / roomTypeCd 0099552),2026-11-01,sold_out,30800,0
26/09/26 11:01:33,Room (planCd 00423872 / roomTypeCd 0099552),2026-11-02,sold_out,30800,0
26/09/26 11:01:33,Room (planCd 00423872 / roomTypeCd 0099552),2026-11-03,sold_out,30800,0
26/09/26 11:01:33,Room (planCd 00423872 / roomTypeCd 0099552),2026-11-04,sold_out,30800,0
26/09/26 11:01:33,Room (planCd 00423872 / roomTypeCd 0099552),2026-11-05,sold_out,30800,0
26/09/26 11:01:33,Room (planCd 00423872 / roomTypeCd 0099552),2026-11-06,sold_out,30800,0
26/09/26 11:01:33,Room (planCd 00423872 / roomTypeCd 0099552),2026-11-07,sold_out,35200,0
26/09/26 11:01:33,Room (planCd 00423872 / roomTypeCd 0099552),2026-11-08,sold_out,30800,0
26/09/26 11:01:33,Room (planCd 00423872 / roomTypeCd 0099552),2026-11-09,sold_out,30800,0
26/09/26 11:01:33,Room (planCd 00423872 / roomTypeCd 0099552),2026-11-10,sold_out,30800,0
26/09/26 11:01:33,Room (planCd 00423872 / roomTypeCd 0099552),2026-11-11,sold_out,30800,0
26/09/26 11:01:33,Room (planCd 00423872 / roomTypeCd 0099552),2026-11-12,sold_out,30800,0
26/09/26 11:01:33,Room (planCd 00423872 / roomTypeCd 0099552),2026-11-13,sold_out,30800,0
26/09/26 11:01:33,Room (planCd 00423872 / roomTypeCd 0099552),2026-11-14,sold_out,35200,0
26/09/26 11:01:33,Room (planCd 00423872 / roomTypeCd 0099552),2026-11-15,sold_out,30800,0
26/09/26 11:01:33,Room (planCd 00423872 / roomTypeCd 0099552),2026-11-16,sold_out,30800,0
26/09/26 11:01:33,Room (planCd 00423872 / roomTypeCd 0099552),2026-11-17,sold_out,30800,0
26/09/26 11:01:33,Room (planCd 00423872 / roomTypeCd 0099552),2026-11-18,sold_out,30800,0
26/09/26 11:01:33,Room (planCd 00423872 / roomTypeCd 0099552),2026-11-19,sold_out,30800,0
26/09/26 11:01:33,Room (planCd 00423872 / roomTypeCd 0099552),2026-11-20,sold_out,30800,0
26/09/26 11:01:33,Room (planCd 00423872 / roomTypeCd 0099552),2026-11-21,sold_out,39600,0
26/09/26 11:01:33,Room (planCd 00423872 / roomTypeCd 0099552),2026-11-22,sold_out,39600,0
26/09/26 11:01:33,Room (planCd 00423872 / roomTypeCd 0099552),2026-11-23,sold_out,30800,0
26/09/26 11:01:33,Room (planCd 00423872 / roomTypeCd 0099552),2026-11-24,sold_out,30800,0
26/09/26 11:01:33,Room (planCd 00423872 / roomTypeCd 0099552),2026-11-25,sold_out,30800,0
26/09/26 11:01:33,Room (planCd 00423872 / roomTypeCd 0099552),2026-11-26,sold_out,30800,0
26/09/26 11:01:33,Room (planCd 00423872 / roomTypeCd 0099552),2026-11-27,sold_out,30800,0
26/09/26 11:01:33,Room (planCd 00423872 / roomTypeCd 0099552),2026-11-28,sold_out,35200,0
26/09/26 11:01:33,Room (planCd 00423872 / roomTypeCd 0099552),2026-11-29,sold_out,30800,0
26/09/26 11:01:33,Room (planCd 00423872 / roomTypeCd 0099552),2026-11-30,sold_out,30800,0
26/09/26 11:01:33,Room (planCd 00423872 / roomTypeCd 0099552),2026-12-01,sold_out,30800,0
26/09/26 11:01:33,Room (planCd 00423872 / roomTypeCd 0099552),2026-12-02,sold_out,30800,0
26/09/26 11:01:33,Room (planCd 00423872 / roomTypeCd 0099552),2026-12-03,sold_out,30800,0
26/09/26 11:01:33,Room (planCd 00423872 / roomTypeCd 0099552),2026-12-04,sold_out,30800,0
26/09/26 11:01:33,Room (planCd 00423872 / roomTypeCd 0099552),2026-12-05,sold_out,35200,0
26/09/26 11:01:33,Room (planCd 00423872 / roomTypeCd 0099552),2026-12-06,sold_out,30800,0
26/09/26 11:01:33,Room (planCd 00423872 / roomTypeCd 0099552),2026-12-07,sold_out,30800,0
26/09/26 11:01:33,Room (planCd 00423872 / roomTypeCd 0099552),2026-12-08,sold_out,30800,0
26/09/26 11:01:33,Room (planCd 00423872 / roomTypeCd 0099552),2026-12-09,sold_out,30800,0
26/09/26 11:01:33,Room (planCd 00423872 / roomTypeCd 0099552),2026-12-10,sold_out,30800,0
26/09/26 11:01:33,Room (planCd 00423872 / roomTypeCd 0099552),2026-12-11,sold_out,30800,0
26/09/26 11:01:33,Room (planCd 00423872 / roomTypeCd 0099552),2026-12-12,sold_out,35200,0
26/09/26 11:01:33,Room (planCd 00423872 / roomTypeCd 0099552),2026-12-13,sold_out,30800,0
26/09/26 11:01:33,Room (planCd 00423872 / roomTypeCd 0099552),2026-12-14,sold_out,30800,0
26/09/26 11:01:33,Room (planCd 00423872 / roomTypeCd 0099552),2026-12-15,sold_out,30800,0
26/09/26 11:01:33,Room (planCd 00423872 / roomTypeCd 0099552),2026-12-16,sold_out,30800,0
26/09/26 11:01:33,Room (planCd 00423872 / roomTypeCd 0099552),2026-12-17,sold_out,30800,0
26/09/26 11:01:33,Room (planCd 00423872 / roomTypeCd 0099552),2026-12-18,sold_out,30800,0
26/09/26 11:01:33,Room (planCd 00423872 / roomTypeCd 0099552),2026-12-19,sold_out,35200,0
26/09/26 11:01:33,Room (planCd 00423872 / roomTypeCd 0099552),2026-12-20,sold_out,30800,0
26/09/26 11:01:33,Room (planCd 00423872 / roomTypeCd 0099552),2026-12-21,sold_out,30800,0
26/09/26 11:01:33,Room (planCd 00423872 / roomTypeCd 0099552),2026-12-22,sold_out,30800,0
26/09/26 11:01:33,Room (planCd 00423872 / roomTypeCd 0099552),2026-12-23,sold_out,30800,0
26/09/26 11:01:33,Room (planCd 00423872 / roomTypeCd 0099552),2026-12-24,sold_out,30800,0
26/09/26 11:01:33,Room (planCd 00423872 / roomTypeCd 0099552),2026-12-25,sold_out,30800,0
26/09/26 11:01:33,Room (planCd 00423872 / roomTypeCd 0099552),2026-12-26,sold_out,39600,0
26/09/26 11:01:33,Room (planCd 00423872 / roomTypeCd 0099552),2026-12-27,sold_out,39600,0
26/09/26 11:01:33,Room (planCd 00423872 / roomTypeCd 0099552),2026-12-28,sold_out,39600,0
26/09/26 11:01:33,Room (planCd 00423872 / roomTypeCd 0099552),2026-12-29,sold_out,39600,0
26/09/26 11:01:33,Room (planCd 00423872 / roomTypeCd 0099552),2026-12-30,sold_out,39600,0
26/09/26 11:01:33,Room (planCd 00423872 / roomTypeCd 0099552),2026-12-31,sold_out,46200,0
26/09/26 12:01:35,Room (planCd 00423872 / roomTypeCd 0099552),2026-09-26,sold_out,35200,0
26/09/26 12:01:35,Room (planCd 00423872 / roomTypeCd 0099552),2026-09-27,sold_out,30800,0
26/09/26 12:01:35,Room (planCd 00423872 / roomTypeCd 0099552),2026-09-28,sold_out,30800,0
26/09/26 12:01:35,Room (planCd 00423872 / roomTypeCd 0099552),2026-09-29,sold_out,30800,0
26/09/26 12:01:35,Room (planCd 00423872 / roomTypeCd 0099552),2026-09-30,sold_out,30800,0
26/09/26 12:01:35,Room (planCd 00423872 / roomTypeCd 0099552),2026-10-01,available,30800,1
26/09/26 12:01:35,Room (planCd 00423872 / roomTypeCd 0099552),2026-10-02,sold_out,30800,0
26/09/26 12:01:35,Room (planCd 00423872 / roomTypeCd 0099552),2026-10-03,sold_out,35200,0
26/09/26 12:01:35,Room (planCd 00423872 / roomTypeCd 0099552),2026-10-04,sold_out,30800,0
26/09/26 12:01:35,Room (planCd 00423872 / roomTypeCd 0099552),2026-10-05,sold_out,30800,0
26/09/26 12:01:35,Room (planCd 00423872 / roomTypeCd 0099552),2026-10-06,sold_out,30800,0
26/09/26 12:01:35,Room (planCd 00423872 / roomTypeCd 0099552),2026-10-07,available,30800,1
26/09/26 12:01:35,Room (planCd 00423872 / roomTypeCd 0099552),2026-10-08,sold_out,30800,0
26/09/26 12:01:35,Room (planCd 00423872 / roomTypeCd 0099552),2026-10-09,sold_out,30800,0
26/09/26 12:01:35,Room (planCd 00423872 / roomTypeCd 0099552),2026-10-10,sold_out,39600,0
26/09/26 12:01:35,Room (planCd 00423872 / roomTypeCd 0099552),2026-10-11,sold_out,39600,0
26/09/26 12:01:35,Room (planCd 00423872 / roomTypeCd 0099552),2026-10-12,available,30800,1
26/09/26 12:01:35,Room (planCd 00423872 / roomTypeCd 0099552),2026-10-13,sold_out,30800,0
26/09/26 12:01:35,Room (planCd 00423872 / roomTypeCd 0099552),2026-10-14,available,30800,2
26/09/26 12:01:35,Room (planCd 00423872 / roomTypeCd 0099552),2026-10-15,sold_out,30800,0
26/09/26 12:01:35,Room (planCd 00423872 / roomTypeCd 0099552),2026-10-16,sold_out,30800,0
26/09/26 12:01:35,Room (planCd 00423872 / roomTypeCd 0099552),2026-10-17,available,35200,1
26/09/26 12:01:35,Room (planCd 00423872 / roomTypeCd 0099552),2026-10-18,sold_out,30800,0
26/09/26 12:01:35,Room (planCd 00423872 / roomTypeCd 0099552),2026-10-19,sold_out,30800,0
26/09/26 12:01:35,Room (planCd 00423872 / roomTypeCd 0099552),2026-10-20,sold_out,30800,0
26/09/26 12:01:35,Room (planCd 00423872 / roomTypeCd 0099552),2026-10-21,sold_out,30800,0
26/09/26 12:01:35,Room (planCd 00423872 / roomTypeCd 0099552),2026-10-22,sold_out,30800,0
26/09/26 12:01:35,Room (planCd 00423872 / roomTypeCd 0099552),2026-10-23,sold_out,30800,0
26/09/26 12:01:35,Room (planCd 00423872 / roomTypeCd 0099552),2026-10-24,sold_out,35200,0
26/09/26 12:01:35,Room (planCd 00423872 / roomTypeCd 0099552),2026-10-25,sold_out,30800,0
26/09/26 12:01:35,Room (planCd 00423872 / roomTypeCd 0099552),2026-10-26,sold_out,30800,0
26/09/26 12:01:35,Room (planCd 00423872 / roomTypeCd 0099552),2026-10-27,sold_out,30800,0
26/09/26 12:01:35,Room (planCd 00423872 / roomTypeCd 0099552),2026-10-28,sold_out,30800,0
26/09/26 12:01:35,Room (planCd 00423872 / roomTypeCd 0099552),2026-10-29,sold_out,30800,0
26/09/26 12:01:35,Room (planCd 00423872 / roomTypeCd 0099552),2026-10-30,sold_out,30800,0
26/09/26 12:01:35,Room (planCd 00423872 / roomTypeCd 0099552),2026-10-31,sold_out,35200,0
26/09/26 12:01:35,Room (planCd 00423872 / roomTypeCd 0099552),2026-11-01,sold_out,30800,0
26/09/26 12:01:35,Room (planCd 00423872 / roomTypeCd 0099552),2026-11-02,sold_out,30800,0
26/09/26 12:01:35,Room (planCd 00423872 / roomTypeCd 0099552),2026-11-03,sold_out,30800,0
26/09/26 12:01:35,Room (planCd 00423872 / roomTypeCd 0099552),2026-11-04,sold_out,30800,0
26/09/26 12:01:35,Room (planCd 00423872 / roomTypeCd 0099552),2026-11-05,sold_out,30800,0
26/09/26 12:01:35,Room (planCd 00423872 / roomTypeCd 0099552),2026-11-06,sold_out,30800,0
26/09/26 12:01:35,Room (planCd 00423872 / roomTypeCd 0099552),2026-11-07,sold_out,35200,0
26/09/26 12:01:35,Room (planCd 00423872 / roomTypeCd 0099552),2026-11-08,sold_out,30800,0
26/09/26 12:01:35,Room (planCd 00423872 / roomTypeCd 0099552),2026-11-09,sold_out,30800,0
26/09/26 12:01:35,Room (planCd 00423872 / roomTypeCd 0099552),2026-11-10,sold_out,30800,0
26/09/26 12:01:35,Room (planCd 00423872 / roomTypeCd 0099552),2026-11-11,sold_out,30800,0
26/09/26 12:01:35,Room (planCd 00423872 / roomTypeCd 0099552),2026-11-12,sold_out,30800,0
26/09/26 12:01:35,Room (planCd 00423872 / roomTypeCd 0099552),2026-11-13,sold_out,30800,0
26/09/26 12:01:35,Room (planCd 00423872 / roomTypeCd 0099552),2026-11-14,sold_out,35200,0
26/09/26 12:01:35,Room (planCd 00423872 / roomTypeCd 0099552),2026-11-15,sold_out,30800,0
26/09/26 12:01:35,Room (planCd 00423872 / roomTypeCd 0099552),2026-11-16,sold_out,30800,0
26/09/26 12:01:35,Room (planCd 00423872 / roomTypeCd 0099552),2026-11-17,sold_out,30800,0
26/09/26 12:01:35,Room (planCd 00423872 / roomTypeCd 0099552),2026-11-18,sold_out,30800,0
26/09/26 12:01:35,Room (planCd 00423872 / roomTypeCd 0099552),2026-11-19,sold_out,30800,0
26/09/26 12:01:35,Room (planCd 00423872 / roomTypeCd 0099552),2026-11-20,sold_out,30800,0
26/09/26 12:01:35,Room (planCd 00423872 / roomTypeCd 0099552),2026-11-21,sold_out,39600,0
26/09/26 12:01:35,Room (planCd 00423872 / roomTypeCd 0099552),2026-11-22,sold_out,39600,0
26/09/26 12:01:35,Room (planCd 00423872 / roomTypeCd 0099552),2026-11-23,sold_out,30800,0
26/09/26 12:01:35,Room (planCd 00423872 / roomTypeCd 0099552),2026-11-24,sold_out,30800,0
26/09/26 12:01:35,Room (planCd 00423872 / roomTypeCd 0099552),2026-11-25,sold_out,30800,0
26/09/26 12:01:35,Room (planCd 00423872 / roomTypeCd 0099552),2026-11-26,sold_out,30800,0
26/09/26 12:01:35,Room (planCd 00423872 / roomTypeCd 0099552),2026-11-27,sold_out,30800,0
26/09/26 12:01:35,Room (planCd 00423872 / roomTypeCd 0099552),2026-11-28,sold_out,35200,0
26/09/26 12:01:35,Room (planCd 00423872 / roomTypeCd 0099552),2026-11-29,sold_out,30800,0
26/09/26 12:01:35,Room (planCd 00423872 / roomTypeCd 0099552),2026-11-30,sold_out,30800,0
26/09/26 12:01:35,Room (planCd 00423872 / roomTypeCd 0099552),2026-12-01,sold_out,30800,0
26/09/26 12:01:35,Room (planCd 00423872 / roomTypeCd 0099552),2026-12-02,sold_out,30800,0
26/09/26 12:01:35,Room (planCd 00423872 / roomTypeCd 0099552),2026-12-03,sold_out,30800,0
26/09/26 12:01:35,Room (planCd 00423872 / roomTypeCd 0099552),2026-12-04,sold_out,30800,0
26/09/26 12:01:35,Room (planCd 00423872 / roomTypeCd 0099552),2026-12-05,sold_out,35200,0
26/09/26 12:01:35,Room (planCd 00423872 / roomTypeCd 0099552),2026-12-06,sold_out,30800,0
26/09/26 12:01:35,Room (planCd 00423872 / roomTypeCd 0099552),2026-12-07,sold_out,30800,0
26/09/26 12:01:35,Room (planCd 00423872 / roomTypeCd 0099552),2026-12-08,sold_out,30800,0
26/09/26 12:01:35,Room (planCd 00423872 / roomTypeCd 0099552),2026-12-09,sold_out,30800,0
26/09/26 12:01:35,Room (planCd 00423872 / roomTypeCd 0099552),2026-12-10,sold_out,30800,0
26/09/26 12:01:35,Room (planCd 00423872 / roomTypeCd 0099552),2026-12-11,sold_out,30800,0
26/09/26 12:01:35,Room (planCd 00423872 / roomTypeCd 0099552),2026-12-12,sold_out,35200,0
26/09/26 12:01:35,Room (planCd 00423872 / roomTypeCd 0099552),2026-12-13,sold_out,30800,0
26/09/26 12:01:35,Room (planCd 00423872 / roomTypeCd 0099552),2026-12-14,sold_out,30800,0
26/09/26 12:01:35,Room (planCd 00423872 / roomTypeCd 0099552),2026-12-15,sold_out,30800,0
26/09/26 12:01:35,Room (planCd 00423872 / roomTypeCd 0099552),2026-12-16,sold_out,30800,0
26/09/26 12:01:35,Room (planCd 00423872 / roomTypeCd 0099552),2026-12-17,sold_out,30800,0
26/09/26 12:01:35,Room (planCd 00423872 / roomTypeCd 0099552),2026-12-18,sold_out,30800,0
26/09/26 12:01:35,Room (planCd 00423872 / roomTypeCd 0099552),2026-12-19,sold_out,35200,0
26/09/26 12:01:35,Room (planCd 00423872 / roomTypeCd 0099552),2026-12-20,sold_out,30800,0
26/09/26 12:01:35,Room (planCd 00423872 / roomTypeCd 0099552),2026-12-21,sold_out,30800,0
26/09/26 12:01:35,Room (planCd 00423872 / roomTypeCd 0099552),2026-12-22,sold_out,30800,0
26/09/26 12:01:35,Room (planCd 00423872 / roomTypeCd 0099552),2026-12-23,sold_out,30800,0
26/09/26 12:01:35,Room (planCd 00423872 / roomTypeCd 0099552),2026-12-24,sold_out,30800,0
26/09/26 12:01:35,Room (planCd 00423872 / roomTypeCd 0099552),2026-12-25,sold_out,30800,0
26/09/26 12:01:35,Room (planCd 00423872 / roomTypeCd 0099552),2026-12-26,sold_out,39600,0
26/09/26 12:01:35,Room (planCd 00423872 / roomTypeCd 0099552),2026-12-27,sold_out,39600,0
26/09/26 12:01:35,Room (planCd 00423872 / roomTypeCd 0099552),2026-12-28,sold_out,39600,0
26/09/26 12:01:35,Room (planCd 00423872 / roomTypeCd 0099552),2026-12-29,sold_out,39600,0
26/09/26 12:01:35,Room (planCd 00423872 / roomTypeCd 0099552),2026-12-30,sold_out,39600,0
26/09/26 12:01:35,Room (planCd 00423872 / roomTypeCd 0099552),2026-12-31,sold_out,46200,0
26/09/26 12:43:57,Room (planCd 00423872 / roomTypeCd 0099552),2026-09-26,sold_out,35200,0
26/09/26 12:43:57,Room (planCd 00423872 / roomTypeCd 0099552),2026-09-27,sold_out,30800,0
26/09/26 12:43:57,Room (planCd 00423872 / roomTypeCd 0099552),2026-09-28,sold_out,30800,0
26/09/26 12:43:57,Room (planCd 00423872 / roomTypeCd 0099552),2026-09-29,sold_out,30800,0
26/09/26 12:43:57,Room (planCd 00423872 / roomTypeCd 0099552),2026-09-30,sold_out,30800,0
26/09/26 12:43:57,Room (planCd 00423872 / roomTypeCd 0099552),2026-10-01,available,30800,1
26/09/26 12:43:57,Room (planCd 00423872 / roomTypeCd 0099552),2026-10-02,sold_out,30800,0
26/09/26 12:43:57,Room (planCd 00423872 / roomTypeCd 0099552),2026-10-03,sold_out,35200,0
26/09/26 12:43:57,Room (planCd 00423872 / roomTypeCd 0099552),2026-10-04,sold_out,30800,0
26/09/26 12:43:57,Room (planCd 00423872 / roomTypeCd 0099552),2026-10-05,sold_out,30800,0
26/09/26 12:43:57,Room (planCd 00423872 / roomTypeCd 0099552),2026-10-06,sold_out,30800,0
26/09/26 12:43:57,Room (planCd 00423872 / roomTypeCd 0099552),2026-10-07,available,30800,1
26/09/26 12:43:57,Room (planCd 00423872 / roomTypeCd 0099552),2026-10-08,sold_out,30800,0
26/09/26 12:43:57,Room (planCd 00423872 / roomTypeCd 0099552),2026-10-09,sold_out,30800,0
26/09/26 12:43:57,Room (planCd 00423872 / roomTypeCd 0099552),2026-10-10,sold_out,39600,0
26/09/26 12:43:57,Room (planCd 00423872 / roomTypeCd 0099552),2026-10-11,sold_out,39600,0
26/09/26 12:43:57,Room (planCd 00423872 / roomTypeCd 0099552),2026-10-12,available,30800,1
26/09/26 12:43:57,Room (planCd 00423872 / roomTypeCd 0099552),2026-10-13,sold_out,30800,0
26/09/26 12:43:57,Room (planCd 00423872 / roomTypeCd 0099552),2026-10-14,available,30800,2
26/09/26 12:43:57,Room (planCd 00423872 / roomTypeCd 0099552),2026-10-15,sold_out,30800,0
26/09/26 12:43:57,Room (planCd 00423872 / roomTypeCd 0099552),2026-10-16,sold_out,30800,0
26/09/26 12:43:57,Room (planCd 00423872 / roomTypeCd 0099552),2026-10-17,available,35200,1
26/09/26 12:43:57,Room (planCd 00423872 / roomTypeCd 0099552),2026-10-18,sold_out,30800,0
26/09/26 12:43:57,Room (planCd 00423872 / roomTypeCd 0099552),2026-10-19,sold_out,30800,0
26/09/26 12:43:57,Room (planCd 00423872 / roomTypeCd 0099552),2026-10-20,sold_out,30800,0
26/09/26 12:43:57,Room (planCd 00423872 / roomTypeCd 0099552),2026-10-21,sold_out,30800,0
26/09/26 12:43:57,Room (planCd 00423872 / roomTypeCd 0099552),2026-10-22,sold_out,30800,0
26/09/26 12:43:57,Room (planCd 00423872 / roomTypeCd 0099552),2026-10-23,sold_out,30800,0
26/09/26 12:43:57,Room (planCd 00423872 / roomTypeCd 0099552),2026-10-24,sold_out,35200,0
26/09/26 12:43:57,Room (planCd 00423872 / roomTypeCd 0099552),2026-10-25,sold_out,30800,0
26/09/26 12:43:57,Room (planCd 00423872 / roomTypeCd 0099552),2026-10-26,sold_out,30800,0
26/09/26 12:43:57,Room (planCd 00423872 / roomTypeCd 0099552),2026-10-27,sold_out,30800,0
26/09/26 12:43:57,Room (planCd 00423872 / roomTypeCd 0099552),2026-10-28,sold_out,30800,0
26/09/26 12:43:57,Room (planCd 00423872 / roomTypeCd 0099552),2026-10-29,sold_out,30800,0
26/09/26 12:43:57,Room (planCd 00423872 / roomTypeCd 0099552),2026-10-30,sold_out,30800,0
26/09/26 12:43:57,Room (planCd 00423872 / roomTypeCd 0099552),2026-10-31,sold_out,35200,0
26/09/26 12:43:57,Room (planCd 00423872 / roomTypeCd 0099552),2026-11-01,sold_out,30800,0
26/09/26 12:43:57,Room (planCd 00423872 / roomTypeCd 0099552),2026-11-02,sold_out,30800,0
26/09/26 12:43:57,Room (planCd 00423872 / roomTypeCd 0099552),2026-11-03,sold_out,30800,0
26/09/26 12:43:57,Room (planCd 00423872 / roomTypeCd 0099552),2026-11-04,sold_out,30800,0
26/09/26 12:43:57,Room (planCd 00423872 / roomTypeCd 0099552),2026-11-05,sold_out,30800,0
26/09/26 12:43:57,Room (planCd 00423872 / roomTypeCd 0099552),2026-11-06,sold_out,30800,0
26/09/26 12:43:57,Room (planCd 00423872 / roomTypeCd 0099552),2026-11-07,sold_out,35200,0
26/09/26 12:43:57,Room (planCd 00423872 / roomTypeCd 0099552),2026-11-08,sold_out,30800,0
26/09/26 12:43:57,Room (planCd 00423872 / roomTypeCd 0099552),2026-11-09,sold_out,30800,0
26/09/26 12:43:57,Room (planCd 00423872 / roomTypeCd 0099552),2026-11-10,sold_out,30800,0
26/09/26 12:43:57,Room (planCd 00423872 / roomTypeCd 0099552),2026-11-11,sold_out,30800,0
26/09/26 12:43:57,Room (planCd 00423872 / roomTypeCd 0099552),2026-11-12,sold_out,30800,0
26/09/26 12:43:57,Room (planCd 00423872 / roomTypeCd 0099552),2026-11-13,sold_out,30800,0
26/09/26 12:43:57,Room (planCd 00423872 / roomTypeCd 0099552),2026-11-14,sold_out,35200,0
26/09/26 12:43:57,Room (planCd 00423872 / roomTypeCd 0099552),2026-11-15,sold_out,30800,0
26/09/26 12:43:57,Room (planCd 00423872 / roomTypeCd 0099552),2026-11-16,sold_out,30800,0
26/09/26 12:43:57,Room (planCd 00423872 / roomTypeCd 0099552),2026-11-17,sold_out,30800,0
26/09/26 12:43:57,Room (planCd 00423872 / roomTypeCd 0099552),2026-11-18,sold_out,30800,0
26/09/26 12:43:57,Room (planCd 00423872 / roomTypeCd 0099552),2026-11-19,sold_out,30800,0
26/09/26 12:43:57,Room (planCd 00423872 / roomTypeCd 0099552),2026-11-20,sold_out,30800,0
26/09/26 12:43:57,Room (planCd 00423872 / roomTypeCd 0099552),2026-11-21,sold_out,39600,0
26/09/26 12:43:57,Room (planCd 00423872 / roomTypeCd 0099552),2026-11-22,sold_out,39600,0
26/09/26 12:43:57,Room (planCd 00423872 / roomTypeCd 0099552),2026-11-23,sold_out,30800,0
26/09/26 12:43:57,Room (planCd 00423872 / roomTypeCd 0099552),2026-11-24,sold_out,30800,0
26/09/26 12:43:57,Room (planCd 00423872 / roomTypeCd 0099552),2026-11-25,sold_out,30800,0
26/09/26 12:43:57,Room (planCd 00423872 / roomTypeCd 0099552),2026-11-26,sold_out,30800,0
26/09/26 12:43:57,Room (planCd 00423872 / roomTypeCd 0099552),2026-11-27,sold_out,30800,0
26/09/26 12:43:57,Room (planCd 00423872 / roomTypeCd 0099552),2026-11-28,sold_out,35200,0
26/09/26 12:43:57,Room (planCd 00423872 / roomTypeCd 0099552),2026-11-29,sold_out,30800,0
26/09/26 12:43:57,Room (planCd 00423872 / roomTypeCd 0099552),2026-11-30,sold_out,30800,0
26/09/26 12:43:57,Room (planCd 00423872 / roomTypeCd 0099552),2026-12-01,sold_out,30800,0
26/09/26 12:43:57,Room (planCd 00423872 / roomTypeCd 0099552),2026-12-02,sold_out,30800,0
26/09/26 12:43:57,Room (planCd 00423872 / roomTypeCd 0099552),2026-12-03,sold_out,30800,0
26/09/26 12:43:57,Room (planCd 00423872 / roomTypeCd 0099552),2026-12-04,sold_out,30800,0
26/09/26 12:43:57,Room (planCd 00423872 / roomTypeCd 0099552),2026-12-05,sold_out,35200,0
26/09/26 12:43:57,Room (planCd 00423872 / roomTypeCd 0099552),2026-12-06,sold_out,30800,0
26/09/26 12:43:57,Room (planCd 00423872 / roomTypeCd 0099552),2026-12-07,sold_out,30800,0
26/09/26 12:43:57,Room (planCd 00423872 / roomTypeCd 0099552),2026-12-08,sold_out,30800,0
26/09/26 12:43:57,Room (planCd 00423872 / roomTypeCd 0099552),2026-12-09,sold_out,30800,0
26/09/26 12:43:57,Room (planCd 00423872 / roomTypeCd 0099552),2026-12-10,sold_out,30800,0
26/09/26 12:43:57,Room (planCd 00423872 / roomTypeCd 0099552),2026-12-11,sold_out,30800,0
26/09/26 12:43:57,Room (planCd 00423872 / roomTypeCd 0099552),2026-12-12,sold_out,35200,0
26/09/26 12:43:57,Room (planCd 00423872 / roomTypeCd 0099552),2026-12-13,sold_out,30800,0
26/09/26 12:43:57,Room (planCd 00423872 / roomTypeCd 0099552),2026-12-14,sold_out,30800,0
26/09/26 12:43:57,Room (planCd 00423872 / roomTypeCd 0099552),2026-12-15,sold_out,30800,0
26/09/26 12:43:57,Room (planCd 00423872 / roomTypeCd 0099552),2026-12-16,sold_out,30800,0
26/09/26 12:43:57,Room (planCd 00423872 / roomTypeCd 0099552),2026-12-17,sold_out,30800,0
26/09/26 12:43:57,Room (planCd 00423872 / roomTypeCd 0099552),2026-12-18,sold_out,30800,0
26/09/26 12:43:57,Room (planCd 00423872 / roomTypeCd 0099552),2026-12-19,sold_out,35200,0
26/09/26 12:43:57,Room (planCd 00423872 / roomTypeCd 0099552),2026-12-20,sold_out,30800,0
26/09/26 12:43:57,Room (planCd 00423872 / roomTypeCd 0099552),2026-12-21,sold_out,30800,0
26/09/26 12:43:57,Room (planCd 00423872 / roomTypeCd 0099552),2026-12-22,sold_out,30800,0
26/09/26 12:43:57,Room (planCd 00423872 / roomTypeCd 0099552),2026-12-23,sold_out,30800,0
26/09/26 12:43:57,Room (planCd 00423872 / roomTypeCd 0099552),2026-12-24,sold_out,30800,0
26/09/26 12:43:57,Room (planCd 00423872 / roomTypeCd 0099552),2026-12-25,sold_out,30800,0
26/09/26 12:43:57,Room (planCd 00423872 / roomTypeCd 0099552),2026-12-26,sold_out,39600,0
26/09/26 12:43:57,Room (planCd 00423872 / roomTypeCd 0099552),2026-12-27,sold_out,39600,0
26/09/26 12:43:57,Room (planCd 00423872 / roomTypeCd 0099552),2026-12-28,sold_out,39600,0
26/09/26 12:43:57,Room (planCd 00423872 / roomTypeCd 0099552),2026-12-29,sold_out,39600,0
26/09/26 12:43:57,Room (planCd 00423872 / roomTypeCd 0099552),2026-12-30,sold_out,39600,0
26/09/26 12:43:57,Room (planCd 00423872 / roomTypeCd 0099552),2026-12-31,sold_out,46200,0
26/09/26 13:01:27,Room (planCd 00423872 / roomTypeCd 0099552),2026-09-26,sold_out,35200,0
26/09/26 13:01:27,Room (planCd 00423872 / roomTypeCd 0099552),2026-09-27,sold_out,30800,0
26/09/26 13:01:27,Room (planCd 00423872 / roomTypeCd 0099552),2026-09-28,sold_out,30800,0
26/09/26 13:01:27,Room (planCd 00423872 / roomTypeCd 0099552),2026-09-29,sold_out,30800,0
26/09/26 13:01:27,Room (planCd 00423872 / roomTypeCd 0099552),2026-09-30,sold_out,30800,0
26/09/26 13:01:27,Room (planCd 00423872 / roomTypeCd 0099552),2026-10-01,available,30800,1
26/09/26 13:01:27,Room (planCd 00423872 / roomTypeCd 0099552),2026-10-02,sold_out,30800,0
26/09/26 13:01:27,Room (planCd 00423872 / roomTypeCd 0099552),2026-10-03,sold_out,35200,0
26/09/26 13:01:27,Room (planCd 00423872 / roomTypeCd 0099552),2026-10-04,sold_out,30800,0
26/09/26 13:01:27,Room (planCd 00423872 / roomTypeCd 0099552),2026-10-05,sold_out,30800,0
26/09/26 13:01:27,Room (planCd 00423872 / roomTypeCd 0099552),2026-10-06,sold_out,30800,0
26/09/26 13:01:27,Room (planCd 00423872 / roomTypeCd 0099552),2026-10-07,available,30800,1
26/09/26 13:01:27,Room (planCd 00423872 / roomTypeCd 0099552),2026-10-08,sold_out,30800,0
26/09/26 13:01:27,Room (planCd 00423872 / roomTypeCd 0099552),2026-10-09,sold_out,30800,0
26/09/26 13:01:27,Room (planCd 00423872 / roomTypeCd 0099552),2026-10-10,sold_out,39600,0
26/09/26 13:01:27,Room (planCd 00423872 / roomTypeCd 0099552),2026-10-11,sold_out,39600,0
26/09/26 13:01:27,Room (planCd 00423872 / roomTypeCd 0099552),2026-10-12,available,30800,1
26/09/26 13:01:27,Room (planCd 00423872 / roomTypeCd 0099552),2026-10-13,sold_out,30800,0
26/09/26 13:01:27,Room (planCd 00423872 / roomTypeCd 0099552),2026-10-14,available,30800,2
26/09/26 13:01:27,Room (planCd 00423872 / roomTypeCd 0099552),2026-10-15,sold_out,30800,0
26/09/26 13:01:27,Room (planCd 00423872 / roomTypeCd 0099552),2026-10-16,sold_out,30800,0
26/09/26 13:01:27,Room (planCd 00423872 / roomTypeCd 0099552),2026-10-17,available,35200,1
26/09/26 13:01:27,Room (planCd 00423872 / roomTypeCd 0099552),2026-10-18,sold_out,30800,0
26/09/26 13:01:27,Room (planCd 00423872 / roomTypeCd 0099552),2026-10-19,sold_out,30800,0
26/09/26 13:01:27,Room (planCd 00423872 / roomTypeCd 0099552),2026-10-20,sold_out,30800,0
26/09/26 13:01:27,Room (planCd 00423872 / roomTypeCd 0099552),2026-10-21,sold_out,30800,0
26/09/26 13:01:27,Room (planCd 00423872 / roomTypeCd 0099552),2026-10-22,sold_out,30800,0
26/09/26 13:01:27,Room (planCd 00423872 / roomTypeCd 0099552),2026-10-23,sold_out,30800,0
26/09/26 13:01:27,Room (planCd 00423872 / roomTypeCd 0099552),2026-10-24,sold_out,35200,0
26/09/26 13:01:27,Room (planCd 00423872 / roomTypeCd 0099552),2026-10-25,sold_out,30800,0
26/09/26 13:01:27,Room (planCd 00423872 / roomTypeCd 0099552),2026-10-26,sold_out,30800,0
26/09/26 13:01:27,Room (planCd 00423872 / roomTypeCd 0099552),2026-10-27,sold_out,30800,0
26/09/26 13:01:27,Room (planCd 00423872 / roomTypeCd 0099552),2026-10-28,sold_out,30800,0
26/09/26 13:01:27,Room (planCd 00423872 / roomTypeCd 0099552),2026-10-29,sold_out,30800,0
26/09/26 13:01:27,Room (planCd 00423872 / roomTypeCd 0099552),2026-10-30,sold_out,30800,0
26/09/26 13:01:27,Room (planCd 00423872 / roomTypeCd 0099552),2026-10-31,sold_out,35200,0
26/09/26 13:01:27,Room (planCd 00423872 / roomTypeCd 0099552),2026-11-01,sold_out,30800,0
26/09/26 13:01:27,Room (planCd 00423872 / roomTypeCd 0099552),2026-11-02,sold_out,30800,0
26/09/26 13:01:27,Room (planCd 00423872 / roomTypeCd 0099552),2026-11-03,sold_out,30800,0
26/09/26 13:01:27,Room (planCd 00423872 / roomTypeCd 0099552),2026-11-04,sold_out,30800,0
26/09/26 13:01:27,Room (planCd 00423872 / roomTypeCd 0099552),2026-11-05,sold_out,30800,0
26/09/26 13:01:27,Room (planCd 00423872 / roomTypeCd 0099552),2026-11-06,sold_out,30800,0
26/09/26 13:01:27,Room (planCd 00423872 / roomTypeCd 0099552),2026-11-07,sold_out,35200,0
26/09/26 13:01:27,Room (planCd 00423872 / roomTypeCd 0099552),2026-11-08,sold_out,30800,0
26/09/26 13:01:27,Room (planCd 00423872 / roomTypeCd 0099552),2026-11-09,sold_out,30800,0
26/09/26 13:01:27,Room (planCd 00423872 / roomTypeCd 0099552),2026-11-10,sold_out,30800,0
26/09/26 13:01:27,Room (planCd 00423872 / roomTypeCd 0099552),2026-11-11,sold_out,30800,0
26/09/26 13:01:27,Room (planCd 00423872 / roomTypeCd 0099552),2026-11-12,sold_out,30800,0
26/09/26 13:01:27,Room (planCd 00423872 / roomTypeCd 0099552),2026-11-13,sold_out,30800,0
26/09/26 13:01:27,Room (planCd 00423872 / roomTypeCd 0099552),2026-11-14,sold_out,35200,0
26/09/26 13:01:27,Room (planCd 00423872 / roomTypeCd 0099552),2026-11-15,sold_out,30800,0
26/09/26 13:01:27,Room (planCd 00423872 / roomTypeCd 0099552),2026-11-16,sold_out,30800,0
26/09/26 13:01:27,Room (planCd 00423872 / roomTypeCd 0099552),2026-11-17,sold_out,30800,0
26/09/26 13:01:27,Room (planCd 00423872 / roomTypeCd 0099552),2026-11-18,sold_out,30800,0
26/09/26 13:01:27,Room (planCd 00423872 / roomTypeCd 0099552),2026-11-19,sold_out,30800,0
26/09/26 13:01:27,Room (planCd 00423872 / roomTypeCd 0099552),2026-11-20,sold_out,30800,0
26/09/26 13:01:27,Room (planCd 00423872 / roomTypeCd 0099552),2026-11-21,sold_out,39600,0
26/09/26 13:01:27,Room (planCd 00423872 / roomTypeCd 0099552),2026-11-22,sold_out,39600,0
26/09/26 13:01:27,Room (planCd 00423872 / roomTypeCd 0099552),2026-11-23,sold_out,30800,0
26/09/26 13:01:27,Room (planCd 00423872 / roomTypeCd 0099552),2026-11-24,sold_out,30800,0
26/09/26 13:01:27,Room (planCd 00423872 / roomTypeCd 0099552),2026-11-25,sold_out,30800,0
26/09/26 13:01:27,Room (planCd 00423872 / roomTypeCd 0099552),2026-11-26,sold_out,30800,0
26/09/26 13:01:27,Room (planCd 00423872 / roomTypeCd 0099552),2026-11-27,sold_out,30800,0
26/09/26 13:01:27,Room (planCd 00423872 / roomTypeCd 0099552),2026-11-28,sold_out,35200,0
26/09/26 13:01:27,Room (planCd 00423872 / roomTypeCd 0099552),2026-11-29,sold_out,30800,0
26/09/26 13:01:27,Room (planCd 00423872 / roomTypeCd 0099552),2026-11-30,sold_out,30800,0
26/09/26 13:01:27,Room (planCd 00423872 / roomTypeCd 0099552),2026-12-01,sold_out,30800,0
26/09/26 13:01:27,Room (planCd 00423872 / roomTypeCd 0099552),2026-12-02,sold_out,30800,0
26/09/26 13:01:27,Room (planCd 00423872 / roomTypeCd 0099552),2026-12-03,sold_out,30800,0
26/09/26 13:01:27,Room (planCd 00423872 / roomTypeCd 0099552),2026-12-04,sold_out,30800,0
26/09/26 13:01:27,Room (planCd 00423872 / roomTypeCd 0099552),2026-12-05,sold_out,35200,0
26/09/26 13:01:27,Room (planCd 00423872 / roomTypeCd 0099552),2026-12-06,sold_out,30800,0
26/09/26 13:01:27,Room (planCd 00423872 / roomTypeCd 0099552),2026-12-07,sold_out,30800,0
26/09/26 13:01:27,Room (planCd 00423872 / roomTypeCd 0099552),2026-12-08,sold_out,30800,0
26/09/26 13:01:27,Room (planCd 00423872 / roomTypeCd 0099552),2026-12-09,sold_out,30800,0
26/09/26 13:01:27,Room (planCd 00423872 / roomTypeCd 0099552),2026-12-10,sold_out,30800,0
26/09/26 13:01:27,Room (planCd 00423872 / roomTypeCd 0099552),2026-12-11,sold_out,30800,0
26/09/26 13:01:27,Room (planCd 00423872 / roomTypeCd 0099552),2026-12-12,sold_out,35200,0
26/09/26 13:01:27,Room (planCd 00423872 / roomTypeCd 0099552),2026-12-13,sold_out,30800,0
26/09/26 13:01:27,Room (planCd 00423872 / roomTypeCd 0099552),2026-12-14,sold_out,30800,0
26/09/26 13:01:27,Room (planCd 00423872 / roomTypeCd 0099552),2026-12-15,sold_out,30800,0
26/09/26 13:01:27,Room (planCd 00423872 / roomTypeCd 0099552),2026-12-16,sold_out,30800,0
26/09/26 13:01:27,Room (planCd 00423872 / roomTypeCd 0099552),2026-12-17,sold_out,30800,0
26/09/26 13:01:27,Room (planCd 00423872 / roomTypeCd 0099552),2026-12-18,sold_out,30800,0
26/09/26 13:01:27,Room (planCd 00423872 / roomTypeCd 0099552),2026-12-19,sold_out,35200,0
26/09/26 13:01:27,Room (planCd 00423872 / roomTypeCd 0099552),2026-12-20,sold_out,30800,0
26/09/26 13:01:27,Room (planCd 00423872 / roomTypeCd 0099552),2026-12-21,sold_out,30800,0
26/09/26 13:01:27,Room (planCd 00423872 / roomTypeCd 0099552),2026-12-22,sold_out,30800,0
26/09/26 13:01:27,Room (planCd 00423872 / roomTypeCd 0099552),2026-12-23,sold_out,30800,0
26/09/26 13:01:27,Room (planCd 00423872 / roomTypeCd 0099552),2026-12-24,sold_out,30800,0
26/09/26 13:01:27,Room (planCd 00423872 / roomTypeCd 0099552),2026-12-25,sold_out,30800,0
26/09/26 13:01:27,Room (planCd 00423872 / roomTypeCd 0099552),2026-12-26,sold_out,39600,0
26/09/26 13:01:27,Room (planCd 00423872 / roomTypeCd 0099552),2026-12-27,sold_out,39600,0
26/09/26 13:01:27,Room (planCd 00423872 / roomTypeCd 0099552),2026-12-28,sold_out,39600,0
26/09/26 13:01:27,Room (planCd 00423872 / roomTypeCd 0099552),2026-12-29,sold_out,39600,0
26/09/26 13:01:27,Room (planCd 00423872 / roomTypeCd 0099552),2026-12-30,sold_out,39600,0
26/09/26 13:01:27,Room (planCd 00423872 / roomTypeCd 0099552),2026-12-31,sold_out,46200,0
26/09/26 14:01:35,Room (planCd 00423872 / roomTypeCd 0099552),2026-09-26,sold_out,35200,0
26/09/26 14:01:35,Room (planCd 00423872 / roomTypeCd 0099552),2026-09-27,sold_out,30800,0
26/09/26 14:01:35,Room (planCd 00423872 / roomTypeCd 0099552),2026-09-28,sold_out,30800,0
26/09/26 14:01:35,Room (planCd 00423872 / roomTypeCd 0099552),2026-09-29,sold_out,30800,0
26/09/26 14:01:35,Room (planCd 00423872 / roomTypeCd 0099552),2026-09-30,sold_out,30800,0
26/09/26 14:01:35,Room (planCd 00423872 / roomTypeCd 0099552),2026-10-01,available,30800,1
26/09/26 14:01:35,Room (planCd 00423872 / roomTypeCd 0099552),2026-10-02,sold_out,30800,0
26/09/26 14:01:35,Room (planCd 00423872 / roomTypeCd 0099552),2026-10-03,sold_out,35200,0
26/09/26 14:01:35,Room (planCd 00423872 / roomTypeCd 0099552),2026-10-04,sold_out,30800,0
26/09/26 14:01:35,Room (planCd 00423872 / roomTypeCd 0099552),2026-10-05,sold_out,30800,0
26/09/26 14:01:35,Room (planCd 00423872 / roomTypeCd 0099552),2026-10-06,sold_out,30800,0
26/09/26 14:01:35,Room (planCd 00423872 / roomTypeCd 0099552),2026-10-07,available,30800,1
26/09/26 14:01:35,Room (planCd 00423872 / roomTypeCd 0099552),2026-10-08,sold_out,30800,0
26/09/26 14:01:35,Room (planCd 00423872 / roomTypeCd 0099552),2026-10-09,sold_out,30800,0
26/09/26 14:01:35,Room (planCd 00423872 / roomTypeCd 0099552),2026-10-10,sold_out,39600,0
26/09/26 14:01:35,Room (planCd 00423872 / roomTypeCd 0099552),2026-10-11,sold_out,39600,0
26/09/26 14:01:35,Room (planCd 00423872 / roomTypeCd 0099552),2026-10-12,available,30800,1
26/09/26 14:01:35,Room (planCd 00423872 / roomTypeCd 0099552),2026-10-13,sold_out,30800,0
26/09/26 14:01:35,Room (planCd 00423872 / roomTypeCd 0099552),2026-10-14,available,30800,2
26/09/26 14:01:35,Room (planCd 00423872 / roomTypeCd 0099552),2026-10-15,sold_out,30800,0
26/09/26 14:01:35,Room (planCd 00423872 / roomTypeCd 0099552),2026-10-16,sold_out,30800,0
26/09/26 14:01:35,Room (planCd 00423872 / roomTypeCd 0099552),2026-10-17,available,35200,1
26/09/26 14:01:35,Room (planCd 00423872 / roomTypeCd 0099552),2026-10-18,sold_out,30800,0
26/09/26 14:01:35,Room (planCd 00423872 / roomTypeCd 0099552),2026-10-19,sold_out,30800,0
26/09/26 14:01:35,Room (planCd 00423872 / roomTypeCd 0099552),2026-10-20,sold_out,30800,0
26/09/26 14:01:35,Room (planCd 00423872 / roomTypeCd 0099552),2026-10-21,sold_out,30800,0
26/09/26 14:01:35,Room (planCd 00423872 / roomTypeCd 0099552),2026-10-22,sold_out,30800,0
26/09/26 14:01:35,Room (planCd 00423872 / roomTypeCd 0099552),2026-10-23,sold_out,30800,0
26/09/26 14:01:35,Room (planCd 00423872 / roomTypeCd 0099552),2026-10-24,sold_out,35200,0
26/09/26 14:01:35,Room (planCd 00423872 / roomTypeCd 0099552),2026-10-25,sold_out,30800,0
26/09/26 14:01:35,Room (planCd 00423872 / roomTypeCd 0099552),2026-10-26,sold_out,30800,0
26/09/26 14:01:35,Room (planCd 00423872 / roomTypeCd 0099552),2026-10-27,sold_out,30800,0
26/09/26 14:01:35,Room (planCd 00423872 / roomTypeCd 0099552),2026-10-28,sold_out,30800,0
26/09/26 14:01:35,Room (planCd 00423872 / roomTypeCd 0099552),2026-10-29,sold_out,30800,0
26/09/26 14:01:35,Room (planCd 00423872 / roomTypeCd 0099552),2026-10-30,sold_out,30800,0
26/09/26 14:01:35,Room (planCd 00423872 / roomTypeCd 0099552),2026-10-31,sold_out,35200,0
26/09/26 14:01:35,Room (planCd 00423872 / roomTypeCd 0099552),2026-11-01,sold_out,30800,0
26/09/26 14:01:35,Room (planCd 00423872 / roomTypeCd 0099552),2026-11-02,sold_out,30800,0
26/09/26 14:01:35,Room (planCd 00423872 / roomTypeCd 0099552),2026-11-03,sold_out,30800,0
26/09/26 14:01:35,Room (planCd 00423872 / roomTypeCd 0099552),2026-11-04,sold_out,30800,0
26/09/26 14:01:35,Room (planCd 00423872 / roomTypeCd 0099552),2026-11-05,sold_out,30800,0
26/09/26 14:01:35,Room (planCd 00423872 / roomTypeCd 0099552),2026-11-06,sold_out,30800,0
26/09/26 14:01:35,Room (planCd 00423872 / roomTypeCd 0099552),2026-11-07,sold_out,35200,0
26/09/26 14:01:35,Room (planCd 00423872 / roomTypeCd 0099552),2026-11-08,sold_out,30800,0
26/09/26 14:01:35,Room (planCd 00423872 / roomTypeCd 0099552),2026-11-09,sold_out,30800,0
26/09/26 14:01:35,Room (planCd 00423872 / roomTypeCd 0099552),2026-11-10,sold_out,30800,0
26/09/26 14:01:35,Room (planCd 00423872 / roomTypeCd 0099552),2026-11-11,sold_out,30800,0
26/09/26 14:01:35,Room (planCd 00423872 / roomTypeCd 0099552),2026-11-12,sold_out,30800,0
26/09/26 14:01:35,Room (planCd 00423872 / roomTypeCd 0099552),2026-11-13,sold_out,30800,0
26/09/26 14:01:35,Room (planCd 00423872 / roomTypeCd 0099552),2026-11-14,sold_out,35200,0
26/09/26 14:01:35,Room (planCd 00423872 / roomTypeCd 0099552),2026-11-15,sold_out,30800,0
26/09/26 14:01:35,Room (planCd 00423872 / roomTypeCd 0099552),2026-11-16,sold_out,30800,0
26/09/26 14:01:35,Room (planCd 00423872 / roomTypeCd 0099552),2026-11-17,sold_out,30800,0
26/09/26 14:01:35,Room (planCd 00423872 / roomTypeCd 0099552),2026-11-18,sold_out,30800,0
26/09/26 14:01:35,Room (planCd 00423872 / roomTypeCd 0099552),2026-11-19,sold_out,30800,0
26/09/26 14:01:35,Room (planCd 00423872 / roomTypeCd 0099552),2026-11-20,sold_out,30800,0
26/09/26 14:01:35,Room (planCd 00423872 / roomTypeCd 0099552),2026-11-21,sold_out,39600,0
26/09/26 14:01:35,Room (planCd 00423872 / roomTypeCd 0099552),2026-11-22,sold_out,39600,0
26/09/26 14:01:35,Room (planCd 00423872 / roomTypeCd 0099552),2026-11-23,sold_out,30800,0
26/09/26 14:01:35,Room (planCd 00423872 / roomTypeCd 0099552),2026-11-24,sold_out,30800,0
26/09/26 14:01:35,Room (planCd 00423872 / roomTypeCd 0099552),2026-11-25,sold_out,30800,0
26/09/26 14:01:35,Room (planCd 00423872 / roomTypeCd 0099552),2026-11-26,sold_out,30800,0
26/09/26 14:01:35,Room (planCd 00423872 / roomTypeCd 0099552),2026-11-27,sold_out,30800,0
26/09/26 14:01:35,Room (planCd 00423872 / roomTypeCd 0099552),2026-11-28,sold_out,35200,0
26/09/26 14:01:35,Room (planCd 00423872 / roomTypeCd 0099552),2026-11-29,sold_out,30800,0
26/09/26 14:01:35,Room (planCd 00423872 / roomTypeCd 0099552),2026-11-30,sold_out,30800,0
26/09/26 14:01:35,Room (planCd 00423872 / roomTypeCd 0099552),2026-12-01,sold_out,30800,0
26/09/26 14:01:35,Room (planCd 00423872 / roomTypeCd 0099552),2026-12-02,sold_out,30800,0
26/09/26 14:01:35,Room (planCd 00423872 / roomTypeCd 0099552),2026-12-03,sold_out,30800,0
26/09/26 14:01:35,Room (planCd 00423872 / roomTypeCd 0099552),2026-12-04,sold_out,30800,0
26/09/26 14:01:35,Room (planCd 00423872 / roomTypeCd 0099552),2026-12-05,sold_out,35200,0
26/09/26 14:01:35,Room (planCd 00423872 / roomTypeCd 0099552),2026-12-06,sold_out,30800,0
26/09/26 14:01:35,Room (planCd 00423872 / roomTypeCd 0099552),2026-12-07,sold_out,30800,0
26/09/26 14:01:35,Room (planCd 00423872 / roomTypeCd 0099552),2026-12-08,sold_out,30800,0
26/09/26 14:01:35,Room (planCd 00423872 / roomTypeCd 0099552),2026-12-09,sold_out,30800,0
26/09/26 14:01:35,Room (planCd 00423872 / roomTypeCd 0099552),2026-12-10,sold_out,30800,0
26/09/26 14:01:35,Room (planCd 00423872 / roomTypeCd 0099552),2026-12-11,sold_out,30800,0
26/09/26 14:01:35,Room (planCd 00423872 / roomTypeCd 0099552),2026-12-12,sold_out,35200,0
26/09/26 14:01:35,Room (planCd 00423872 / roomTypeCd 0099552),2026-12-13,sold_out,30800,0
26/09/26 14:01:35,Room (planCd 00423872 / roomTypeCd 0099552),2026-12-14,sold_out,30800,0
26/09/26 14:01:35,Room (planCd 00423872 / roomTypeCd 0099552),2026-12-15,sold_out,30800,0
26/09/26 14:01:35,Room (planCd 00423872 / roomTypeCd 0099552),2026-12-16,sold_out,30800,0
26/09/26 14:01:35,Room (planCd 00423872 / roomTypeCd 0099552),2026-12-17,sold_out,30800,0
26/09/26 14:01:35,Room (planCd 00423872 / roomTypeCd 0099552),2026-12-18,sold_out,30800,0
26/09/26 14:01:35,Room (planCd 00423872 / roomTypeCd 0099552),2026-12-19,sold_out,35200,0
26/09/26 14:01:35,Room (planCd 00423872 / roomTypeCd 0099552),2026-12-20,sold_out,30800,0
26/09/26 14:01:35,Room (planCd 00423872 / roomTypeCd 0099552),2026-12-21,sold_out,30800,0
26/09/26 14:01:35,Room (planCd 00423872 / roomTypeCd 0099552),2026-12-22,sold_out,30800,0
26/09/26 14:01:35,Room (planCd 00423872 / roomTypeCd 0099552),2026-12-23,sold_out,30800,0
26/09/26 14:01:35,Room (planCd 00423872 / roomTypeCd 0099552),2026-12-24,sold_out,30800,0
26/09/26 14:01:35,Room (planCd 00423872 / roomTypeCd 0099552),2026-12-25,sold_out,30800,0
26/09/26 14:01:35,Room (planCd 00423872 / roomTypeCd 0099552),2026-12-26,sold_out,39600,0
26/09/26 14:01:35,Room (planCd 00423872 / roomTypeCd 0099552),2026-12-27,sold_out,39600,0
26/09/26 14:01:35,Room (planCd 00423872 / roomTypeCd 0099552),2026-12-28,sold_out,39600,0
26/09/26 14:01:35,Room (planCd 00423872 / roomTypeCd 0099552),2026-12-29,sold_out,39600,0
26/09/26 14:01:35,Room (planCd 00423872 / roomTypeCd 0099552),2026-12-30,sold_out,39600,0
26/09/26 14:01:35,Room (planCd 00423872 / roomTypeCd 0099552),2026-12-31,sold_out,46200,0
26/09/26 14:07:45,Room (planCd 00423872 / roomTypeCd 0099552),2026-09-26,sold_out,35200,0
26/09/26 14:07:45,Room (planCd 00423872 / roomTypeCd 0099552),2026-09-27,sold_out,30800,0
26/09/26 14:07:45,Room (planCd 00423872 / roomTypeCd 0099552),2026-09-28,sold_out,30800,0
26/09/26 14:07:45,Room (planCd 00423872 / roomTypeCd 0099552),2026-09-29,sold_out,30800,0
26/09/26 14:07:45,Room (planCd 00423872 / roomTypeCd 0099552),2026-09-30,sold_out,30800,0
26/09/26 14:07:45,Room (planCd 00423872 / roomTypeCd 0099552),2026-10-01,available,30800,1
26/09/26 14:07:45,Room (planCd 00423872 / roomTypeCd 0099552),2026-10-02,sold_out,30800,0
26/09/26 14:07:45,Room (planCd 00423872 / roomTypeCd 0099552),2026-10-03,sold_out,35200,0
26/09/26 14:07:45,Room (planCd 00423872 / roomTypeCd 0099552),2026-10-04,sold_out,30800,0
26/09/26 14:07:45,Room (planCd 00423872 / roomTypeCd 0099552),2026-10-05,sold_out,30800,0
26/09/26 14:07:45,Room (planCd 00423872 / roomTypeCd 0099552),2026-10-06,sold_out,30800,0
26/09/26 14:07:45,Room (planCd 00423872 / roomTypeCd 0099552),2026-10-07,available,30800,1
26/09/26 14:07:45,Room (planCd 00423872 / roomTypeCd 0099552),2026-10-08,sold_out,30800,0
26/09/26 14:07:45,Room (planCd 00423872 / roomTypeCd 0099552),2026-10-09,sold_out,30800,0
26/09/26 14:07:45,Room (planCd 00423872 / roomTypeCd 0099552),2026-10-10,sold_out,39600,0
26/09/26 14:07:45,Room (planCd 00423872 / roomTypeCd 0099552),2026-10-11,sold_out,39600,0
26/09/26 14:07:45,Room (planCd 00423872 / roomTypeCd 0099552),2026-10-12,available,30800,1
26/09/26 14:07:45,Room (planCd 00423872 / roomTypeCd 0099552),2026-10-13,sold_out,30800,0
26/09/26 14:07:45,Room (planCd 00423872 / roomTypeCd 0099552),2026-10-14,available,30800,2
26/09/26 14:07:45,Room (planCd 00423872 / roomTypeCd 0099552),2026-10-15,sold_out,30800,0
26/09/26 14:07:45,Room (planCd 00423872 / roomTypeCd 0099552),2026-10-16,sold_out,30800,0
26/09/26 14:07:45,Room (planCd 00423872 / roomTypeCd 0099552),2026-10-17,available,35200,1
26/09/26 14:07:45,Room (planCd 00423872 / roomTypeCd 0099552),2026-10-18,sold_out,30800,0
26/09/26 14:07:45,Room (planCd 00423872 / roomTypeCd 0099552),2026-10-19,sold_out,30800,0
26/09/26 14:07:45,Room (planCd 00423872 / roomTypeCd 0099552),2026-10-20,sold_out,30800,0
26/09/26 14:07:45,Room (planCd 00423872 / roomTypeCd 0099552),2026-10-21,sold_out,30800,0
26/09/26 14:07:45,Room (planCd 00423872 / roomTypeCd 0099552),2026-10-22,sold_out,30800,0
26/09/26 14:07:45,Room (planCd 00423872 / roomTypeCd 0099552),2026-10-23,sold_out,30800,0
26/09/26 14:07:45,Room (planCd 00423872 / roomTypeCd 0099552),2026-10-24,sold_out,35200,0
26/09/26 14:07:45,Room (planCd 00423872 / roomTypeCd 0099552),2026-10-25,sold_out,30800,0
26/09/26 14:07:45,Room (planCd 00423872 / roomTypeCd 0099552),2026-10-26,sold_out,30800,0
26/09/26 14:07:45,Room (planCd 00423872 / roomTypeCd 0099552),2026-10-27,sold_out,30800,0
26/09/26 14:07:45,Room (planCd 00423872 / roomTypeCd 0099552),2026-10-28,sold_out,30800,0
26/09/26 14:07:45,Room (planCd 00423872 / roomTypeCd 0099552),2026-10-29,sold_out,30800,0
26/09/26 14:07:45,Room (planCd 00423872 / roomTypeCd 0099552),2026-10-30,sold_out,30800,0
26/09/26 14:07:45,Room (planCd 00423872 / roomTypeCd 0099552),2026-10-31,sold_out,35200,0
26/09/26 14:07:45,Room (planCd 00423872 / roomTypeCd 0099552),2026-11-01,sold_out,30800,0
26/09/26 14:07:45,Room (planCd 00423872 / roomTypeCd 0099552),2026-11-02,sold_out,30800,0
26/09/26 14:07:45,Room (planCd 00423872 / roomTypeCd 0099552),2026-11-03,sold_out,30800,0
26/09/26 14:07:45,Room (planCd 00423872 / roomTypeCd 0099552),2026-11-04,sold_out,30800,0
26/09/26 14:07:45,Room (planCd 00423872 / roomTypeCd 0099552),2026-11-05,sold_out,30800,0
26/09/26 14:07:45,Room (planCd 00423872 / roomTypeCd 0099552),2026-11-06,sold_out,30800,0
26/09/26 14:07:45,Room (planCd 00423872 / roomTypeCd 0099552),2026-11-07,sold_out,35200,0
26/09/26 14:07:45,Room (planCd 00423872 / roomTypeCd 0099552),2026-11-08,sold_out,30800,0
26/09/26 14:07:45,Room (planCd 00423872 / roomTypeCd 0099552),2026-11-09,sold_out,30800,0
26/09/26 14:07:45,Room (planCd 00423872 / roomTypeCd 0099552),2026-11-10,sold_out,30800,0
26/09/26 14:07:45,Room (planCd 00423872 / roomTypeCd 0099552),2026-11-11,sold_out,30800,0
26/09/26 14:07:45,Room (planCd 00423872 / roomTypeCd 0099552),2026-11-12,sold_out,30800,0
26/09/26 14:07:45,Room (planCd 00423872 / roomTypeCd 0099552),2026-11-13,sold_out,30800,0
26/09/26 14:07:45,Room (planCd 00423872 / roomTypeCd 0099552),2026-11-14,sold_out,35200,0
26/09/26 14:07:45,Room (planCd 00423872 / roomTypeCd 0099552),2026-11-15,sold_out,30800,0
26/09/26 14:07:45,Room (planCd 00423872 / roomTypeCd 0099552),2026-11-16,sold_out,30800,0
26/09/26 14:07:45,Room (planCd 00423872 / roomTypeCd 0099552),2026-11-17,sold_out,30800,0
26/09/26 14:07:45,Room (planCd 00423872 / roomTypeCd 0099552),2026-11-18,sold_out,30800,0
26/09/26 14:07:45,Room (planCd 00423872 / roomTypeCd 0099552),2026-11-19,sold_out,30800,0
26/09/26 14:07:45,Room (planCd 00423872 / roomTypeCd 0099552),2026-11-20,sold_out,30800,0
26/09/26 14:07:45,Room (planCd 00423872 / roomTypeCd 0099552),2026-11-21,sold_out,39600,0
26/09/26 14:07:45,Room (planCd 00423872 / roomTypeCd 0099552),2026-11-22,sold_out,39600,0
26/09/26 14:07:45,Room (planCd 00423872 / roomTypeCd 0099552),2026-11-23,sold_out,30800,0
26/09/26 14:07:45,Room (planCd 00423872 / roomTypeCd 0099552),2026-11-24,sold_out,30800,0
26/09/26 14:07:45,Room (planCd 00423872 / roomTypeCd 0099552),2026-11-25,sold_out,30800,0
26/09/26 14:07:45,Room (planCd 00423872 / roomTypeCd 0099552),2026-11-26,sold_out,30800,0
26/09/26 14:07:45,Room (planCd 00423872 / roomTypeCd 0099552),2026-11-27,sold_out,30800,0
26/09/26 14:07:45,Room (planCd 00423872 / roomTypeCd 0099552),2026-11-28,sold_out,35200,0
26/09/26 14:07:45,Room (planCd 00423872 / roomTypeCd 0099552),2026-11-29,sold_out,30800,0
26/09/26 14:07:45,Room (planCd 00423872 / roomTypeCd 0099552),2026-11-30,sold_out,30800,0
26/09/26 14:07:45,Room (planCd 00423872 / roomTypeCd 0099552),2026-12-01,sold_out,30800,0
26/09/26 14:07:45,Room (planCd 00423872 / roomTypeCd 0099552),2026-12-02,sold_out,30800,0
26/09/26 14:07:45,Room (planCd 00423872 / roomTypeCd 0099552),2026-12-03,sold_out,30800,0
26/09/26 14:07:45,Room (planCd 00423872 / roomTypeCd 0099552),2026-12-04,sold_out,30800,0
26/09/26 14:07:45,Room (planCd 00423872 / roomTypeCd 0099552),2026-12-05,sold_out,35200,0
26/09/26 14:07:45,Room (planCd 00423872 / roomTypeCd 0099552),2026-12-06,sold_out,30800,0
26/09/26 14:07:45,Room (planCd 00423872 / roomTypeCd 0099552),2026-12-07,sold_out,30800,0
26/09/26 14:07:45,Room (planCd 00423872 / roomTypeCd 0099552),2026-12-08,sold_out,30800,0
26/09/26 14:07:45,Room (planCd 00423872 / roomTypeCd 0099552),2026-12-09,sold_out,30800,0
26/09/26 14:07:45,Room (planCd 00423872 / roomTypeCd 0099552),2026-12-10,sold_out,30800,0
26/09/26 14:07:45,Room (planCd 00423872 / roomTypeCd 0099552),2026-12-11,sold_out,30800,0
26/09/26 14:07:45,Room (planCd 00423872 / roomTypeCd 0099552),2026-12-12,sold_out,35200,0
26/09/26 14:07:45,Room (planCd 00423872 / roomTypeCd 0099552),2026-12-13,sold_out,30800,0
26/09/26 14:07:45,Room (planCd 00423872 / roomTypeCd 0099552),2026-12-14,sold_out,30800,0
26/09/26 14:07:45,Room (planCd 00423872 / roomTypeCd 0099552),2026-12-15,sold_out,30800,0
26/09/26 14:07:45,Room (planCd 00423872 / roomTypeCd 0099552),2026-12-16,sold_out,30800,0
26/09/26 14:07:45,Room (planCd 00423872 / roomTypeCd 0099552),2026-12-17,sold_out,30800,0
26/09/26 14:07:45,Room (planCd 00423872 / roomTypeCd 0099552),2026-12-18,sold_out,30800,0
26/09/26 14:07:45,Room (planCd 00423872 / roomTypeCd 0099552),2026-12-19,sold_out,35200,0
26/09/26 14:07:45,Room (planCd 00423872 / roomTypeCd 0099552),2026-12-20,sold_out,30800,0
26/09/26 14:07:45,Room (planCd 00423872 / roomTypeCd 0099552),2026-12-21,sold_out,30800,0
26/09/26 14:07:45,Room (planCd 00423872 / roomTypeCd 0099552),2026-12-22,sold_out,30800,0
26/09/26 14:07:45,Room (planCd 00423872 / roomTypeCd 0099552),2026-12-23,sold_out,30800,0
26/09/26 14:07:45,Room (planCd 00423872 / roomTypeCd 0099552),2026-12-24,sold_out,30800,0
26/09/26 14:07:45,Room (planCd 00423872 / roomTypeCd 0099552),2026-12-25,sold_out,30800,0
26/09/26 14:07:45,Room (planCd 00423872 / roomTypeCd 0099552),2026-12-26,sold_out,39600,0
26/09/26 14:07:45,Room (planCd 00423872 / roomTypeCd 0099552),2026-12-27,sold_out,39600,0
26/09/26 14:07:45,Room (planCd 00423872 / roomTypeCd 0099552),2026-12-28,sold_out,39600,0
26/09/26 14:07:45,Room (planCd 00423872 / roomTypeCd 0099552),2026-12-29,sold_out,39600,0
26/09/26 14:07:45,Room (planCd 00423872 / roomTypeCd 0099552),2026-12-30,sold_out,39600,0
26/09/26 14:07:45,Room (planCd 00423872 / roomTypeCd 0099552),2026-12-31,sold_out,46200,0
26/09/26 15:01:35,Room (planCd 00423872 / roomTypeCd 0099552),2026-09-26,sold_out,35200,0
26/09/26 15:01:35,Room (planCd 00423872 / roomTypeCd 0099552),2026-09-27,sold_out,30800,0
26/09/26 15:01:35,Room (planCd 00423872 / roomTypeCd 0099552),2026-09-28,sold_out,30800,0
26/09/26 15:01:35,Room (planCd 00423872 / roomTypeCd 0099552),2026-09-29,sold_out,30800,0
26/09/26 15:01:35,Room (planCd 00423872 / roomTypeCd 0099552),2026-09-30,sold_out,30800,0
26/09/26 15:01:35,Room (planCd 00423872 / roomTypeCd 0099552),2026-10-01,available,30800,1
26/09/26 15:01:35,Room (planCd 00423872 / roomTypeCd 0099552),2026-10-02,sold_out,30800,0
26/09/26 15:01:35,Room (planCd 00423872 / roomTypeCd 0099552),2026-10-03,sold_out,35200,0
26/09/26 15:01:35,Room (planCd 00423872 / roomTypeCd 0099552),2026-10-04,sold_out,30800,0
26/09/26 15:01:35,Room (planCd 00423872 / roomTypeCd 0099552),2026-10-05,sold_out,30800,0
26/09/26 15:01:35,Room (planCd 00423872 / roomTypeCd 0099552),2026-10-06,sold_out,30800,0
26/09/26 15:01:35,Room (planCd 00423872 / roomTypeCd 0099552),2026-10-07,available,30800,1
26/09/26 15:01:35,Room (planCd 00423872 / roomTypeCd 0099552),2026-10-08,sold_out,30800,0
26/09/26 15:01:35,Room (planCd 00423872 / roomTypeCd 0099552),2026-10-09,sold_out,30800,0
26/09/26 15:01:35,Room (planCd 00423872 / roomTypeCd 0099552),2026-10-10,sold_out,39600,0
26/09/26 15:01:35,Room (planCd 00423872 / roomTypeCd 0099552),2026-10-11,sold_out,39600,0
26/09/26 15:01:35,Room (planCd 00423872 / roomTypeCd 0099552),2026-10-12,available,30800,1
26/09/26 15:01:35,Room (planCd 00423872 / roomTypeCd 0099552),2026-10-13,sold_out,30800,0
26/09/26 15:01:35,Room (planCd 00423872 / roomTypeCd 0099552),2026-10-14,available,30800,2
26/09/26 15:01:35,Room (planCd 00423872 / roomTypeCd 0099552),2026-10-15,sold_out,30800,0
26/09/26 15:01:35,Room (planCd 00423872 / roomTypeCd 0099552),2026-10-16,sold_out,30800,0
26/09/26 15:01:35,Room (planCd 00423872 / roomTypeCd 0099552),2026-10-17,available,35200,1
26/09/26 15:01:35,Room (planCd 00423872 / roomTypeCd 0099552),2026-10-18,sold_out,30800,0
26/09/26 15:01:35,Room (planCd 00423872 / roomTypeCd 0099552),2026-10-19,sold_out,30800,0
26/09/26 15:01:35,Room (planCd 00423872 / roomTypeCd 0099552),2026-10-20,sold_out,30800,0
26/09/26 15:01:35,Room (planCd 00423872 / roomTypeCd 0099552),2026-10-21,sold_out,30800,0
26/09/26 15:01:35,Room (planCd 00423872 / roomTypeCd 0099552),2026-10-22,sold_out,30800,0
26/09/26 15:01:35,Room (planCd 00423872 / roomTypeCd 0099552),2026-10-23,sold_out,30800,0
26/09/26 15:01:35,Room (planCd 00423872 / roomTypeCd 0099552),2026-10-24,sold_out,35200,0
26/09/26 15:01:35,Room (planCd 00423872 / roomTypeCd 0099552),2026-10-25,sold_out,30800,0
26/09/26 15:01:35,Room (planCd 00423872 / roomTypeCd 0099552),2026-10-26,sold_out,30800,0
26/09/26 15:01:35,Room (planCd 00423872 / roomTypeCd 0099552),2026-10-27,sold_out,30800,0
26/09/26 15:01:35,Room (planCd 00423872 / roomTypeCd 0099552),2026-10-28,sold_out,30800,0
26/09/26 15:01:35,Room (planCd 00423872 / roomTypeCd 0099552),2026-10-29,sold_out,30800,0
26/09/26 15:01:35,Room (planCd 00423872 / roomTypeCd 0099552),2026-10-30,sold_out,30800,0
26/09/26 15:01:35,Room (planCd 00423872 / roomTypeCd 0099552),2026-10-31,sold_out,35200,0
26/09/26 15:01:35,Room (planCd 00423872 / roomTypeCd 0099552),2026-11-01,sold_out,30800,0
26/09/26 15:01:35,Room (planCd 00423872 / roomTypeCd 0099552),2026-11-02,sold_out,30800,0
26/09/26 15:01:35,Room (planCd 00423872 / roomTypeCd 0099552),2026-11-03,sold_out,30800,0
26/09/26 15:01:35,Room (planCd 00423872 / roomTypeCd 0099552),2026-11-04,sold_out,30800,0
26/09/26 15:01:35,Room (planCd 00423872 / roomTypeCd 0099552),2026-11-05,sold_out,30800,0
26/09/26 15:01:35,Room (planCd 00423872 / roomTypeCd 0099552),2026-11-06,sold_out,30800,0
26/09/26 15:01:35,Room (planCd 00423872 / roomTypeCd 0099552),2026-11-07,sold_out,35200,0
26/09/26 15:01:35,Room (planCd 00423872 / roomTypeCd 0099552),2026-11-08,sold_out,30800,0
26/09/26 15:01:35,Room (planCd 00423872 / roomTypeCd 0099552),2026-11-09,sold_out,30800,0
26/09/26 15:01:35,Room (planCd 00423872 / roomTypeCd 0099552),2026-11-10,sold_out,30800,0
26/09/26 15:01:35,Room (planCd 00423872 / roomTypeCd 0099552),2026-11-11,sold_out,30800,0
26/09/26 15:01:35,Room (planCd 00423872 / roomTypeCd 0099552),2026-11-12,sold_out,30800,0
26/09/26 15:01:35,Room (planCd 00423872 / roomTypeCd 0099552),2026-11-13,sold_out,30800,0
26/09/26 15:01:35,Room (planCd 00423872 / roomTypeCd 0099552),2026-11-14,sold_out,35200,0
26/09/26 15:01:35,Room (planCd 00423872 / roomTypeCd 0099552),2026-11-15,sold_out,30800,0
26/09/26 15:01:35,Room (planCd 00423872 / roomTypeCd 0099552),2026-11-16,sold_out,30800,0
26/09/26 15:01:35,Room (planCd 00423872 / roomTypeCd 0099552),2026-11-17,sold_out,30800,0
26/09/26 15:01:35,Room (planCd 00423872 / roomTypeCd 0099552),2026-11-18,sold_out,30800,0
26/09/26 15:01:35,Room (planCd 00423872 / roomTypeCd 0099552),2026-11-19,sold_out,30800,0
26/09/26 15:01:35,Room (planCd 00423872 / roomTypeCd 0099552),2026-11-20,sold_out,30800,0
26/09/26 15:01:35,Room (planCd 00423872 / roomTypeCd 0099552),2026-11-21,sold_out,39600,0
26/09/26 15:01:35,Room (planCd 00423872 / roomTypeCd 0099552),2026-11-22,sold_out,39600,0
26/09/26 15:01:35,Room (planCd 00423872 / roomTypeCd 0099552),2026-11-23,sold_out,30800,0
26/09/26 15:01:35,Room (planCd 00423872 / roomTypeCd 0099552),2026-11-24,sold_out,30800,0
26/09/26 15:01:35,Room (planCd 00423872 / roomTypeCd 0099552),2026-11-25,sold_out,30800,0
26/09/26 15:01:35,Room (planCd 00423872 / roomTypeCd 0099552),2026-11-26,sold_out,30800,0
26/09/26 15:01:35,Room (planCd 00423872 / roomTypeCd 0099552),2026-11-27,sold_out,30800,0
26/09/26 15:01:35,Room (planCd 00423872 / roomTypeCd 0099552),2026-11-28,sold_out,35200,0
26/09/26 15:01:35,Room (planCd 00423872 / roomTypeCd 0099552),2026-11-29,sold_out,30800,0
26/09/26 15:01:35,Room (planCd 00423872 / roomTypeCd 0099552),2026-11-30,sold_out,30800,0
26/09/26 15:01:35,Room (planCd 00423872 / roomTypeCd 0099552),2026-12-01,sold_out,30800,0
26/09/26 15:01:35,Room (planCd 00423872 / roomTypeCd 0099552),2026-12-02,sold_out,30800,0
26/09/26 15:01:35,Room (planCd 00423872 / roomTypeCd 0099552),2026-12-03,sold_out,30800,0
26/09/26 15:01:35,Room (planCd 00423872 / roomTypeCd 0099552),2026-12-04,sold_out,30800,0
26/09/26 15:01:35,Room (planCd 00423872 / roomTypeCd 0099552),2026-12-05,sold_out,35200,0
26/09/26 15:01:35,Room (planCd 00423872 / roomTypeCd 0099552),2026-12-06,sold_out,30800,0
26/09/26 15:01:35,Room (planCd 00423872 / roomTypeCd 0099552),2026-12-07,sold_out,30800,0
26/09/26 15:01:35,Room (planCd 00423872 / roomTypeCd 0099552),2026-12-08,sold_out,30800,0
26/09/26 15:01:35,Room (planCd 00423872 / roomTypeCd 0099552),2026-12-09,sold_out,30800,0
26/09/26 15:01:35,Room (planCd 00423872 / roomTypeCd 0099552),2026-12-10,sold_out,30800,0
26/09/26 15:01:35,Room (planCd 00423872 / roomTypeCd 0099552),2026-12-11,sold_out,30800,0
26/09/26 15:01:35,Room (planCd 00423872 / roomTypeCd 0099552),2026-12-12,sold_out,35200,0
26/09/26 15:01:35,Room (planCd 00423872 / roomTypeCd 0099552),2026-12-13,sold_out,30800,0
26/09/26 15:01:35,Room (planCd 00423872 / roomTypeCd 0099552),2026-12-14,sold_out,30800,0
26/09/26 15:01:35,Room (planCd 00423872 / roomTypeCd 0099552),2026-12-15,sold_out,30800,0
26/09/26 15:01:35,Room (planCd 00423872 / roomTypeCd 0099552),2026-12-16,sold_out,30800,0
26/09/26 15:01:35,Room (planCd 00423872 / roomTypeCd 0099552),2026-12-17,sold_out,30800,0
26/09/26 15:01:35,Room (planCd 00423872 / roomTypeCd 0099552),2026-12-18,sold_out,30800,0
26/09/26 15:01:35,Room (planCd 00423872 / roomTypeCd 0099552),2026-12-19,sold_out,35200,0
26/09/26 15:01:35,Room (planCd 00423872 / roomTypeCd 0099552),2026-12-20,sold_out,30800,0
26/09/26 15:01:35,Room (planCd 00423872 / roomTypeCd 0099552),2026-12-21,sold_out,30800,0
26/09/26 15:01:35,Room (planCd 00423872 / roomTypeCd 0099552),2026-12-22,sold_out,30800,0
26/09/26 15:01:35,Room (planCd 00423872 / roomTypeCd 0099552),2026-12-23,sold_out,30800,0
26/09/26 15:01:35,Room (planCd 00423872 / roomTypeCd 0099552),2026-12-24,sold_out,30800,0
26/09/26 15:01:35,Room (planCd 00423872 / roomTypeCd 0099552),2026-12-25,sold_out,30800,0
26/09/26 15:01:35,Room (planCd 00423872 / roomTypeCd 0099552),2026-12-26,sold_out,39600,0
26/09/26 15:01:35,Room (planCd 00423872 / roomTypeCd 0099552),2026-12-27,sold_out,39600,0
26/09/26 15:01:35,Room (planCd 00423872 / roomTypeCd 0099552),2026-12-28,sold_out,39600,0
26/09/26 15:01:35,Room (planCd 00423872 / roomTypeCd 0099552),2026-12-29,sold_out,39600,0
26/09/26 15:01:35,Room (planCd 00423872 / roomTypeCd 0099552),2026-12-30,sold_out,39600,0
26/09/26 15:01:35,Room (planCd 00423872 / roomTypeCd 0099552),2026-12-31,sold_out,46200,0
26/09/26 15:04:09,Room (planCd 00423872 / roomTypeCd 0099552),2026-09-26,sold_out,35200,0
26/09/26 15:04:09,Room (planCd 00423872 / roomTypeCd 0099552),2026-09-27,sold_out,30800,0
26/09/26 15:04:09,Room (planCd 00423872 / roomTypeCd 0099552),2026-09-28,sold_out,30800,0
26/09/26 15:04:09,Room (planCd 00423872 / roomTypeCd 0099552),2026-09-29,sold_out,30800,0
26/09/26 15:04:09,Room (planCd 00423872 / roomTypeCd 0099552),2026-09-30,sold_out,30800,0
26/09/26 15:04:09,Room (planCd 00423872 / roomTypeCd 0099552),2026-10-01,available,30800,1
26/09/26 15:04:09,Room (planCd 00423872 / roomTypeCd 0099552),2026-10-02,sold_out,30800,0
26/09/26 15:04:09,Room (planCd 00423872 / roomTypeCd 0099552),2026-10-03,sold_out,35200,0
26/09/26 15:04:09,Room (planCd 00423872 / roomTypeCd 0099552),2026-10-04,sold_out,30800,0
26/09/26 15:04:09,Room (planCd 00423872 / roomTypeCd 0099552),2026-10-05,sold_out,30800,0
26/09/26 15:04:09,Room (planCd 00423872 / roomTypeCd 0099552),2026-10-06,sold_out,30800,0
26/09/26 15:04:09,Room (planCd 00423872 / roomTypeCd 0099552),2026-10-07,available,30800,1
26/09/26 15:04:09,Room (planCd 00423872 / roomTypeCd 0099552),2026-10-08,sold_out,30800,0
26/09/26 15:04:09,Room (planCd 00423872 / roomTypeCd 0099552),2026-10-09,sold_out,30800,0
26/09/26 15:04:09,Room (planCd 00423872 / roomTypeCd 0099552),2026-10-10,sold_out,39600,0
26/09/26 15:04:09,Room (planCd 00423872 / roomTypeCd 0099552),2026-10-11,sold_out,39600,0
26/09/26 15:04:09,Room (planCd 00423872 / roomTypeCd 0099552),2026-10-12,available,30800,1
26/09/26 15:04:09,Room (planCd 00423872 / roomTypeCd 0099552),2026-10-13,sold_out,30800,0
26/09/26 15:04:09,Room (planCd 00423872 / roomTypeCd 0099552),2026-10-14,available,30800,2
26/09/26 15:04:09,Room (planCd 00423872 / roomTypeCd 0099552),2026-10-15,sold_out,30800,0
26/09/26 15:04:09,Room (planCd 00423872 / roomTypeCd 0099552),2026-10-16,sold_out,30800,0
26/09/26 15:04:09,Room (planCd 00423872 / roomTypeCd 0099552),2026-10-17,available,35200,1
26/09/26 15:04:09,Room (planCd 00423872 / roomTypeCd 0099552),2026-10-18,sold_out,30800,0
26/09/26 15:04:09,Room (planCd 00423872 / roomTypeCd 0099552),2026-10-19,sold_out,30800,0
26/09/26 15:04:09,Room (planCd 00423872 / roomTypeCd 0099552),2026-10-20,sold_out,30800,0
26/09/26 15:04:09,Room (planCd 00423872 / roomTypeCd 0099552),2026-10-21,sold_out,30800,0
26/09/26 15:04:09,Room (planCd 00423872 / roomTypeCd 0099552),2026-10-22,sold_out,30800,0
26/09/26 15:04:09,Room (planCd 00423872 / roomTypeCd 0099552),2026-10-23,sold_out,30800,0
26/09/26 15:04:09,Room (planCd 00423872 / roomTypeCd 0099552),2026-10-24,sold_out,35200,0
26/09/26 15:04:09,Room (planCd 00423872 / roomTypeCd 0099552),2026-10-25,sold_out,30800,0
26/09/26 15:04:09,Room (planCd 00423872 / roomTypeCd 0099552),2026-10-26,sold_out,30800,0
26/09/26 15:04:09,Room (planCd 00423872 / roomTypeCd 0099552),2026-10-27,sold_out,30800,0
26/09/26 15:04:09,Room (planCd 00423872 / roomTypeCd 0099552),2026-10-28,sold_out,30800,0
26/09/26 15:04:09,Room (planCd 00423872 / roomTypeCd 0099552),2026-10-29,sold_out,30800,0
26/09/26 15:04:09,Room (planCd 00423872 / roomTypeCd 0099552),2026-10-30,sold_out,30800,0
26/09/26 15:04:09,Room (planCd 00423872 / roomTypeCd 0099552),2026-10-31,sold_out,35200,0
26/09/26 15:04:09,Room (planCd 00423872 / roomTypeCd 0099552),2026-11-01,sold_out,30800,0
26/09/26 15:04:09,Room (planCd 00423872 / roomTypeCd 0099552),2026-11-02,sold_out,30800,0
26/09/26 15:04:09,Room (planCd 00423872 / roomTypeCd 0099552),2026-11-03,sold_out,30800,0
26/09/26 15:04:09,Room (planCd 00423872 / roomTypeCd 0099552),2026-11-04,sold_out,30800,0
26/09/26 15:04:09,Room (planCd 00423872 / roomTypeCd 0099552),2026-11-05,sold_out,30800,0
26/09/26 15:04:09,Room (planCd 00423872 / roomTypeCd 0099552),2026-11-06,sold_out,30800,0
26/09/26 15:04:09,Room (planCd 00423872 / roomTypeCd 0099552),2026-11-07,sold_out,35200,0
26/09/26 15:04:09,Room (planCd 00423872 / roomTypeCd 0099552),2026-11-08,sold_out,30800,0
26/09/26 15:04:09,Room (planCd 00423872 / roomTypeCd 0099552),2026-11-09,sold_out,30800,0
26/09/26 15:04:09,Room (planCd 00423872 / roomTypeCd 0099552),2026-11-10,sold_out,30800,0
26/09/26 15:04:09,Room (planCd 00423872 / roomTypeCd 0099552),2026-11-11,sold_out,30800,0
26/09/26 15:04:09,Room (planCd 00423872 / roomTypeCd 0099552),2026-11-12,sold_out,30800,0
26/09/26 15:04:09,Room (planCd 00423872 / roomTypeCd 0099552),2026-11-13,sold_out,30800,0
26/09/26 15:04:09,Room (planCd 00423872 / roomTypeCd 0099552),2026-11-14,sold_out,35200,0
26/09/26 15:04:09,Room (planCd 00423872 / roomTypeCd 0099552),2026-11-15,sold_out,30800,0
26/09/26 15:04:09,Room (planCd 00423872 / roomTypeCd 0099552),2026-11-16,sold_out,30800,0
26/09/26 15:04:09,Room (planCd 00423872 / roomTypeCd 0099552),2026-11-17,sold_out,30800,0
26/09/26 15:04:09,Room (planCd 00423872 / roomTypeCd 0099552),2026-11-18,sold_out,30800,0
26/09/26 15:04:09,Room (planCd 00423872 / roomTypeCd 0099552),2026-11-19,sold_out,30800,0
26/09/26 15:04:09,Room (planCd 00423872 / roomTypeCd 0099552),2026-11-20,sold_out,30800,0
26/09/26 15:04:09,Room (planCd 00423872 / roomTypeCd 0099552),2026-11-21,sold_out,39600,0
26/09/26 15:04:09,Room (planCd 00423872 / roomTypeCd 0099552),2026-11-22,sold_out,39600,0
26/09/26 15:04:09,Room (planCd 00423872 / roomTypeCd 0099552),2026-11-23,sold_out,30800,0
26/09/26 15:04:09,Room (planCd 00423872 / roomTypeCd 0099552),2026-11-24,sold_out,30800,0
26/09/26 15:04:09,Room (planCd 00423872 / roomTypeCd 0099552),2026-11-25,sold_out,30800,0
26/09/26 15:04:09,Room (planCd 00423872 / roomTypeCd 0099552),2026-11-26,sold_out,30800,0
26/09/26 15:04:09,Room (planCd 00423872 / roomTypeCd 0099552),2026-11-27,sold_out,30800,0
26/09/26 15:04:09,Room (planCd 00423872 / roomTypeCd 0099552),2026-11-28,sold_out,35200,0
26/09/26 15:04:09,Room (planCd 00423872 / roomTypeCd 0099552),2026-11-29,sold_out,30800,0
26/09/26 15:04:09,Room (planCd 00423872 / roomTypeCd 0099552),2026-11-30,sold_out,30800,0
26/09/26 15:04:09,Room (planCd 00423872 / roomTypeCd 0099552),2026-12-01,sold_out,30800,0
26/09/26 15:04:09,Room (planCd 00423872 / roomTypeCd 0099552),2026-12-02,sold_out,30800,0
26/09/26 15:04:09,Room (planCd 00423872 / roomTypeCd 0099552),2026-12-03,sold_out,30800,0
26/09/26 15:04:09,Room (planCd 00423872 / roomTypeCd 0099552),2026-12-04,sold_out,30800,0
26/09/26 15:04:09,Room (planCd 00423872 / roomTypeCd 0099552),2026-12-05,sold_out,35200,0
26/09/26 15:04:09,Room (planCd 00423872 / roomTypeCd 0099552),2026-12-06,sold_out,30800,0
26/09/26 15:04:09,Room (planCd 00423872 / roomTypeCd 0099552),2026-12-07,sold_out,30800,0
26/09/26 15:04:09,Room (planCd 00423872 / roomTypeCd 0099552),2026-12-08,sold_out,30800,0
26/09/26 15:04:09,Room (planCd 00423872 / roomTypeCd 0099552),2026-12-09,sold_out,30800,0
26/09/26 15:04:09,Room (planCd 00423872 / roomTypeCd 0099552),2026-12-10,sold_out,30800,0
26/09/26 15:04:09,Room (planCd 00423872 / roomTypeCd 0099552),2026-12-11,sold_out,30800,0
26/09/26 15:04:09,Room (planCd 00423872 / roomTypeCd 0099552),2026-12-12,sold_out,35200,0
26/09/26 15:04:09,Room (planCd 00423872 / roomTypeCd 0099552),2026-12-13,sold_out,30800,0
26/09/26 15:04:09,Room (planCd 00423872 / roomTypeCd 0099552),2026-12-14,sold_out,30800,0
26/09/26 15:04:09,Room (planCd 00423872 / roomTypeCd 0099552),2026-12-15,sold_out,30800,0
26/09/26 15:04:09,Room (planCd 00423872 / roomTypeCd 0099552),2026-12-16,sold_out,30800,0
26/09/26 15:04:09,Room (planCd 00423872 / roomTypeCd 0099552),2026-12-17,sold_out,30800,0
26/09/26 15:04:09,Room (planCd 00423872 / roomTypeCd 0099552),2026-12-18,sold_out,30800,0
26/09/26 15:04:09,Room (planCd 00423872 / roomTypeCd 0099552),2026-12-19,sold_out,35200,0
26/09/26 15:04:09,Room (planCd 00423872 / roomTypeCd 0099552),2026-12-20,sold_out,30800,0
26/09/26 15:04:09,Room (planCd 00423872 / roomTypeCd 0099552),2026-12-21,sold_out,30800,0
26/09/26 15:04:09,Room (planCd 00423872 / roomTypeCd 0099552),2026-12-22,sold_out,30800,0
26/09/26 15:04:09,Room (planCd 00423872 / roomTypeCd 0099552),2026-12-23,sold_out,30800,0
26/09/26 15:04:09,Room (planCd 00423872 / roomTypeCd 0099552),2026-12-24,sold_out,30800,0
26/09/26 15:04:09,Room (planCd 00423872 / roomTypeCd 0099552),2026-12-25,sold_out,30800,0
26/09/26 15:04:09,Room (planCd 00423872 / roomTypeCd 0099552),2026-12-26,sold_out,39600,0
26/09/26 15:04:09,Room (planCd 00423872 / roomTypeCd 0099552),2026-12-27,sold_out,39600,0
26/09/26 15:04:09,Room (planCd 00423872 / roomTypeCd 0099552),2026-12-28,sold_out,39600,0
26/09/26 15:04:09,Room (planCd 00423872 / roomTypeCd 0099552),2026-12-29,sold_out,39600,0
26/09/26 15:04:09,Room (planCd 00423872 / roomTypeCd 0099552),2026-12-30,sold_out,39600,0
26/09/26 15:04:09,Room (planCd 00423872 / roomTypeCd 0099552),2026-12-31,sold_out,46200,0
26/09/26 16:01:38,Room (planCd 00423872 / roomTypeCd 0099552),2026-09-27,sold_out,30800,0
26/09/26 16:01:38,Room (planCd 00423872 / roomTypeCd 0099552),2026-09-28,sold_out,30800,0
26/09/26 16:01:38,Room (planCd 00423872 / roomTypeCd 0099552),2026-09-29,sold_out,30800,0
26/09/26 16:01:38,Room (planCd 00423872 / roomTypeCd 0099552),2026-09-30,sold_out,30800,0
26/09/26 16:01:38,Room (planCd 00423872 / roomTypeCd 0099552),2026-10-01,available,30800,1
26/09/26 16:01:38,Room (planCd 00423872 / roomTypeCd 0099552),2026-10-02,sold_out,30800,0
26/09/26 16:01:38,Room (planCd 00423872 / roomTypeCd 0099552),2026-10-03,sold_out,35200,0
26/09/26 16:01:38,Room (planCd 00423872 / roomTypeCd 0099552),2026-10-04,sold_out,30800,0
26/09/26 16:01:38,Room (planCd 00423872 / roomTypeCd 0099552),2026-10-05,sold_out,30800,0
26/09/26 16:01:38,Room (planCd 00423872 / roomTypeCd 0099552),2026-10-06,sold_out,30800,0
26/09/26 16:01:38,Room (planCd 00423872 / roomTypeCd 0099552),2026-10-07,available,30800,1
26/09/26 16:01:38,Room (planCd 00423872 / roomTypeCd 0099552),2026-10-08,sold_out,30800,0
26/09/26 16:01:38,Room (planCd 00423872 / roomTypeCd 0099552),2026-10-09,sold_out,30800,0
26/09/26 16:01:38,Room (planCd 00423872 / roomTypeCd 0099552),2026-10-10,sold_out,39600,0
26/09/26 16:01:38,Room (planCd 00423872 / roomTypeCd 0099552),2026-10-11,sold_out,39600,0
26/09/26 16:01:38,Room (planCd 00423872 / roomTypeCd 0099552),2026-10-12,available,30800,1
26/09/26 16:01:38,Room (planCd 00423872 / roomTypeCd 0099552),2026-10-13,sold_out,30800,0
26/09/26 16:01:38,Room (planCd 00423872 / roomTypeCd 0099552),2026-10-14,available,30800,2
26/09/26 16:01:38,Room (planCd 00423872 / roomTypeCd 0099552),2026-10-15,sold_out,30800,0
26/09/26 16:01:38,Room (planCd 00423872 / roomTypeCd 0099552),2026-10-16,sold_out,30800,0
26/09/26 16:01:38,Room (planCd 00423872 / roomTypeCd 0099552),2026-10-17,available,35200,1
26/09/26 16:01:38,Room (planCd 00423872 / roomTypeCd 0099552),2026-10-18,sold_out,30800,0
26/09/26 16:01:38,Room (planCd 00423872 / roomTypeCd 0099552),2026-10-19,sold_out,30800,0
26/09/26 16:01:38,Room (planCd 00423872 / roomTypeCd 0099552),2026-10-20,sold_out,30800,0
26/09/26 16:01:38,Room (planCd 00423872 / roomTypeCd 0099552),2026-10-21,sold_out,30800,0
26/09/26 16:01:38,Room (planCd 00423872 / roomTypeCd 0099552),2026-10-22,sold_out,30800,0
26/09/26 16:01:38,Room (planCd 00423872 / roomTypeCd 0099552),2026-10-23,sold_out,30800,0
26/09/26 16:01:38,Room (planCd 00423872 / roomTypeCd 0099552),2026-10-24,sold_out,35200,0
26/09/26 16:01:38,Room (planCd 00423872 / roomTypeCd 0099552),2026-10-25,sold_out,30800,0
26/09/26 16:01:38,Room (planCd 00423872 / roomTypeCd 0099552),2026-10-26,sold_out,30800,0
26/09/26 16:01:38,Room (planCd 00423872 / roomTypeCd 0099552),2026-10-27,sold_out,30800,0
26/09/26 16:01:38,Room (planCd 00423872 / roomTypeCd 0099552),2026-10-28,sold_out,30800,0
26/09/26 16:01:38,Room (planCd 00423872 / roomTypeCd 0099552),2026-10-29,sold_out,30800,0
26/09/26 16:01:38,Room (planCd 00423872 / roomTypeCd 0099552),2026-10-30,sold_out,30800,0
26/09/26 16:01:38,Room (planCd 00423872 / roomTypeCd 0099552),2026-10-31,sold_out,35200,0
26/09/26 16:01:38,Room (planCd 00423872 / roomTypeCd 0099552),2026-11-01,sold_out,30800,0
26/09/26 16:01:38,Room (planCd 00423872 / roomTypeCd 0099552),2026-11-02,sold_out,30800,0
26/09/26 16:01:38,Room (planCd 00423872 / roomTypeCd 0099552),2026-11-03,sold_out,30800,0
26/09/26 16:01:38,Room (planCd 00423872 / roomTypeCd 0099552),2026-11-04,sold_out,30800,0
26/09/26 16:01:38,Room (planCd 00423872 / roomTypeCd 0099552),2026-11-05,sold_out,30800,0
26/09/26 16:01:38,Room (planCd 00423872 / roomTypeCd 0099552),2026-11-06,sold_out,30800,0
26/09/26 16:01:38,Room (planCd 00423872 / roomTypeCd 0099552),2026-11-07,sold_out,35200,0
26/09/26 16:01:38,Room (planCd 00423872 / roomTypeCd 0099552),2026-11-08,sold_out,30800,0
26/09/26 16:01:38,Room (planCd 00423872 / roomTypeCd 0099552),2026-11-09,sold_out,30800,0
26/09/26 16:01:38,Room (planCd 00423872 / roomTypeCd 0099552),2026-11-10,sold_out,30800,0
26/09/26 16:01:38,Room (planCd 00423872 / roomTypeCd 0099552),2026-11-11,sold_out,30800,0
26/09/26 16:01:38,Room (planCd 00423872 / roomTypeCd 0099552),2026-11-12,sold_out,30800,0
26/09/26 16:01:38,Room (planCd 00423872 / roomTypeCd 0099552),2026-11-13,sold_out,30800,0
26/09/26 16:01:38,Room (planCd 00423872 / roomTypeCd 0099552),2026-11-14,sold_out,35200,0
26/09/26 16:01:38,Room (planCd 00423872 / roomTypeCd 0099552),2026-11-15,sold_out,30800,0
26/09/26 16:01:38,Room (planCd 00423872 / roomTypeCd 0099552),2026-11-16,sold_out,30800,0
26/09/26 16:01:38,Room (planCd 00423872 / roomTypeCd 0099552),2026-11-17,sold_out,30800,0
26/09/26 16:01:38,Room (planCd 00423872 / roomTypeCd 0099552),2026-11-18,sold_out,30800,0
26/09/26 16:01:38,Room (planCd 00423872 / roomTypeCd 0099552),2026-11-19,sold_out,30800,0
26/09/26 16:01:38,Room (planCd 00423872 / roomTypeCd 0099552),2026-11-20,sold_out,30800,0
26/09/26 16:01:38,Room (planCd 00423872 / roomTypeCd 0099552),2026-11-21,sold_out,39600,0
26/09/26 16:01:38,Room (planCd 00423872 / roomTypeCd 0099552),2026-11-22,sold_out,39600,0
26/09/26 16:01:38,Room (planCd 00423872 / roomTypeCd 0099552),2026-11-23,sold_out,30800,0
26/09/26 16:01:38,Room (planCd 00423872 / roomTypeCd 0099552),2026-11-24,sold_out,30800,0
26/09/26 16:01:38,Room (planCd 00423872 / roomTypeCd 0099552),2026-11-25,sold_out,30800,0
26/09/26 16:01:38,Room (planCd 00423872 / roomTypeCd 0099552),2026-11-26,sold_out,30800,0
26/09/26 16:01:38,Room (planCd 00423872 / roomTypeCd 0099552),2026-11-27,sold_out,30800,0
26/09/26 16:01:38,Room (planCd 00423872 / roomTypeCd 0099552),2026-11-28,sold_out,35200,0
26/09/26 16:01:38,Room (planCd 00423872 / roomTypeCd 0099552),2026-11-29,sold_out,30800,0
26/09/26 16:01:38,Room (planCd 00423872 / roomTypeCd 0099552),2026-11-30,sold_out,30800,0
26/09/26 16:01:38,Room (planCd 00423872 / roomTypeCd 0099552),2026-12-01,sold_out,30800,0
26/09/26 16:01:38,Room (planCd 00423872 / roomTypeCd 0099552),2026-12-02,sold_out,30800,0
26/09/26 16:01:38,Room (planCd 00423872 / roomTypeCd 0099552),2026-12-03,sold_out,30800,0
26/09/26 16:01:38,Room (planCd 00423872 / roomTypeCd 0099552),2026-12-04,sold_out,30800,0
26/09/26 16:01:38,Room (planCd 00423872 / roomTypeCd 0099552),2026-12-05,sold_out,35200,0
26/09/26 16:01:38,Room (planCd 00423872 / roomTypeCd 0099552),2026-12-06,sold_out,30800,0
26/09/26 16:01:38,Room (planCd 00423872 / roomTypeCd 0099552),2026-12-07,sold_out,30800,0
26/09/26 16:01:38,Room (planCd 00423872 / roomTypeCd 0099552),2026-12-08,sold_out,30800,0
26/09/26 16:01:38,Room (planCd 00423872 / roomTypeCd 0099552),2026-12-09,sold_out,30800,0
26/09/26 16:01:38,Room (planCd 00423872 / roomTypeCd 0099552),2026-12-10,sold_out,30800,0
26/09/26 16:01:38,Room (planCd 00423872 / roomTypeCd 0099552),2026-12-11,sold_out,30800,0
26/09/26 16:01:38,Room (planCd 00423872 / roomTypeCd 0099552),2026-12-12,sold_out,35200,0
26/09/26 16:01:38,Room (planCd 00423872 / roomTypeCd 0099552),2026-12-13,sold_out,30800,0
26/09/26 16:01:38,Room (planCd 00423872 / roomTypeCd 0099552),2026-12-14,sold_out,30800,0
26/09/26 16:01:38,Room (planCd 00423872 / roomTypeCd 0099552),2026-12-15,sold_out,30800,0
26/09/26 16:01:38,Room (planCd 00423872 / roomTypeCd 0099552),2026-12-16,sold_out,30800,0
26/09/26 16:01:38,Room (planCd 00423872 / roomTypeCd 0099552),2026-12-17,sold_out,30800,0
26/09/26 16:01:38,Room (planCd 00423872 / roomTypeCd 0099552),2026-12-18,sold_out,30800,0
26/09/26 16:01:38,Room (planCd 00423872 / roomTypeCd 0099552),2026-12-19,sold_out,35200,0
26/09/26 16:01:38,Room (planCd 00423872 / roomTypeCd 0099552),2026-12-20,sold_out,30800,0
26/09/26 16:01:38,Room (planCd 00423872 / roomTypeCd 0099552),2026-12-21,sold_out,30800,0
26/09/26 16:01:38,Room (planCd 00423872 / roomTypeCd 0099552),2026-12-22,sold_out,30800,0
26/09/26 16:01:38,Room (planCd 00423872 / roomTypeCd 0099552),2026-12-23,sold_out,30800,0
26/09/26 16:01:38,Room (planCd 00423872 / roomTypeCd 0099552),2026-12-24,sold_out,30800,0
26/09/26 16:01:38,Room (planCd 00423872 / roomTypeCd 0099552),2026-12-25,sold_out,30800,0
26/09/26 16:01:38,Room (planCd 00423872 / roomTypeCd 0099552),2026-12-26,sold_out,39600,0
26/09/26 16:01:38,Room (planCd 00423872 / roomTypeCd 0099552),2026-12-27,sold_out,39600,0
26/09/26 16:01:38,Room (planCd 00423872 / roomTypeCd 0099552),2026-12-28,sold_out,39600,0
26/09/26 16:01:38,Room (planCd 00423872 / roomTypeCd 0099552),2026-12-29,sold_out,39600,0
26/09/26 16:01:38,Room (planCd 00423872 / roomTypeCd 0099552),2026-12-30,sold_out,39600,0
26/09/26 16:01:38,Room (planCd 00423872 / roomTypeCd 0099552),2026-12-31,sold_out,46200,0
26/09/26 17:01:36,Room (planCd 00423872 / roomTypeCd 0099552),2026-09-27,sold_out,30800,0
26/09/26 17:01:36,Room (planCd 00423872 / roomTypeCd 0099552),2026-09-28,sold_out,30800,0
26/09/26 17:01:36,Room (planCd 00423872 / roomTypeCd 0099552),2026-09-29,sold_out,30800,0
26/09/26 17:01:36,Room (planCd 00423872 / roomTypeCd 0099552),2026-09-30,sold_out,30800,0
26/09/26 17:01:36,Room (planCd 00423872 / roomTypeCd 0099552),2026-10-01,available,30800,1
26/09/26 17:01:36,Room (planCd 00423872 / roomTypeCd 0099552),2026-10-02,sold_out,30800,0
26/09/26 17:01:36,Room (planCd 00423872 / roomTypeCd 0099552),2026-10-03,sold_out,35200,0
26/09/26 17:01:36,Room (planCd 00423872 / roomTypeCd 0099552),2026-10-04,sold_out,30800,0
26/09/26 17:01:36,Room (planCd 00423872 / roomTypeCd 0099552),2026-10-05,sold_out,30800,0
26/09/26 17:01:36,Room (planCd 00423872 / roomTypeCd 0099552),2026-10-06,sold_out,30800,0
26/09/26 17:01:36,Room (planCd 00423872 / roomTypeCd 0099552),2026-10-07,available,30800,1
26/09/26 17:01:36,Room (planCd 00423872 / roomTypeCd 0099552),2026-10-08,sold_out,30800,0
26/09/26 17:01:36,Room (planCd 00423872 / roomTypeCd 0099552),2026-10-09,sold_out,30800,0
26/09/26 17:01:36,Room (planCd 00423872 / roomTypeCd 0099552),2026-10-10,sold_out,39600,0
26/09/26 17:01:36,Room (planCd 00423872 / roomTypeCd 0099552),2026-10-11,sold_out,39600,0
26/09/26 17:01:36,Room (planCd 00423872 / roomTypeCd 0099552),2026-10-12,available,30800,1
26/09/26 17:01:36,Room (planCd 00423872 / roomTypeCd 0099552),2026-10-13,sold_out,30800,0
26/09/26 17:01:36,Room (planCd 00423872 / roomTypeCd 0099552),2026-10-14,available,30800,2
26/09/26 17:01:36,Room (planCd 00423872 / roomTypeCd 0099552),2026-10-15,sold_out,30800,0
26/09/26 17:01:36,Room (planCd 00423872 / roomTypeCd 0099552),2026-10-16,sold_out,30800,0
26/09/26 17:01:36,Room (planCd 00423872 / roomTypeCd 0099552),2026-10-17,available,35200,1
26/09/26 17:01:36,Room (planCd 00423872 / roomTypeCd 0099552),2026-10-18,sold_out,30800,0
26/09/26 17:01:36,Room (planCd 00423872 / roomTypeCd 0099552),2026-10-19,sold_out,30800,0
26/09/26 17:01:36,Room (planCd 00423872 / roomTypeCd 0099552),2026-10-20,sold_out,30800,0
26/09/26 17:01:36,Room (planCd 00423872 / roomTypeCd 0099552),2026-10-21,sold_out,30800,0
26/09/26 17:01:36,Room (planCd 00423872 / roomTypeCd 0099552),2026-10-22,sold_out,30800,0
26/09/26 17:01:36,Room (planCd 00423872 / roomTypeCd 0099552),2026-10-23,sold_out,30800,0
26/09/26 17:01:36,Room (planCd 00423872 / roomTypeCd 0099552),2026-10-24,sold_out,35200,0
26/09/26 17:01:36,Room (planCd 00423872 / roomTypeCd 0099552),2026-10-25,sold_out,30800,0
26/09/26 17:01:36,Room (planCd 00423872 / roomTypeCd 0099552),2026-10-26,sold_out,30800,0
26/09/26 17:01:36,Room (planCd 00423872 / roomTypeCd 0099552),2026-10-27,sold_out,30800,0
26/09/26 17:01:36,Room (planCd 00423872 / roomTypeCd 0099552),2026-10-28,sold_out,30800,0
26/09/26 17:01:36,Room (planCd 00423872 / roomTypeCd 0099552),2026-10-29,sold_out,30800,0
26/09/26 17:01:36,Room (planCd 00423872 / roomTypeCd 0099552),2026-10-30,sold_out,30800,0
26/09/26 17:01:36,Room (planCd 00423872 / roomTypeCd 0099552),2026-10-31,sold_out,35200,0
26/09/26 17:01:36,Room (planCd 00423872 / roomTypeCd 0099552),2026-11-01,sold_out,30800,0
26/09/26 17:01:36,Room (planCd 00423872 / roomTypeCd 0099552),2026-11-02,sold_out,30800,0
26/09/26 17:01:36,Room (planCd 00423872 / roomTypeCd 0099552),2026-11-03,sold_out,30800,0
26/09/26 17:01:36,Room (planCd 00423872 / roomTypeCd 0099552),2026-11-04,sold_out,30800,0
26/09/26 17:01:36,Room (planCd 00423872 / roomTypeCd 0099552),2026-11-05,sold_out,30800,0
26/09/26 17:01:36,Room (planCd 00423872 / roomTypeCd 0099552),2026-11-06,sold_out,30800,0
26/09/26 17:01:36,Room (planCd 00423872 / roomTypeCd 0099552),2026-11-07,sold_out,35200,0
26/09/26 17:01:36,Room (planCd 00423872 / roomTypeCd 0099552),2026-11-08,sold_out,30800,0
26/09/26 17:01:36,Room (planCd 00423872 / roomTypeCd 0099552),2026-11-09,sold_out,30800,0
26/09/26 17:01:36,Room (planCd 00423872 / roomTypeCd 0099552),2026-11-10,sold_out,30800,0
26/09/26 17:01:36,Room (planCd 00423872 / roomTypeCd 0099552),2026-11-11,sold_out,30800,0
26/09/26 17:01:36,Room (planCd 00423872 / roomTypeCd 0099552),2026-11-12,sold_out,30800,0
26/09/26 17:01:36,Room (planCd 00423872 / roomTypeCd 0099552),2026-11-13,sold_out,30800,0
26/09/26 17:01:36,Room (planCd 00423872 / roomTypeCd 0099552),2026-11-14,sold_out,35200,0
26/09/26 17:01:36,Room (planCd 00423872 / roomTypeCd 0099552),2026-11-15,sold_out,30800,0
26/09/26 17:01:36,Room (planCd 00423872 / roomTypeCd 0099552),2026-11-16,sold_out,30800,0
26/09/26 17:01:36,Room (planCd 00423872 / roomTypeCd 0099552),2026-11-17,sold_out,30800,0
26/09/26 17:01:36,Room (planCd 00423872 / roomTypeCd 0099552),2026-11-18,sold_out,30800,0
26/09/26 17:01:36,Room (planCd 00423872 / roomTypeCd 0099552),2026-11-19,sold_out,30800,0
26/09/26 17:01:36,Room (planCd 00423872 / roomTypeCd 0099552),2026-11-20,sold_out,30800,0
26/09/26 17:01:36,Room (planCd 00423872 / roomTypeCd 0099552),2026-11-21,sold_out,39600,0
26/09/26 17:01:36,Room (planCd 00423872 / roomTypeCd 0099552),2026-11-22,sold_out,39600,0
26/09/26 17:01:36,Room (planCd 00423872 / roomTypeCd 0099552),2026-11-23,sold_out,30800,0
26/09/26 17:01:36,Room (planCd 00423872 / roomTypeCd 0099552),2026-11-24,sold_out,30800,0
26/09/26 17:01:36,Room (planCd 00423872 / roomTypeCd 0099552),2026-11-25,sold_out,30800,0
26/09/26 17:01:36,Room (planCd 00423872 / roomTypeCd 0099552),2026-11-26,sold_out,30800,0
26/09/26 17:01:36,Room (planCd 00423872 / roomTypeCd 0099552),2026-11-27,sold_out,30800,0
26/09/26 17:01:36,Room (planCd 00423872 / roomTypeCd 0099552),2026-11-28,sold_out,35200,0
26/09/26 17:01:36,Room (planCd 00423872 / roomTypeCd 0099552),2026-11-29,sold_out,30800,0
26/09/26 17:01:36,Room (planCd 00423872 / roomTypeCd 0099552),2026-11-30,sold_out,30800,0
26/09/26 17:01:36,Room (planCd 00423872 / roomTypeCd 0099552),2026-12-01,sold_out,30800,0
26/09/26 17:01:36,Room (planCd 00423872 / roomTypeCd 0099552),2026-12-02,sold_out,30800,0
26/09/26 17:01:36,Room (planCd 00423872 / roomTypeCd 0099552),2026-12-03,sold_out,30800,0
26/09/26 17:01:36,Room (planCd 00423872 / roomTypeCd 0099552),2026-12-04,sold_out,30800,0
26/09/26 17:01:36,Room (planCd 00423872 / roomTypeCd 0099552),2026-12-05,sold_out,35200,0
26/09/26 17:01:36,Room (planCd 00423872 / roomTypeCd 0099552),2026-12-06,sold_out,30800,0
26/09/26 17:01:36,Room (planCd 00423872 / roomTypeCd 0099552),2026-12-07,sold_out,30800,0
26/09/26 17:01:36,Room (planCd 00423872 / roomTypeCd 0099552),2026-12-08,sold_out,30800,0
26/09/26 17:01:36,Room (planCd 00423872 / roomTypeCd 0099552),2026-12-09,sold_out,30800,0
26/09/26 17:01:36,Room (planCd 00423872 / roomTypeCd 0099552),2026-12-10,sold_out,30800,0
26/09/26 17:01:36,Room (planCd 00423872 / roomTypeCd 0099552),2026-12-11,sold_out,30800,0
26/09/26 17:01:36,Room (planCd 00423872 / roomTypeCd 0099552),2026-12-12,sold_out,35200,0
26/09/26 17:01:36,Room (planCd 00423872 / roomTypeCd 0099552),2026-12-13,sold_out,30800,0
26/09/26 17:01:36,Room (planCd 00423872 / roomTypeCd 0099552),2026-12-14,sold_out,30800,0
26/09/26 17:01:36,Room (planCd 00423872 / roomTypeCd 0099552),2026-12-15,sold_out,30800,0
26/09/26 17:01:36,Room (planCd 00423872 / roomTypeCd 0099552),2026-12-16,sold_out,30800,0
26/09/26 17:01:36,Room (planCd 00423872 / roomTypeCd 0099552),2026-12-17,sold_out,30800,0
26/09/26 17:01:36,Room (planCd 00423872 / roomTypeCd 0099552),2026-12-18,sold_out,30800,0
26/09/26 17:01:36,Room (planCd 00423872 / roomTypeCd 0099552),2026-12-19,sold_out,35200,0
26/09/26 17:01:36,Room (planCd 00423872 / roomTypeCd 0099552),2026-12-20,sold_out,30800,0
26/09/26 17:01:36,Room (planCd 00423872 / roomTypeCd 0099552),2026-12-21,sold_out,30800,0
26/09/26 17:01:36,Room (planCd 00423872 / roomTypeCd 0099552),2026-12-22,sold_out,30800,0
26/09/26 17:01:36,Room (planCd 00423872 / roomTypeCd 0099552),2026-12-23,sold_out,30800,0
26/09/26 17:01:36,Room (planCd 00423872 / roomTypeCd 0099552),2026-12-24,sold_out,30800,0
26/09/26 17:01:36,Room (planCd 00423872 / roomTypeCd 0099552),2026-12-25,sold_out,30800,0
26/09/26 17:01:36,Room (planCd 00423872 / roomTypeCd 0099552),2026-12-26,sold_out,39600,0
26/09/26 17:01:36,Room (planCd 00423872 / roomTypeCd 0099552),2026-12-27,sold_out,39600,0
26/09/26 17:01:36,Room (planCd 00423872 / roomTypeCd 0099552),2026-12-28,sold_out,39600,0
26/09/26 17:01:36,Room (planCd 00423872 / roomTypeCd 0099552),2026-12-29,sold_out,39600,0
26/09/26 17:01:36,Room (planCd 00423872 / roomTypeCd 0099552),2026-12-30,sold_out,39600,0
26/09/26 17:01:36,Room (planCd 00423872 / roomTypeCd 0099552),2026-12-31,sold_out,46200,0
26/09/26 18:01:48,Room (planCd 00423872 / roomTypeCd 0099552),2026-09-27,sold_out,30800,0
26/09/26 18:01:48,Room (planCd 00423872 / roomTypeCd 0099552),2026-09-28,sold_out,30800,0
26/09/26 18:01:48,Room (planCd 00423872 / roomTypeCd 0099552),2026-09-29,sold_out,30800,0
26/09/26 18:01:48,Room (planCd 00423872 / roomTypeCd 0099552),2026-09-30,sold_out,30800,0
26/09/26 18:01:48,Room (planCd 00423872 / roomTypeCd 0099552),2026-10-01,available,30800,1
26/09/26 18:01:48,Room (planCd 00423872 / roomTypeCd 0099552),2026-10-02,sold_out,30800,0
26/09/26 18:01:48,Room (planCd 00423872 / roomTypeCd 0099552),2026-10-03,sold_out,35200,0
26/09/26 18:01:48,Room (planCd 00423872 / roomTypeCd 0099552),2026-10-04,sold_out,30800,0
26/09/26 18:01:48,Room (planCd 00423872 / roomTypeCd 0099552),2026-10-05,sold_out,30800,0
26/09/26 18:01:48,Room (planCd 00423872 / roomTypeCd 0099552),2026-10-06,sold_out,30800,0
26/09/26 18:01:48,Room (planCd 00423872 / roomTypeCd 0099552),2026-10-07,available,30800,1
26/09/26 18:01:48,Room (planCd 00423872 / roomTypeCd 0099552),2026-10-08,sold_out,30800,0
26/09/26 18:01:48,Room (planCd 00423872 / roomTypeCd 0099552),2026-10-09,sold_out,30800,0
26/09/26 18:01:48,Room (planCd 00423872 / roomTypeCd 0099552),2026-10-10,sold_out,39600,0
26/09/26 18:01:48,Room (planCd 00423872 / roomTypeCd 0099552),2026-10-11,sold_out,39600,0
26/09/26 18:01:48,Room (planCd 00423872 / roomTypeCd 0099552),2026-10-12,available,30800,1
26/09/26 18:01:48,Room (planCd 00423872 / roomTypeCd 0099552),2026-10-13,sold_out,30800,0
26/09/26 18:01:48,Room (planCd 00423872 / roomTypeCd 0099552),2026-10-14,available,30800,2
26/09/26 18:01:48,Room (planCd 00423872 / roomTypeCd 0099552),2026-10-15,sold_out,30800,0
26/09/26 18:01:48,Room (planCd 00423872 / roomTypeCd 0099552),2026-10-16,sold_out,30800,0
26/09/26 18:01:48,Room (planCd 00423872 / roomTypeCd 0099552),2026-10-17,available,35200,1
26/09/26 18:01:48,Room (planCd 00423872 / roomTypeCd 0099552),2026-10-18,sold_out,30800,0
26/09/26 18:01:48,Room (planCd 00423872 / roomTypeCd 0099552),2026-10-19,sold_out,30800,0
26/09/26 18:01:48,Room (planCd 00423872 / roomTypeCd 0099552),2026-10-20,sold_out,30800,0
26/09/26 18:01:48,Room (planCd 00423872 / roomTypeCd 0099552),2026-10-21,sold_out,30800,0
26/09/26 18:01:48,Room (planCd 00423872 / roomTypeCd 0099552),2026-10-22,sold_out,30800,0
26/09/26 18:01:48,Room (planCd 00423872 / roomTypeCd 0099552),2026-10-23,sold_out,30800,0
26/09/26 18:01:48,Room (planCd 00423872 / roomTypeCd 0099552),2026-10-24,sold_out,35200,0
26/09/26 18:01:48,Room (planCd 00423872 / roomTypeCd 0099552),2026-10-25,sold_out,30800,0
26/09/26 18:01:48,Room (planCd 00423872 / roomTypeCd 0099552),2026-10-26,sold_out,30800,0
26/09/26 18:01:48,Room (planCd 00423872 / roomTypeCd 0099552),2026-10-27,sold_out,30800,0
26/09/26 18:01:48,Room (planCd 00423872 / roomTypeCd 0099552),2026-10-28,sold_out,30800,0
26/09/26 18:01:48,Room (planCd 00423872 / roomTypeCd 0099552),2026-10-29,sold_out,30800,0
26/09/26 18:01:48,Room (planCd 00423872 / roomTypeCd 0099552),2026-10-30,sold_out,30800,0
26/09/26 18:01:48,Room (planCd 00423872 / roomTypeCd 0099552),2026-10-31,sold_out,35200,0
26/09/26 18:01:48,Room (planCd 00423872 / roomTypeCd 0099552),2026-11-01,sold_out,30800,0
26/09/26 18:01:48,Room (planCd 00423872 / roomTypeCd 0099552),2026-11-02,sold_out,30800,0
26/09/26 18:01:48,Room (planCd 00423872 / roomTypeCd 0099552),2026-11-03,sold_out,30800,0
26/09/26 18:01:48,Room (planCd 00423872 / roomTypeCd 0099552),2026-11-04,sold_out,30800,0
26/09/26 18:01:48,Room (planCd 00423872 / roomTypeCd 0099552),2026-11-05,sold_out,30800,0
26/09/26 18:01:48,Room (planCd 00423872 / roomTypeCd 0099552),2026-11-06,sold_out,30800,0
26/09/26 18:01:48,Room (planCd 00423872 / roomTypeCd 0099552),2026-11-07,sold_out,35200,0
26/09/26 18:01:48,Room (planCd 00423872 / roomTypeCd 0099552),2026-11-08,sold_out,30800,0
26/09/26 18:01:48,Room (planCd 00423872 / roomTypeCd 0099552),2026-11-09,sold_out,30800,0
26/09/26 18:01:48,Room (planCd 00423872 / roomTypeCd 0099552),2026-11-10,sold_out,30800,0
26/09/26 18:01:48,Room (planCd 00423872 / roomTypeCd 0099552),2026-11-11,sold_out,30800,0
26/09/26 18:01:48,Room (planCd 00423872 / roomTypeCd 0099552),2026-11-12,sold_out,30800,0
26/09/26 18:01:48,Room (planCd 00423872 / roomTypeCd 0099552),2026-11-13,sold_out,30800,0
26/09/26 18:01:48,Room (planCd 00423872 / roomTypeCd 0099552),2026-11-14,sold_out,35200,0
26/09/26 18:01:48,Room (planCd 00423872 / roomTypeCd 0099552),2026-11-15,sold_out,30800,0
26/09/26 18:01:48,Room (planCd 00423872 / roomTypeCd 0099552),2026-11-16,sold_out,30800,0
26/09/26 18:01:48,Room (planCd 00423872 / roomTypeCd 0099552),2026-11-17,sold_out,30800,0
26/09/26 18:01:48,Room (planCd 00423872 / roomTypeCd 0099552),2026-11-18,sold_out,30800,0
26/09/26 18:01:48,Room (planCd 00423872 / roomTypeCd 0099552),2026-11-19,sold_out,30800,0
26/09/26 18:01:48,Room (planCd 00423872 / roomTypeCd 0099552),2026-11-20,sold_out,30800,0
26/09/26 18:01:48,Room (planCd 00423872 / roomTypeCd 0099552),2026-11-21,sold_out,39600,0
26/09/26 18:01:48,Room (planCd 00423872 / roomTypeCd 0099552),2026-11-22,sold_out,39600,0
26/09/26 18:01:48,Room (planCd 00423872 / roomTypeCd 0099552),2026-11-23,sold_out,30800,0
26/09/26 18:01:48,Room (planCd 00423872 / roomTypeCd 0099552),2026-11-24,sold_out,30800,0
26/09/26 18:01:48,Room (planCd 00423872 / roomTypeCd 0099552),2026-11-25,sold_out,30800,0
26/09/26 18:01:48,Room (planCd 00423872 / roomTypeCd 0099552),2026-11-26,sold_out,30800,0
26/09/26 18:01:48,Room (planCd 00423872 / roomTypeCd 0099552),2026-11-27,sold_out,30800,0
26/09/26 18:01:48,Room (planCd 00423872 / roomTypeCd 0099552),2026-11-28,sold_out,35200,0
26/09/26 18:01:48,Room (planCd 00423872 / roomTypeCd 0099552),2026-11-29,sold_out,30800,0
26/09/26 18:01:48,Room (planCd 00423872 / roomTypeCd 0099552),2026-11-30,sold_out,30800,0
26/09/26 18:01:48,Room (planCd 00423872 / roomTypeCd 0099552),2026-12-01,sold_out,30800,0
26/09/26 18:01:48,Room (planCd 00423872 / roomTypeCd 0099552),2026-12-02,sold_out,30800,0
26/09/26 18:01:48,Room (planCd 00423872 / roomTypeCd 0099552),2026-12-03,sold_out,30800,0
26/09/26 18:01:48,Room (planCd 00423872 / roomTypeCd 0099552),2026-12-04,sold_out,30800,0
26/09/26 18:01:48,Room (planCd 00423872 / roomTypeCd 0099552),2026-12-05,sold_out,35200,0
26/09/26 18:01:48,Room (planCd 00423872 / roomTypeCd 0099552),2026-12-06,sold_out,30800,0
26/09/26 18:01:48,Room (planCd 00423872 / roomTypeCd 0099552),2026-12-07,sold_out,30800,0
26/09/26 18:01:48,Room (planCd 00423872 / roomTypeCd 0099552),2026-12-08,sold_out,30800,0
26/09/26 18:01:48,Room (planCd 00423872 / roomTypeCd 0099552),2026-12-09,sold_out,30800,0
26/09/26 18:01:48,Room (planCd 00423872 / roomTypeCd 0099552),2026-12-10,sold_out,30800,0
26/09/26 18:01:48,Room (planCd 00423872 / roomTypeCd 0099552),2026-12-11,sold_out,30800,0
26/09/26 18:01:48,Room (planCd 00423872 / roomTypeCd 0099552),2026-12-12,sold_out,35200,0
26/09/26 18:01:48,Room (planCd 00423872 / roomTypeCd 0099552),2026-12-13,sold_out,30800,0
26/09/26 18:01:48,Room (planCd 00423872 / roomTypeCd 0099552),2026-12-14,sold_out,30800,0
26/09/26 18:01:48,Room (planCd 00423872 / roomTypeCd 0099552),2026-12-15,sold_out,30800,0
26/09/26 18:01:48,Room (planCd 00423872 / roomTypeCd 0099552),2026-12-16,sold_out,30800,0
26/09/26 18:01:48,Room (planCd 00423872 / roomTypeCd 0099552),2026-12-17,sold_out,30800,0
26/09/26 18:01:48,Room (planCd 00423872 / roomTypeCd 0099552),2026-12-18,sold_out,30800,0
26/09/26 18:01:48,Room (planCd 00423872 / roomTypeCd 0099552),2026-12-19,sold_out,35200,0
26/09/26 18:01:48,Room (planCd 00423872 / roomTypeCd 0099552),2026-12-20,sold_out,30800,0
26/09/26 18:01:48,Room (planCd 00423872 / roomTypeCd 0099552),2026-12-21,sold_out,30800,0
26/09/26 18:01:48,Room (planCd 00423872 / roomTypeCd 0099552),2026-12-22,sold_out,30800,0
26/09/26 18:01:48,Room (planCd 00423872 / roomTypeCd 0099552),2026-12-23,sold_out,30800,0
26/09/26 18:01:48,Room (planCd 00423872 / roomTypeCd 0099552),2026-12-24,sold_out,30800,0
26/09/26 18:01:48,Room (planCd 00423872 / roomTypeCd 0099552),2026-12-25,sold_out,30800,0
26/09/26 18:01:48,Room (planCd 00423872 / roomTypeCd 0099552),2026-12-26,sold_out,39600,0
26/09/26 18:01:48,Room (planCd 00423872 / roomTypeCd 0099552),2026-12-27,sold_out,39600,0
26/09/26 18:01:48,Room (planCd 00423872 / roomTypeCd 0099552),2026-12-28,sold_out,39600,0
26/09/26 18:01:48,Room (planCd 00423872 / roomTypeCd 0099552),2026-12-29,sold_out,39600,0
26/09/26 18:01:48,Room (planCd 00423872 / roomTypeCd 0099552),2026-12-30,sold_out,39600,0
26/09/26 18:01:48,Room (planCd 00423872 / roomTypeCd 0099552),2026-12-31,sold_out,46200,0
26/09/26 19:01:36,Room (planCd 00423872 / roomTypeCd 0099552),2026-09-27,sold_out,30800,0
26/09/26 19:01:36,Room (planCd 00423872 / roomTypeCd 0099552),2026-09-28,sold_out,30800,0
26/09/26 19:01:36,Room (planCd 00423872 / roomTypeCd 0099552),2026-09-29,sold_out,30800,0
26/09/26 19:01:36,Room (planCd 00423872 / roomTypeCd 0099552),2026-09-30,sold_out,30800,0
26/09/26 19:01:36,Room (planCd 00423872 / roomTypeCd 0099552),2026-10-01,available,30800,1
26/09/26 19:01:36,Room (planCd 00423872 / roomTypeCd 0099552),2026-10-02,sold_out,30800,0
26/09/26 19:01:36,Room (planCd 00423872 / roomTypeCd 0099552),2026-10-03,sold_out,35200,0
26/09/26 19:01:36,Room (planCd 00423872 / roomTypeCd 0099552),2026-10-04,sold_out,30800,0
26/09/26 19:01:36,Room (planCd 00423872 / roomTypeCd 0099552),2026-10-05,sold_out,30800,0
26/09/26 19:01:36,Room (planCd 00423872 / roomTypeCd 0099552),2026-10-06,sold_out,30800,0
26/09/26 19:01:36,Room (planCd 00423872 / roomTypeCd 0099552),2026-10-07,available,30800,1
26/09/26 19:01:36,Room (planCd 00423872 / roomTypeCd 0099552),2026-10-08,sold_out,30800,0
26/09/26 19:01:36,Room (planCd 00423872 / roomTypeCd 0099552),2026-10-09,sold_out,30800,0
26/09/26 19:01:36,Room (planCd 00423872 / roomTypeCd 0099552),2026-10-10,sold_out,39600,0
26/09/26 19:01:36,Room (planCd 00423872 / roomTypeCd 0099552),2026-10-11,sold_out,39600,0
26/09/26 19:01:36,Room (planCd 00423872 / roomTypeCd 0099552),2026-10-12,available,30800,1
26/09/26 19:01:36,Room (planCd 00423872 / roomTypeCd 0099552),2026-10-13,sold_out,30800,0
26/09/26 19:01:36,Room (planCd 00423872 / roomTypeCd 0099552),2026-10-14,available,30800,2
26/09/26 19:01:36,Room (planCd 00423872 / roomTypeCd 0099552),2026-10-15,sold_out,30800,0
26/09/26 19:01:36,Room (planCd 00423872 / roomTypeCd 0099552),2026-10-16,sold_out,30800,0
26/09/26 19:01:36,Room (planCd 00423872 / roomTypeCd 0099552),2026-10-17,available,35200,1
26/09/26 19:01:36,Room (planCd 00423872 / roomTypeCd 0099552),2026-10-18,sold_out,30800,0
26/09/26 19:01:36,Room (planCd 00423872 / roomTypeCd 0099552),2026-10-19,sold_out,30800,0
26/09/26 19:01:36,Room (planCd 00423872 / roomTypeCd 0099552),2026-10-20,sold_out,30800,0
26/09/26 19:01:36,Room (planCd 00423872 / roomTypeCd 0099552),2026-10-21,sold_out,30800,0
26/09/26 19:01:36,Room (planCd 00423872 / roomTypeCd 0099552),2026-10-22,sold_out,30800,0
26/09/26 19:01:36,Room (planCd 00423872 / roomTypeCd 0099552),2026-10-23,sold_out,30800,0
26/09/26 19:01:36,Room (planCd 00423872 / roomTypeCd 0099552),2026-10-24,sold_out,35200,0
26/09/26 19:01:36,Room (planCd 00423872 / roomTypeCd 0099552),2026-10-25,sold_out,30800,0
26/09/26 19:01:36,Room (planCd 00423872 / roomTypeCd 0099552),2026-10-26,sold_out,30800,0
26/09/26 19:01:36,Room (planCd 00423872 / roomTypeCd 0099552),2026-10-27,sold_out,30800,0
26/09/26 19:01:36,Room (planCd 00423872 / roomTypeCd 0099552),2026-10-28,available,30800,2
26/09/26 19:01:36,Room (planCd 00423872 / roomTypeCd 0099552),2026-10-29,available,30800,2
26/09/26 19:01:36,Room (planCd 00423872 / roomTypeCd 0099552),2026-10-30,sold_out,30800,0
26/09/26 19:01:36,Room (planCd 00423872 / roomTypeCd 0099552),2026-10-31,sold_out,35200,0
26/09/26 19:01:36,Room (planCd 00423872 / roomTypeCd 0099552),2026-11-01,sold_out,30800,0
26/09/26 19:01:36,Room (planCd 00423872 / roomTypeCd 0099552),2026-11-02,sold_out,30800,0
26/09/26 19:01:36,Room (planCd 00423872 / roomTypeCd 0099552),2026-11-03,sold_out,30800,0
26/09/26 19:01:36,Room (planCd 00423872 / roomTypeCd 0099552),2026-11-04,sold_out,30800,0
26/09/26 19:01:36,Room (planCd 00423872 / roomTypeCd 0099552),2026-11-05,sold_out,30800,0
26/09/26 19:01:36,Room (planCd 00423872 / roomTypeCd 0099552),2026-11-06,sold_out,30800,0
26/09/26 19:01:36,Room (planCd 00423872 / roomTypeCd 0099552),2026-11-07,sold_out,35200,0
26/09/26 19:01:36,Room (planCd 00423872 / roomTypeCd 0099552),2026-11-08,sold_out,30800,0
26/09/26 19:01:36,Room (planCd 00423872 / roomTypeCd 0099552),2026-11-09,sold_out,30800,0
26/09/26 19:01:36,Room (planCd 00423872 / roomTypeCd 0099552),2026-11-10,sold_out,30800,0
26/09/26 19:01:36,Room (planCd 00423872 / roomTypeCd 0099552),2026-11-11,sold_out,30800,0
26/09/26 19:01:36,Room (planCd 00423872 / roomTypeCd 0099552),2026-11-12,sold_out,30800,0
26/09/26 19:01:36,Room (planCd 00423872 / roomTypeCd 0099552),2026-11-13,sold_out,30800,0
26/09/26 19:01:36,Room (planCd 00423872 / roomTypeCd 0099552),2026-11-14,sold_out,35200,0
26/09/26 19:01:36,Room (planCd 00423872 / roomTypeCd 0099552),2026-11-15,sold_out,30800,0
26/09/26 19:01:36,Room (planCd 00423872 / roomTypeCd 0099552),2026-11-16,sold_out,30800,0
26/09/26 19:01:36,Room (planCd 00423872 / roomTypeCd 0099552),2026-11-17,sold_out,30800,0
26/09/26 19:01:36,Room (planCd 00423872 / roomTypeCd 0099552),2026-11-18,sold_out,30800,0
26/09/26 19:01:36,Room (planCd 00423872 / roomTypeCd 0099552),2026-11-19,sold_out,30800,0
26/09/26 19:01:36,Room (planCd 00423872 / roomTypeCd 0099552),2026-11-20,sold_out,30800,0
26/09/26 19:01:36,Room (planCd 00423872 / roomTypeCd 0099552),2026-11-21,sold_out,39600,0
26/09/26 19:01:36,Room (planCd 00423872 / roomTypeCd 0099552),2026-11-22,sold_out,39600,0
26/09/26 19:01:36,Room (planCd 00423872 / roomTypeCd 0099552),2026-11-23,sold_out,30800,0
26/09/26 19:01:36,Room (planCd 00423872 / roomTypeCd 0099552),2026-11-24,sold_out,30800,0
26/09/26 19:01:36,Room (planCd 00423872 / roomTypeCd 0099552),2026-11-25,sold_out,30800,0
26/09/26 19:01:36,Room (planCd 00423872 / roomTypeCd 0099552),2026-11-26,sold_out,30800,0
26/09/26 19:01:36,Room (planCd 00423872 / roomTypeCd 0099552),2026-11-27,sold_out,30800,0
26/09/26 19:01:36,Room (planCd 00423872 / roomTypeCd 0099552),2026-11-28,sold_out,35200,0
26/09/26 19:01:36,Room (planCd 00423872 / roomTypeCd 0099552),2026-11-29,sold_out,30800,0
26/09/26 19:01:36,Room (planCd 00423872 / roomTypeCd 0099552),2026-11-30,sold_out,30800,0
26/09/26 19:01:36,Room (planCd 00423872 / roomTypeCd 0099552),2026-12-01,sold_out,30800,0
26/09/26 19:01:36,Room (planCd 00423872 / roomTypeCd 0099552),2026-12-02,sold_out,30800,0
26/09/26 19:01:36,Room (planCd 00423872 / roomTypeCd 0099552),2026-12-03,sold_out,30800,0
26/09/26 19:01:36,Room (planCd 00423872 / roomTypeCd 0099552),2026-12-04,sold_out,30800,0
26/09/26 19:01:36,Room (planCd 00423872 / roomTypeCd 0099552),2026-12-05,sold_out,35200,0
26/09/26 19:01:36,Room (planCd 00423872 / roomTypeCd 0099552),2026-12-06,sold_out,30800,0
26/09/26 19:01:36,Room (planCd 00423872 / roomTypeCd 0099552),2026-12-07,sold_out,30800,0
26/09/26 19:01:36,Room (planCd 00423872 / roomTypeCd 0099552),2026-12-08,sold_out,30800,0
26/09/26 19:01:36,Room (planCd 00423872 / roomTypeCd 0099552),2026-12-09,sold_out,30800,0
26/09/26 19:01:36,Room (planCd 00423872 / roomTypeCd 0099552),2026-12-10,sold_out,30800,0
26/09/26 19:01:36,Room (planCd 00423872 / roomTypeCd 0099552),2026-12-11,sold_out,30800,0
26/09/26 19:01:36,Room (planCd 00423872 / roomTypeCd 0099552),2026-12-12,sold_out,35200,0
26/09/26 19:01:36,Room (planCd 00423872 / roomTypeCd 0099552),2026-12-13,sold_out,30800,0
26/09/26 19:01:36,Room (planCd 00423872 / roomTypeCd 0099552),2026-12-14,sold_out,30800,0
26/09/26 19:01:36,Room (planCd 00423872 / roomTypeCd 0099552),2026-12-15,sold_out,30800,0
26/09/26 19:01:36,Room (planCd 00423872 / roomTypeCd 0099552),2026-12-16,sold_out,30800,0
26/09/26 19:01:36,Room (planCd 00423872 / roomTypeCd 0099552),2026-12-17,sold_out,30800,0
26/09/26 19:01:36,Room (planCd 00423872 / roomTypeCd 0099552),2026-12-18,sold_out,30800,0
26/09/26 19:01:36,Room (planCd 00423872 / roomTypeCd 0099552),2026-12-19,sold_out,35200,0
26/09/26 19:01:36,Room (planCd 00423872 / roomTypeCd 0099552),2026-12-20,sold_out,30800,0
26/09/26 19:01:36,Room (planCd 00423872 / roomTypeCd 0099552),2026-12-21,sold_out,30800,0
26/09/26 19:01:36,Room (planCd 00423872 / roomTypeCd 0099552),2026-12-22,sold_out,30800,0
26/09/26 19:01:36,Room (planCd 00423872 / roomTypeCd 0099552),2026-12-23,sold_out,30800,0
26/09/26 19:01:36,Room (planCd 00423872 / roomTypeCd 0099552),2026-12-24,sold_out,30800,0
26/09/26 19:01:36,Room (planCd 00423872 / roomTypeCd 0099552),2026-12-25,sold_out,30800,0
26/09/26 19:01:36,Room (planCd 00423872 / roomTypeCd 0099552),2026-12-26,sold_out,39600,0
26/09/26 19:01:36,Room (planCd 00423872 / roomTypeCd 0099552),2026-12-27,sold_out,39600,0
26/09/26 19:01:36,Room (planCd 00423872 / roomTypeCd 0099552),2026-12-28,sold_out,39600,0
26/09/26 19:01:36,Room (planCd 00423872 / roomTypeCd 0099552),2026-12-29,sold_out,39600,0
26/09/26 19:01:36,Room (planCd 00423872 / roomTypeCd 0099552),2026-12-30,sold_out,39600,0
26/09/26 19:01:36,Room (planCd 00423872 / roomTypeCd 0099552),2026-12-31,sold_out,46200,0
26/09/26 20:01:36,Room (planCd 00423872 / roomTypeCd 0099552),2026-09-27,sold_out,30800,0
26/09/26 20:01:36,Room (planCd 00423872 / roomTypeCd 0099552),2026-09-28,sold_out,30800,0
26/09/26 20:01:36,Room (planCd 00423872 / roomTypeCd 0099552),2026-09-29,sold_out,30800,0
26/09/26 20:01:36,Room (planCd 00423872 / roomTypeCd 0099552),2026-09-30,sold_out,30800,0
26/09/26 20:01:36,Room (planCd 00423872 / roomTypeCd 0099552),2026-10-01,available,30800,1
26/09/26 20:01:36,Room (planCd 00423872 / roomTypeCd 0099552),2026-10-02,sold_out,30800,0
26/09/26 20:01:36,Room (planCd 00423872 / roomTypeCd 0099552),2026-10-03,sold_out,35200,0
26/09/26 20:01:36,Room (planCd 00423872 / roomTypeCd 0099552),2026-10-04,sold_out,30800,0
26/09/26 20:01:36,Room (planCd 00423872 / roomTypeCd 0099552),2026-10-05,sold_out,30800,0
26/09/26 20:01:36,Room (planCd 00423872 / roomTypeCd 0099552),2026-10-06,sold_out,30800,0
26/09/26 20:01:36,Room (planCd 00423872 / roomTypeCd 0099552),2026-10-07,available,30800,1
26/09/26 20:01:36,Room (planCd 00423872 / roomTypeCd 0099552),2026-10-08,sold_out,30800,0
26/09/26 20:01:36,Room (planCd 00423872 / roomTypeCd 0099552),2026-10-09,sold_out,30800,0
26/09/26 20:01:36,Room (planCd 00423872 / roomTypeCd 0099552),2026-10-10,sold_out,39600,0
26/09/26 20:01:36,Room (planCd 00423872 / roomTypeCd 0099552),2026-10-11,sold_out,39600,0
26/09/26 20:01:36,Room (planCd 00423872 / roomTypeCd 0099552),2026-10-12,available,30800,1
26/09/26 20:01:36,Room (planCd 00423872 / roomTypeCd 0099552),2026-10-13,sold_out,30800,0
26/09/26 20:01:36,Room (planCd 00423872 / roomTypeCd 0099552),2026-10-14,available,30800,2
26/09/26 20:01:36,Room (planCd 00423872 / roomTypeCd 0099552),2026-10-15,sold_out,30800,0
26/09/26 20:01:36,Room (planCd 00423872 / roomTypeCd 0099552),2026-10-16,sold_out,30800,0
26/09/26 20:01:36,Room (planCd 00423872 / roomTypeCd 0099552),2026-10-17,available,35200,1
26/09/26 20:01:36,Room (planCd 00423872 / roomTypeCd 0099552),2026-10-18,sold_out,30800,0
26/09/26 20:01:36,Room (planCd 00423872 / roomTypeCd 0099552),2026-10-19,sold_out,30800,0
26/09/26 20:01:36,Room (planCd 00423872 / roomTypeCd 0099552),2026-10-20,sold_out,30800,0
26/09/26 20:01:36,Room (planCd 00423872 / roomTypeCd 0099552),2026-10-21,sold_out,30800,0
26/09/26 20:01:36,Room (planCd 00423872 / roomTypeCd 0099552),2026-10-22,sold_out,30800,0
26/09/26 20:01:36,Room (planCd 00423872 / roomTypeCd 0099552),2026-10-23,sold_out,30800,0
26/09/26 20:01:36,Room (planCd 00423872 / roomTypeCd 0099552),2026-10-24,sold_out,35200,0
26/09/26 20:01:36,Room (planCd 00423872 / roomTypeCd 0099552),2026-10-25,sold_out,30800,0
26/09/26 20:01:36,Room (planCd 00423872 / roomTypeCd 0099552),2026-10-26,sold_out,30800,0
26/09/26 20:01:36,Room (planCd 00423872 / roomTypeCd 0099552),2026-10-27,sold_out,30800,0
26/09/26 20:01:36,Room (planCd 00423872 / roomTypeCd 0099552),2026-10-28,available,30800,2
26/09/26 20:01:36,Room (planCd 00423872 / roomTypeCd 0099552),2026-10-29,available,30800,2
26/09/26 20:01:36,Room (planCd 00423872 / roomTypeCd 0099552),2026-10-30,sold_out,30800,0
26/09/26 20:01:36,Room (planCd 00423872 / roomTypeCd 0099552),2026-10-31,sold_out,35200,0
26/09/26 20:01:36,Room (planCd 00423872 / roomTypeCd 0099552),2026-11-01,sold_out,30800,0
26/09/26 20:01:36,Room (planCd 00423872 / roomTypeCd 0099552),2026-11-02,sold_out,30800,0
26/09/26 20:01:36,Room (planCd 00423872 / roomTypeCd 0099552),2026-11-03,sold_out,30800,0
26/09/26 20:01:36,Room (planCd 00423872 / roomTypeCd 0099552),2026-11-04,sold_out,30800,0
26/09/26 20:01:36,Room (planCd 00423872 / roomTypeCd 0099552),2026-11-05,sold_out,30800,0
26/09/26 20:01:36,Room (planCd 00423872 / roomTypeCd 0099552),2026-11-06,sold_out,30800,0
26/09/26 20:01:36,Room (planCd 00423872 / roomTypeCd 0099552),2026-11-07,sold_out,35200,0
26/09/26 20:01:36,Room (planCd 00423872 / roomTypeCd 0099552),2026-11-08,sold_out,30800,0
26/09/26 20:01:36,Room (planCd 00423872 / roomTypeCd 0099552),2026-11-09,sold_out,30800,0
26/09/26 20:01:36,Room (planCd 00423872 / roomTypeCd 0099552),2026-11-10,sold_out,30800,0
26/09/26 20:01:36,Room (planCd 00423872 / roomTypeCd 0099552),2026-11-11,sold_out,30800,0
26/09/26 20:01:36,Room (planCd 00423872 / roomTypeCd 0099552),2026-11-12,sold_out,30800,0
26/09/26 20:01:36,Room (planCd 00423872 / roomTypeCd 0099552),2026-11-13,sold_out,30800,0
26/09/26 20:01:36,Room (planCd 00423872 / roomTypeCd 0099552),2026-11-14,sold_out,35200,0
26/09/26 20:01:36,Room (planCd 00423872 / roomTypeCd 0099552),2026-11-15,sold_out,30800,0
26/09/26 20:01:36,Room (planCd 00423872 / roomTypeCd 0099552),2026-11-16,sold_out,30800,0
26/09/26 20:01:36,Room (planCd 00423872 / roomTypeCd 0099552),2026-11-17,sold_out,30800,0
26/09/26 20:01:36,Room (planCd 00423872 / roomTypeCd 0099552),2026-11-18,sold_out,30800,0
26/09/26 20:01:36,Room (planCd 00423872 / roomTypeCd 0099552),2026-11-19,sold_out,30800,0
26/09/26 20:01:36,Room (planCd 00423872 / roomTypeCd 0099552),2026-11-20,sold_out,30800,0
26/09/26 20:01:36,Room (planCd 00423872 / roomTypeCd 0099552),2026-11-21,sold_out,39600,0
26/09/26 20:01:36,Room (planCd 00423872 / roomTypeCd 0099552),2026-11-22,sold_out,39600,0
26/09/26 20:01:36,Room (planCd 00423872 / roomTypeCd 0099552),2026-11-23,sold_out,30800,0
26/09/26 20:01:36,Room (planCd 00423872 / roomTypeCd 0099552),2026-11-24,sold_out,30800,0
26/09/26 20:01:36,Room (planCd 00423872 / roomTypeCd 0099552),2026-11-25,sold_out,30800,0
26/09/26 20:01:36,Room (planCd 00423872 / roomTypeCd 0099552),2026-11-26,sold_out,30800,0
26/09/26 20:01:36,Room (planCd 00423872 / roomTypeCd 0099552),2026-11-27,sold_out,30800,0
26/09/26 20:01:36,Room (planCd 00423872 / roomTypeCd 0099552),2026-11-28,sold_out,35200,0
26/09/26 20:01:36,Room (planCd 00423872 / roomTypeCd 0099552),2026-11-29,sold_out,30800,0
26/09/26 20:01:36,Room (planCd 00423872 / roomTypeCd 0099552),2026-11-30,sold_out,30800,0
26/09/26 20:01:36,Room (planCd 00423872 / roomTypeCd 0099552),2026-12-01,sold_out,30800,0
26/09/26 20:01:36,Room (planCd 00423872 / roomTypeCd 0099552),2026-12-02,sold_out,30800,0
26/09/26 20:01:36,Room (planCd 00423872 / roomTypeCd 0099552),2026-12-03,sold_out,30800,0
26/09/26 20:01:36,Room (planCd 00423872 / roomTypeCd 0099552),2026-12-04,sold_out,30800,0
26/09/26 20:01:36,Room (planCd 00423872 / roomTypeCd 0099552),2026-12-05,sold_out,35200,0
26/09/26 20:01:36,Room (planCd 00423872 / roomTypeCd 0099552),2026-12-06,sold_out,30800,0
26/09/26 20:01:36,Room (planCd 00423872 / roomTypeCd 0099552),2026-12-07,sold_out,30800,0
26/09/26 20:01:36,Room (planCd 00423872 / roomTypeCd 0099552),2026-12-08,sold_out,30800,0
26/09/26 20:01:36,Room (planCd 00423872 / roomTypeCd 0099552),2026-12-09,sold_out,30800,0
26/09/26 20:01:36,Room (planCd 00423872 / roomTypeCd 0099552),2026-12-10,sold_out,30800,0
26/09/26 20:01:36,Room (planCd 00423872 / roomTypeCd 0099552),2026-12-11,sold_out,30800,0
26/09/26 20:01:36,Room (planCd 00423872 / roomTypeCd 0099552),2026-12-12,sold_out,35200,0
26/09/26 20:01:36,Room (planCd 00423872 / roomTypeCd 0099552),2026-12-13,sold_out,30800,0
26/09/26 20:01:36,Room (planCd 00423872 / roomTypeCd 0099552),2026-12-14,sold_out,30800,0
26/09/26 20:01:36,Room (planCd 00423872 / roomTypeCd 0099552),2026-12-15,sold_out,30800,0
26/09/26 20:01:36,Room (planCd 00423872 / roomTypeCd 0099552),2026-12-16,sold_out,30800,0
26/09/26 20:01:36,Room (planCd 00423872 / roomTypeCd 0099552),2026-12-17,sold_out,30800,0
26/09/26 20:01:36,Room (planCd 00423872 / roomTypeCd 0099552),2026-12-18,sold_out,30800,0
26/09/26 20:01:36,Room (planCd 00423872 / roomTypeCd 0099552),2026-12-19,sold_out,35200,0
26/09/26 20:01:36,Room (planCd 00423872 / roomTypeCd 0099552),2026-12-20,sold_out,30800,0
26/09/26 20:01:36,Room (planCd 00423872 / roomTypeCd 0099552),2026-12-21,sold_out,30800,0
26/09/26 20:01:36,Room (planCd 00423872 / roomTypeCd 0099552),2026-12-22,sold_out,30800,0
26/09/26 20:01:36,Room (planCd 00423872 / roomTypeCd 0099552),2026-12-23,sold_out,30800,0
26/09/26 20:01:36,Room (planCd 00423872 / roomTypeCd 0099552),2026-12-24,sold_out,30800,0
26/09/26 20:01:36,Room (planCd 00423872 / roomTypeCd 0099552),2026-12-25,sold_out,30800,0
26/09/26 20:01:36,Room (planCd 00423872 / roomTypeCd 0099552),2026-12-26,sold_out,39600,0
26/09/26 20:01:36,Room (planCd 00423872 / roomTypeCd 0099552),2026-12-27,sold_out,39600,0
26/09/26 20:01:36,Room (planCd 00423872 / roomTypeCd 0099552),2026-12-28,sold_out,39600,0
26/09/26 20:01:36,Room (planCd 00423872 / roomTypeCd 0099552),2026-12-29,sold_out,39600,0
26/09/26 20:01:36,Room (planCd 00423872 / roomTypeCd 0099552),2026-12-30,sold_out,39600,0
26/09/26 20:01:36,Room (planCd 00423872 / roomTypeCd 0099552),2026-12-31,sold_out,46200,0
26/09/26 20:29:11,Room (planCd 00423872 / roomTypeCd 0099552),2026-09-27,sold_out,30800,0
26/09/26 20:29:11,Room (planCd 00423872 / roomTypeCd 0099552),2026-09-28,sold_out,30800,0
26/09/26 20:29:11,Room (planCd 00423872 / roomTypeCd 0099552),2026-09-29,sold_out,30800,0
26/09/26 20:29:11,Room (planCd 00423872 / roomTypeCd 0099552),2026-09-30,sold_out,30800,0
26/09/26 20:29:11,Room (planCd 00423872 / roomTypeCd 0099552),2026-10-01,available,30800,1
26/09/26 20:29:11,Room (planCd 00423872 / roomTypeCd 0099552),2026-10-02,sold_out,30800,0
26/09/26 20:29:11,Room (planCd 00423872 / roomTypeCd 0099552),2026-10-03,sold_out,35200,0
26/09/26 20:29:11,Room (planCd 00423872 / roomTypeCd 0099552),2026-10-04,sold_out,30800,0
26/09/26 20:29:11,Room (planCd 00423872 / roomTypeCd 0099552),2026-10-05,sold_out,30800,0
26/09/26 20:29:11,Room (planCd 00423872 / roomTypeCd 0099552),2026-10-06,sold_out,30800,0
26/09/26 20:29:11,Room (planCd 00423872 / roomTypeCd 0099552),2026-10-07,available,30800,1
26/09/26 20:29:11,Room (planCd 00423872 / roomTypeCd 0099552),2026-10-08,sold_out,30800,0
26/09/26 20:29:11,Room (planCd 00423872 / roomTypeCd 0099552),2026-10-09,sold_out,30800,0
26/09/26 20:29:11,Room (planCd 00423872 / roomTypeCd 0099552),2026-10-10,sold_out,39600,0
26/09/26 20:29:11,Room (planCd 00423872 / roomTypeCd 0099552),2026-10-11,sold_out,39600,0
26/09/26 20:29:11,Room (planCd 00423872 / roomTypeCd 0099552),2026-10-12,available,30800,1
26/09/26 20:29:11,Room (planCd 00423872 / roomTypeCd 0099552),2026-10-13,sold_out,30800,0
26/09/26 20:29:11,Room (planCd 00423872 / roomTypeCd 0099552),2026-10-14,available,30800,2
26/09/26 20:29:11,Room (planCd 00423872 / roomTypeCd 0099552),2026-10-15,sold_out,30800,0
26/09/26 20:29:11,Room (planCd 00423872 / roomTypeCd 0099552),2026-10-16,sold_out,30800,0
26/09/26 20:29:11,Room (planCd 00423872 / roomTypeCd 0099552),2026-10-17,sold_out,35200,0
26/09/26 20:29:11,Room (planCd 00423872 / roomTypeCd 0099552),2026-10-18,sold_out,30800,0
26/09/26 20:29:11,Room (planCd 00423872 / roomTypeCd 0099552),2026-10-19,sold_out,30800,0
26/09/26 20:29:11,Room (planCd 00423872 / roomTypeCd 0099552),2026-10-20,sold_out,30800,0
26/09/26 20:29:11,Room (planCd 00423872 / roomTypeCd 0099552),2026-10-21,sold_out,30800,0
26/09/26 20:29:11,Room (planCd 00423872 / roomTypeCd 0099552),2026-10-22,sold_out,30800,0
26/09/26 20:29:11,Room (planCd 00423872 / roomTypeCd 0099552),2026-10-23,sold_out,30800,0
26/09/26 20:29:11,Room (planCd 00423872 / roomTypeCd 0099552),2026-10-24,sold_out,35200,0
26/09/26 20:29:11,Room (planCd 00423872 / roomTypeCd 0099552),2026-10-25,sold_out,30800,0
26/09/26 20:29:11,Room (planCd 00423872 / roomTypeCd 0099552),2026-10-26,sold_out,30800,0
26/09/26 20:29:11,Room (planCd 00423872 / roomTypeCd 0099552),2026-10-27,sold_out,30800,0
26/09/26 20:29:11,Room (planCd 00423872 / roomTypeCd 0099552),2026-10-28,available,30800,2
26/09/26 20:29:11,Room (planCd 00423872 / roomTypeCd 0099552),2026-10-29,available,30800,2
26/09/26 20:29:11,Room (planCd 00423872 / roomTypeCd 0099552),2026-10-30,sold_out,30800,0
26/09/26 20:29:11,Room (planCd 00423872 / roomTypeCd 0099552),2026-10-31,sold_out,35200,0
26/09/26 20:29:11,Room (planCd 00423872 / roomTypeCd 0099552),2026-11-01,sold_out,30800,0
26/09/26 20:29:11,Room (planCd 00423872 / roomTypeCd 0099552),2026-11-02,sold_out,30800,0
26/09/26 20:29:11,Room (planCd 00423872 / roomTypeCd 0099552),2026-11-03,sold_out,30800,0
26/09/26 20:29:11,Room (planCd 00423872 / roomTypeCd 0099552),2026-11-04,sold_out,30800,0
26/09/26 20:29:11,Room (planCd 00423872 / roomTypeCd 0099552),2026-11-05,sold_out,30800,0
26/09/26 20:29:11,Room (planCd 00423872 / roomTypeCd 0099552),2026-11-06,sold_out,30800,0
26/09/26 20:29:11,Room (planCd 00423872 / roomTypeCd 0099552),2026-11-07,sold_out,35200,0
26/09/26 20:29:11,Room (planCd 00423872 / roomTypeCd 0099552),2026-11-08,sold_out,30800,0
26/09/26 20:29:11,Room (planCd 00423872 / roomTypeCd 0099552),2026-11-09,sold_out,30800,0
26/09/26 20:29:11,Room (planCd 00423872 / roomTypeCd 0099552),2026-11-10,sold_out,30800,0
26/09/26 20:29:11,Room (planCd 00423872 / roomTypeCd 0099552),2026-11-11,sold_out,30800,0
26/09/26 20:29:11,Room (planCd 00423872 / roomTypeCd 0099552),2026-11-12,sold_out,30800,0
26/09/26 20:29:11,Room (planCd 00423872 / roomTypeCd 0099552),2026-11-13,sold_out,30800,0
26/09/26 20:29:11,Room (planCd 00423872 / roomTypeCd 0099552),2026-11-14,sold_out,35200,0
26/09/26 20:29:11,Room (planCd 00423872 / roomTypeCd 0099552),2026-11-15,sold_out,30800,0
26/09/26 20:29:11,Room (planCd 00423872 / roomTypeCd 0099552),2026-11-16,sold_out,30800,0
26/09/26 20:29:11,Room (planCd 00423872 / roomTypeCd 0099552),2026-11-17,sold_out,30800,0
26/09/26 20:29:11,Room (planCd 00423872 / roomTypeCd 0099552),2026-11-18,sold_out,30800,0
26/09/26 20:29:11,Room (planCd 00423872 / roomTypeCd 0099552),2026-11-19,sold_out,30800,0
26/09/26 20:29:11,Room (planCd 00423872 / roomTypeCd 0099552),2026-11-20,sold_out,30800,0
26/09/26 20:29:11,Room (planCd 00423872 / roomTypeCd 0099552),2026-11-21,sold_out,39600,0
26/09/26 20:29:11,Room (planCd 00423872 / roomTypeCd 0099552),2026-11-22,sold_out,39600,0
26/09/26 20:29:11,Room (planCd 00423872 / roomTypeCd 0099552),2026-11-23,sold_out,30800,0
26/09/26 20:29:11,Room (planCd 00423872 / roomTypeCd 0099552),2026-11-24,sold_out,30800,0
26/09/26 20:29:11,Room (planCd 00423872 / roomTypeCd 0099552),2026-11-25,sold_out,30800,0
26/09/26 20:29:11,Room (planCd 00423872 / roomTypeCd 0099552),2026-11-26,sold_out,30800,0
26/09/26 20:29:11,Room (planCd 00423872 / roomTypeCd 0099552),2026-11-27,sold_out,30800,0
26/09/26 20:29:11,Room (planCd 00423872 / roomTypeCd 0099552),2026-11-28,sold_out,35200,0
26/09/26 20:29:11,Room (planCd 00423872 / roomTypeCd 0099552),2026-11-29,sold_out,30800,0
26/09/26 20:29:11,Room (planCd 00423872 / roomTypeCd 0099552),2026-11-30,sold_out,30800,0
26/09/26 20:29:11,Room (planCd 00423872 / roomTypeCd 0099552),2026-12-01,sold_out,30800,0
26/09/26 20:29:11,Room (planCd 00423872 / roomTypeCd 0099552),2026-12-02,sold_out,30800,0
26/09/26 20:29:11,Room (planCd 00423872 / roomTypeCd 0099552),2026-12-03,sold_out,30800,0
26/09/26 20:29:11,Room (planCd 00423872 / roomTypeCd 0099552),2026-12-04,sold_out,30800,0
26/09/26 20:29:11,Room (planCd 00423872 / roomTypeCd 0099552),2026-12-05,sold_out,35200,0
26/09/26 20:29:11,Room (planCd 00423872 / roomTypeCd 0099552),2026-12-06,sold_out,30800,0
26/09/26 20:29:11,Room (planCd 00423872 / roomTypeCd 0099552),2026-12-07,sold_out,30800,0
26/09/26 20:29:11,Room (planCd 00423872 / roomTypeCd 0099552),2026-12-08,sold_out,30800,0
26/09/26 20:29:11,Room (planCd 00423872 / roomTypeCd 0099552),2026-12-09,sold_out,30800,0
26/09/26 20:29:11,Room (planCd 00423872 / roomTypeCd 0099552),2026-12-10,sold_out,30800,0
26/09/26 20:29:11,Room (planCd 00423872 / roomTypeCd 0099552),2026-12-11,sold_out,30800,0
26/09/26 20:29:11,Room (planCd 00423872 / roomTypeCd 0099552),2026-12-12,sold_out,35200,0
26/09/26 20:29:11,Room (planCd 00423872 / roomTypeCd 0099552),2026-12-13,sold_out,30800,0
26/09/26 20:29:11,Room (planCd 00423872 / roomTypeCd 0099552),2026-12-14,sold_out,30800,0
26/09/26 20:29:11,Room (planCd 00423872 / roomTypeCd 0099552),2026-12-15,sold_out,30800,0
26/09/26 20:29:11,Room (planCd 00423872 / roomTypeCd 0099552),2026-12-16,sold_out,30800,0
26/09/26 20:29:11,Room (planCd 00423872 / roomTypeCd 0099552),2026-12-17,sold_out,30800,0
26/09/26 20:29:11,Room (planCd 00423872 / roomTypeCd 0099552),2026-12-18,sold_out,30800,0
26/09/26 20:29:11,Room (planCd 00423872 / roomTypeCd 0099552),2026-12-19,sold_out,35200,0
26/09/26 20:29:11,Room (planCd 00423872 / roomTypeCd 0099552),2026-12-20,sold_out,30800,0
26/09/26 20:29:11,Room (planCd 00423872 / roomTypeCd 0099552),2026-12-21,sold_out,30800,0
26/09/26 20:29:11,Room (planCd 00423872 / roomTypeCd 0099552),2026-12-22,sold_out,30800,0
26/09/26 20:29:11,Room (planCd 00423872 / roomTypeCd 0099552),2026-12-23,sold_out,30800,0
26/09/26 20:29:11,Room (planCd 00423872 / roomTypeCd 0099552),2026-12-24,sold_out,30800,0
26/09/26 20:29:11,Room (planCd 00423872 / roomTypeCd 0099552),2026-12-25,sold_out,30800,0
26/09/26 20:29:11,Room (planCd 00423872 / roomTypeCd 0099552),2026-12-26,sold_out,39600,0
26/09/26 20:29:11,Room (planCd 00423872 / roomTypeCd 0099552),2026-12-27,sold_out,39600,0
26/09/26 20:29:11,Room (planCd 00423872 / roomTypeCd 0099552),2026-12-28,sold_out,39600,0
26/09/26 20:29:11,Room (planCd 00423872 / roomTypeCd 0099552),2026-12-29,sold_out,39600,0
26/09/26 20:29:11,Room (planCd 00423872 / roomTypeCd 0099552),2026-12-30,sold_out,39600,0
26/09/26 20:29:11,Room (planCd 00423872 / roomTypeCd 0099552),2026-12-31,sold_out,46200,0
26/09/26 21:01:39,Room (planCd 00423872 / roomTypeCd 0099552),2026-09-27,sold_out,30800,0
26/09/26 21:01:39,Room (planCd 00423872 / roomTypeCd 0099552),2026-09-28,sold_out,30800,0
26/09/26 21:01:39,Room (planCd 00423872 / roomTypeCd 0099552),2026-09-29,sold_out,30800,0
26/09/26 21:01:39,Room (planCd 00423872 / roomTypeCd 0099552),2026-09-30,sold_out,30800,0
26/09/26 21:01:39,Room (planCd 00423872 / roomTypeCd 0099552),2026-10-01,available,30800,1
26/09/26 21:01:39,Room (planCd 00423872 / roomTypeCd 0099552),2026-10-02,sold_out,30800,0
26/09/26 21:01:39,Room (planCd 00423872 / roomTypeCd 0099552),2026-10-03,sold_out,35200,0
26/09/26 21:01:39,Room (planCd 00423872 / roomTypeCd 0099552),2026-10-04,sold_out,30800,0
26/09/26 21:01:39,Room (planCd 00423872 / roomTypeCd 0099552),2026-10-05,sold_out,30800,0
26/09/26 21:01:39,Room (planCd 00423872 / roomTypeCd 0099552),2026-10-06,sold_out,30800,0
26/09/26 21:01:39,Room (planCd 00423872 / roomTypeCd 0099552),2026-10-07,available,30800,1
26/09/26 21:01:39,Room (planCd 00423872 / roomTypeCd 0099552),2026-10-08,sold_out,30800,0
26/09/26 21:01:39,Room (planCd 00423872 / roomTypeCd 0099552),2026-10-09,sold_out,30800,0
26/09/26 21:01:39,Room (planCd 00423872 / roomTypeCd 0099552),2026-10-10,sold_out,39600,0
26/09/26 21:01:39,Room (planCd 00423872 / roomTypeCd 0099552),2026-10-11,sold_out,39600,0
26/09/26 21:01:39,Room (planCd 00423872 / roomTypeCd 0099552),2026-10-12,available,30800,1
26/09/26 21:01:39,Room (planCd 00423872 / roomTypeCd 0099552),2026-10-13,sold_out,30800,0
26/09/26 21:01:39,Room (planCd 00423872 / roomTypeCd 0099552),2026-10-14,available,30800,2
26/09/26 21:01:39,Room (planCd 00423872 / roomTypeCd 0099552),2026-10-15,sold_out,30800,0
26/09/26 21:01:39,Room (planCd 00423872 / roomTypeCd 0099552),2026-10-16,sold_out,30800,0
26/09/26 21:01:39,Room (planCd 00423872 / roomTypeCd 0099552),2026-10-17,sold_out,35200,0
26/09/26 21:01:39,Room (planCd 00423872 / roomTypeCd 0099552),2026-10-18,sold_out,30800,0
26/09/26 21:01:39,Room (planCd 00423872 / roomTypeCd 0099552),2026-10-19,sold_out,30800,0
26/09/26 21:01:39,Room (planCd 00423872 / roomTypeCd 0099552),2026-10-20,sold_out,30800,0
26/09/26 21:01:39,Room (planCd 00423872 / roomTypeCd 0099552),2026-10-21,sold_out,30800,0
26/09/26 21:01:39,Room (planCd 00423872 / roomTypeCd 0099552),2026-10-22,sold_out,30800,0
26/09/26 21:01:39,Room (planCd 00423872 / roomTypeCd 0099552),2026-10-23,sold_out,30800,0
26/09/26 21:01:39,Room (planCd 00423872 / roomTypeCd 0099552),2026-10-24,sold_out,35200,0
26/09/26 21:01:39,Room (planCd 00423872 / roomTypeCd 0099552),2026-10-25,sold_out,30800,0
26/09/26 21:01:39,Room (planCd 00423872 / roomTypeCd 0099552),2026-10-26,sold_out,30800,0
26/09/26 21:01:39,Room (planCd 00423872 / roomTypeCd 0099552),2026-10-27,sold_out,30800,0
26/09/26 21:01:39,Room (planCd 00423872 / roomTypeCd 0099552),2026-10-28,available,30800,2
26/09/26 21:01:39,Room (planCd 00423872 / roomTypeCd 0099552),2026-10-29,available,30800,2
26/09/26 21:01:39,Room (planCd 00423872 / roomTypeCd 0099552),2026-10-30,sold_out,30800,0
26/09/26 21:01:39,Room (planCd 00423872 / roomTypeCd 0099552),2026-10-31,sold_out,35200,0
26/09/26 21:01:39,Room (planCd 00423872 / roomTypeCd 0099552),2026-11-01,sold_out,30800,0
26/09/26 21:01:39,Room (planCd 00423872 / roomTypeCd 0099552),2026-11-02,sold_out,30800,0
26/09/26 21:01:39,Room (planCd 00423872 / roomTypeCd 0099552),2026-11-03,sold_out,30800,0
26/09/26 21:01:39,Room (planCd 00423872 / roomTypeCd 0099552),2026-11-04,sold_out,30800,0
26/09/26 21:01:39,Room (planCd 00423872 / roomTypeCd 0099552),2026-11-05,sold_out,30800,0
26/09/26 21:01:39,Room (planCd 00423872 / roomTypeCd 0099552),2026-11-06,sold_out,30800,0
26/09/26 21:01:39,Room (planCd 00423872 / roomTypeCd 0099552),2026-11-07,sold_out,35200,0
26/09/26 21:01:39,Room (planCd 00423872 / roomTypeCd 0099552),2026-11-08,sold_out,30800,0
26/09/26 21:01:39,Room (planCd 00423872 / roomTypeCd 0099552),2026-11-09,sold_out,30800,0
26/09/26 21:01:39,Room (planCd 00423872 / roomTypeCd 0099552),2026-11-10,sold_out,30800,0
26/09/26 21:01:39,Room (planCd 00423872 / roomTypeCd 0099552),2026-11-11,sold_out,30800,0
26/09/26 21:01:39,Room (planCd 00423872 / roomTypeCd 0099552),2026-11-12,sold_out,30800,0
26/09/26 21:01:39,Room (planCd 00423872 / roomTypeCd 0099552),2026-11-13,sold_out,30800,0
26/09/26 21:01:39,Room (planCd 00423872 / roomTypeCd 0099552),2026-11-14,sold_out,35200,0
26/09/26 21:01:39,Room (planCd 00423872 / roomTypeCd 0099552),2026-11-15,sold_out,30800,0
26/09/26 21:01:39,Room (planCd 00423872 / roomTypeCd 0099552),2026-11-16,sold_out,30800,0
26/09/26 21:01:39,Room (planCd 00423872 / roomTypeCd 0099552),2026-11-17,sold_out,30800,0
26/09/26 21:01:39,Room (planCd 00423872 / roomTypeCd 0099552),2026-11-18,sold_out,30800,0
26/09/26 21:01:39,Room (planCd 00423872 / roomTypeCd 0099552),2026-11-19,sold_out,30800,0
26/09/26 21:01:39,Room (planCd 00423872 / roomTypeCd 0099552),2026-11-20,sold_out,30800,0
26/09/26 21:01:39,Room (planCd 00423872 / roomTypeCd 0099552),2026-11-21,sold_out,39600,0
26/09/26 21:01:39,Room (planCd 00423872 / roomTypeCd 0099552),2026-11-22,sold_out,39600,0
26/09/26 21:01:39,Room (planCd 00423872 / roomTypeCd 0099552),2026-11-23,sold_out,30800,0
26/09/26 21:01:39,Room (planCd 00423872 / roomTypeCd 0099552),2026-11-24,sold_out,30800,0
26/09/26 21:01:39,Room (planCd 00423872 / roomTypeCd 0099552),2026-11-25,sold_out,30800,0
26/09/26 21:01:39,Room (planCd 00423872 / roomTypeCd 0099552),2026-11-26,sold_out,30800,0
26/09/26 21:01:39,Room (planCd 00423872 / roomTypeCd 0099552),2026-11-27,sold_out,30800,0
26/09/26 21:01:39,Room (planCd 00423872 / roomTypeCd 0099552),2026-11-28,sold_out,35200,0
26/09/26 21:01:39,Room (planCd 00423872 / roomTypeCd 0099552),2026-11-29,sold_out,30800,0
26/09/26 21:01:39,Room (planCd 00423872 / roomTypeCd 0099552),2026-11-30,sold_out,30800,0
26/09/26 21:01:39,Room (planCd 00423872 / roomTypeCd 0099552),2026-12-01,sold_out,30800,0
26/09/26 21:01:39,Room (planCd 00423872 / roomTypeCd 0099552),2026-12-02,sold_out,30800,0
26/09/26 21:01:39,Room (planCd 00423872 / roomTypeCd 0099552),2026-12-03,sold_out,30800,0
26/09/26 21:01:39,Room (planCd 00423872 / roomTypeCd 0099552),2026-12-04,sold_out,30800,0
26/09/26 21:01:39,Room (planCd 00423872 / roomTypeCd 0099552),2026-12-05,sold_out,35200,0
26/09/26 21:01:39,Room (planCd 00423872 / roomTypeCd 0099552),2026-12-06,sold_out,30800,0
26/09/26 21:01:39,Room (planCd 00423872 / roomTypeCd 0099552),2026-12-07,sold_out,30800,0
26/09/26 21:01:39,Room (planCd 00423872 / roomTypeCd 0099552),2026-12-08,sold_out,30800,0
26/09/26 21:01:39,Room (planCd 00423872 / roomTypeCd 0099552),2026-12-09,sold_out,30800,0
26/09/26 21:01:39,Room (planCd 00423872 / roomTypeCd 0099552),2026-12-10,sold_out,30800,0
26/09/26 21:01:39,Room (planCd 00423872 / roomTypeCd 0099552),2026-12-11,sold_out,30800,0
26/09/26 21:01:39,Room (planCd 00423872 / roomTypeCd 0099552),2026-12-12,sold_out,35200,0
26/09/26 21:01:39,Room (planCd 00423872 / roomTypeCd 0099552),2026-12-13,sold_out,30800,0
26/09/26 21:01:39,Room (planCd 00423872 / roomTypeCd 0099552),2026-12-14,sold_out,30800,0
26/09/26 21:01:39,Room (planCd 00423872 / roomTypeCd 0099552),2026-12-15,sold_out,30800,0
26/09/26 21:01:39,Room (planCd 00423872 / roomTypeCd 0099552),2026-12-16,sold_out,30800,0
26/09/26 21:01:39,Room (planCd 00423872 / roomTypeCd 0099552),2026-12-17,sold_out,30800,0
26/09/26 21:01:39,Room (planCd 00423872 / roomTypeCd 0099552),2026-12-18,sold_out,30800,0
26/09/26 21:01:39,Room (planCd 00423872 / roomTypeCd 0099552),2026-12-19,sold_out,35200,0
26/09/26 21:01:39,Room (planCd 00423872 / roomTypeCd 0099552),2026-12-20,sold_out,30800,0
26/09/26 21:01:39,Room (planCd 00423872 / roomTypeCd 0099552),2026-12-21,sold_out,30800,0
26/09/26 21:01:39,Room (planCd 00423872 / roomTypeCd 0099552),2026-12-22,sold_out,30800,0
26/09/26 21:01:39,Room (planCd 00423872 / roomTypeCd 0099552),2026-12-23,sold_out,30800,0
26/09/26 21:01:39,Room (planCd 00423872 / roomTypeCd 0099552),2026-12-24,sold_out,30800,0
26/09/26 21:01:39,Room (planCd 00423872 / roomTypeCd 0099552),2026-12-25,sold_out,30800,0
26/09/26 21:01:39,Room (planCd 00423872 / roomTypeCd 0099552),2026-12-26,sold_out,39600,0
26/09/26 21:01:39,Room (planCd 00423872 / roomTypeCd 0099552),2026-12-27,sold_out,39600,0
26/09/26 21:01:39,Room (planCd 00423872 / roomTypeCd 0099552),2026-12-28,sold_out,39600,0
26/09/26 21:01:39,Room (planCd 00423872 / roomTypeCd 0099552),2026-12-29,sold_out,39600,0
26/09/26 21:01:39,Room (planCd 00423872 / roomTypeCd 0099552),2026-12-30,sold_out,39600,0
26/09/26 21:01:39,Room (planCd 00423872 / roomTypeCd 0099552),2026-12-31,sold_out,46200,0
26/09/26 22:01:35,Room (planCd 00423872 / roomTypeCd 0099552),2026-09-27,sold_out,30800,0
26/09/26 22:01:35,Room (planCd 00423872 / roomTypeCd 0099552),2026-09-28,sold_out,30800,0
26/09/26 22:01:35,Room (planCd 00423872 / roomTypeCd 0099552),2026-09-29,sold_out,30800,0
26/09/26 22:01:35,Room (planCd 00423872 / roomTypeCd 0099552),2026-09-30,sold_out,30800,0
26/09/26 22:01:35,Room (planCd 00423872 / roomTypeCd 0099552),2026-10-01,available,30800,1
26/09/26 22:01:35,Room (planCd 00423872 / roomTypeCd 0099552),2026-10-02,sold_out,30800,0
26/09/26 22:01:35,Room (planCd 00423872 / roomTypeCd 0099552),2026-10-03,sold_out,35200,0
26/09/26 22:01:35,Room (planCd 00423872 / roomTypeCd 0099552),2026-10-04,sold_out,30800,0
26/09/26 22:01:35,Room (planCd 00423872 / roomTypeCd 0099552),2026-10-05,sold_out,30800,0
26/09/26 22:01:35,Room (planCd 00423872 / roomTypeCd 0099552),2026-10-06,sold_out,30800,0
26/09/26 22:01:35,Room (planCd 00423872 / roomTypeCd 0099552),2026-10-07,available,30800,1
26/09/26 22:01:35,Room (planCd 00423872 / roomTypeCd 0099552),2026-10-08,sold_out,30800,0
26/09/26 22:01:35,Room (planCd 00423872 / roomTypeCd 0099552),2026-10-09,sold_out,30800,0
26/09/26 22:01:35,Room (planCd 00423872 / roomTypeCd 0099552),2026-10-10,sold_out,39600,0
26/09/26 22:01:35,Room (planCd 00423872 / roomTypeCd 0099552),2026-10-11,sold_out,39600,0
26/09/26 22:01:35,Room (planCd 00423872 / roomTypeCd 0099552),2026-10-12,available,30800,1
26/09/26 22:01:35,Room (planCd 00423872 / roomTypeCd 0099552),2026-10-13,sold_out,30800,0
26/09/26 22:01:35,Room (planCd 00423872 / roomTypeCd 0099552),2026-10-14,available,30800,2
26/09/26 22:01:35,Room (planCd 00423872 / roomTypeCd 0099552),2026-10-15,sold_out,30800,0
26/09/26 22:01:35,Room (planCd 00423872 / roomTypeCd 0099552),2026-10-16,sold_out,30800,0
26/09/26 22:01:35,Room (planCd 00423872 / roomTypeCd 0099552),2026-10-17,available,35200,1
26/09/26 22:01:35,Room (planCd 00423872 / roomTypeCd 0099552),2026-10-18,sold_out,30800,0
26/09/26 22:01:35,Room (planCd 00423872 / roomTypeCd 0099552),2026-10-19,sold_out,30800,0
26/09/26 22:01:35,Room (planCd 00423872 / roomTypeCd 0099552),2026-10-20,sold_out,30800,0
26/09/26 22:01:35,Room (planCd 00423872 / roomTypeCd 0099552),2026-10-21,sold_out,30800,0
26/09/26 22:01:35,Room (planCd 00423872 / roomTypeCd 0099552),2026-10-22,sold_out,30800,0
26/09/26 22:01:35,Room (planCd 00423872 / roomTypeCd 0099552),2026-10-23,sold_out,30800,0
26/09/26 22:01:35,Room (planCd 00423872 / roomTypeCd 0099552),2026-10-24,sold_out,35200,0
26/09/26 22:01:35,Room (planCd 00423872 / roomTypeCd 0099552),2026-10-25,sold_out,30800,0
26/09/26 22:01:35,Room (planCd 00423872 / roomTypeCd 0099552),2026-10-26,sold_out,30800,0
26/09/26 22:01:35,Room (planCd 00423872 / roomTypeCd 0099552),2026-10-27,sold_out,30800,0
26/09/26 22:01:35,Room (planCd 00423872 / roomTypeCd 0099552),2026-10-28,available,30800,2
26/09/26 22:01:35,Room (planCd 00423872 / roomTypeCd 0099552),2026-10-29,available,30800,2
26/09/26 22:01:35,Room (planCd 00423872 / roomTypeCd 0099552),2026-10-30,sold_out,30800,0
26/09/26 22:01:35,Room (planCd 00423872 / roomTypeCd 0099552),2026-10-31,sold_out,35200,0
26/09/26 22:01:35,Room (planCd 00423872 / roomTypeCd 0099552),2026-11-01,sold_out,30800,0
26/09/26 22:01:35,Room (planCd 00423872 / roomTypeCd 0099552),2026-11-02,sold_out,30800,0
26/09/26 22:01:35,Room (planCd 00423872 / roomTypeCd 0099552),2026-11-03,sold_out,30800,0
26/09/26 22:01:35,Room (planCd 00423872 / roomTypeCd 0099552),2026-11-04,sold_out,30800,0
26/09/26 22:01:35,Room (planCd 00423872 / roomTypeCd 0099552),2026-11-05,sold_out,30800,0
26/09/26 22:01:35,Room (planCd 00423872 / roomTypeCd 0099552),2026-11-06,sold_out,30800,0
26/09/26 22:01:35,Room (planCd 00423872 / roomTypeCd 0099552),2026-11-07,sold_out,35200,0
26/09/26 22:01:35,Room (planCd 00423872 / roomTypeCd 0099552),2026-11-08,sold_out,30800,0
26/09/26 22:01:35,Room (planCd 00423872 / roomTypeCd 0099552),2026-11-09,sold_out,30800,0
26/09/26 22:01:35,Room (planCd 00423872 / roomTypeCd 0099552),2026-11-10,sold_out,30800,0
26/09/26 22:01:35,Room (planCd 00423872 / roomTypeCd 0099552),2026-11-11,sold_out,30800,0
26/09/26 22:01:35,Room (planCd 00423872 / roomTypeCd 0099552),2026-11-12,sold_out,30800,0
26/09/26 22:01:35,Room (planCd 00423872 / roomTypeCd 0099552),2026-11-13,sold_out,30800,0
26/09/26 22:01:35,Room (planCd 00423872 / roomTypeCd 0099552),2026-11-14,sold_out,35200,0
26/09/26 22:01:35,Room (planCd 00423872 / roomTypeCd 0099552),2026-11-15,sold_out,30800,0
26/09/26 22:01:35,Room (planCd 00423872 / roomTypeCd 0099552),2026-11-16,sold_out,30800,0
26/09/26 22:01:35,Room (planCd 00423872 / roomTypeCd 0099552),2026-11-17,sold_out,30800,0
26/09/26 22:01:35,Room (planCd 00423872 / roomTypeCd 0099552),2026-11-18,sold_out,30800,0
26/09/26 22:01:35,Room (planCd 00423872 / roomTypeCd 0099552),2026-11-19,sold_out,30800,0
26/09/26 22:01:35,Room (planCd 00423872 / roomTypeCd 0099552),2026-11-20,sold_out,30800,0
26/09/26 22:01:35,Room (planCd 00423872 / roomTypeCd 0099552),2026-11-21,sold_out,39600,0
26/09/26 22:01:35,Room (planCd 00423872 / roomTypeCd 0099552),2026-11-22,sold_out,39600,0
26/09/26 22:01:35,Room (planCd 00423872 / roomTypeCd 0099552),2026-11-23,sold_out,30800,0
26/09/26 22:01:35,Room (planCd 00423872 / roomTypeCd 0099552),2026-11-24,sold_out,30800,0
26/09/26 22:01:35,Room (planCd 00423872 / roomTypeCd 0099552),2026-11-25,sold_out,30800,0
26/09/26 22:01:35,Room (planCd 00423872 / roomTypeCd 0099552),2026-11-26,sold_out,30800,0
26/09/26 22:01:35,Room (planCd 00423872 / roomTypeCd 0099552),2026-11-27,sold_out,30800,0
26/09/26 22:01:35,Room (planCd 00423872 / roomTypeCd 0099552),2026-11-28,sold_out,35200,0
26/09/26 22:01:35,Room (planCd 00423872 / roomTypeCd 0099552),2026-11-29,sold_out,30800,0
26/09/26 22:01:35,Room (planCd 00423872 / roomTypeCd 0099552),2026-11-30,sold_out,30800,0
26/09/26 22:01:35,Room (planCd 00423872 / roomTypeCd 0099552),2026-12-01,sold_out,30800,0
26/09/26 22:01:35,Room (planCd 00423872 / roomTypeCd 0099552),2026-12-02,sold_out,30800,0
26/09/26 22:01:35,Room (planCd 00423872 / roomTypeCd 0099552),2026-12-03,sold_out,30800,0
26/09/26 22:01:35,Room (planCd 00423872 / roomTypeCd 0099552),2026-12-04,sold_out,30800,0
26/09/26 22:01:35,Room (planCd 00423872 / roomTypeCd 0099552),2026-12-05,sold_out,35200,0
26/09/26 22:01:35,Room (planCd 00423872 / roomTypeCd 0099552),2026-12-06,sold_out,30800,0
26/09/26 22:01:35,Room (planCd 00423872 / roomTypeCd 0099552),2026-12-07,sold_out,30800,0
26/09/26 22:01:35,Room (planCd 00423872 / roomTypeCd 0099552),2026-12-08,sold_out,30800,0
26/09/26 22:01:35,Room (planCd 00423872 / roomTypeCd 0099552),2026-12-09,sold_out,30800,0
26/09/26 22:01:35,Room (planCd 00423872 / roomTypeCd 0099552),2026-12-10,sold_out,30800,0
26/09/26 22:01:35,Room (planCd 00423872 / roomTypeCd 0099552),2026-12-11,sold_out,30800,0
26/09/26 22:01:35,Room (planCd 00423872 / roomTypeCd 0099552),2026-12-12,sold_out,35200,0
26/09/26 22:01:35,Room (planCd 00423872 / roomTypeCd 0099552),2026-12-13,sold_out,30800,0
26/09/26 22:01:35,Room (planCd 00423872 / roomTypeCd 0099552),2026-12-14,sold_out,30800,0
26/09/26 22:01:35,Room (planCd 00423872 / roomTypeCd 0099552),2026-12-15,sold_out,30800,0
26/09/26 22:01:35,Room (planCd 00423872 / roomTypeCd 0099552),2026-12-16,sold_out,30800,0
26/09/26 22:01:35,Room (planCd 00423872 / roomTypeCd 0099552),2026-12-17,sold_out,30800,0
26/09/26 22:01:35,Room (planCd 00423872 / roomTypeCd 0099552),2026-12-18,sold_out,30800,0
26/09/26 22:01:35,Room (planCd 00423872 / roomTypeCd 0099552),2026-12-19,sold_out,35200,0
26/09/26 22:01:35,Room (planCd 00423872 / roomTypeCd 0099552),2026-12-20,sold_out,30800,0
26/09/26 22:01:35,Room (planCd 00423872 / roomTypeCd 0099552),2026-12-21,sold_out,30800,0
26/09/26 22:01:35,Room (planCd 00423872 / roomTypeCd 0099552),2026-12-22,sold_out,30800,0
26/09/26 22:01:35,Room (planCd 00423872 / roomTypeCd 0099552),2026-12-23,sold_out,30800,0
26/09/26 22:01:35,Room (planCd 00423872 / roomTypeCd 0099552),2026-12-24,sold_out,30800,0
26/09/26 22:01:35,Room (planCd 00423872 / roomTypeCd 0099552),2026-12-25,sold_out,30800,0
26/09/26 22:01:35,Room (planCd 00423872 / roomTypeCd 0099552),2026-12-26,sold_out,39600,0
26/09/26 22:01:35,Room (planCd 00423872 / roomTypeCd 0099552),2026-12-27,sold_out,39600,0
26/09/26 22:01:35,Room (planCd 00423872 / roomTypeCd 0099552),2026-12-28,sold_out,39600,0
26/09/26 22:01:35,Room (planCd 00423872 / roomTypeCd 0099552),2026-12-29,sold_out,39600,0
26/09/26 22:01:35,Room (planCd 00423872 / roomTypeCd 0099552),2026-12-30,sold_out,39600,0
26/09/26 22:01:35,Room (planCd 00423872 / roomTypeCd 0099552),2026-12-31,sold_out,46200,0
26/09/26 23:01:33,Room (planCd 00423872 / roomTypeCd 0099552),2026-09-27,sold_out,30800,0
26/09/26 23:01:33,Room (planCd 00423872 / roomTypeCd 0099552),2026-09-28,sold_out,30800,0
26/09/26 23:01:33,Room (planCd 00423872 / roomTypeCd 0099552),2026-09-29,sold_out,30800,0
26/09/26 23:01:33,Room (planCd 00423872 / roomTypeCd 0099552),2026-09-30,sold_out,30800,0
26/09/26 23:01:33,Room (planCd 00423872 / roomTypeCd 0099552),2026-10-01,available,30800,1
26/09/26 23:01:33,Room (planCd 00423872 / roomTypeCd 0099552),2026-10-02,sold_out,30800,0
26/09/26 23:01:33,Room (planCd 00423872 / roomTypeCd 0099552),2026-10-03,sold_out,35200,0
26/09/26 23:01:33,Room (planCd 00423872 / roomTypeCd 0099552),2026-10-04,sold_out,30800,0
26/09/26 23:01:33,Room (planCd 00423872 / roomTypeCd 0099552),2026-10-05,sold_out,30800,0
26/09/26 23:01:33,Room (planCd 00423872 / roomTypeCd 0099552),2026-10-06,sold_out,30800,0
26/09/26 23:01:33,Room (planCd 00423872 / roomTypeCd 0099552),2026-10-07,available,30800,1
26/09/26 23:01:33,Room (planCd 00423872 / roomTypeCd 0099552),2026-10-08,sold_out,30800,0
26/09/26 23:01:33,Room (planCd 00423872 / roomTypeCd 0099552),2026-10-09,sold_out,30800,0
26/09/26 23:01:33,Room (planCd 00423872 / roomTypeCd 0099552),2026-10-10,sold_out,39600,0
26/09/26 23:01:33,Room (planCd 00423872 / roomTypeCd 0099552),2026-10-11,sold_out,39600,0
26/09/26 23:01:33,Room (planCd 00423872 / roomTypeCd 0099552),2026-10-12,available,30800,1
26/09/26 23:01:33,Room (planCd 00423872 / roomTypeCd 0099552),2026-10-13,sold_out,30800,0
26/09/26 23:01:33,Room (planCd 00423872 / roomTypeCd 0099552),2026-10-14,available,30800,2
26/09/26 23:01:33,Room (planCd 00423872 / roomTypeCd 0099552),2026-10-15,sold_out,30800,0
26/09/26 23:01:33,Room (planCd 00423872 / roomTypeCd 0099552),2026-10-16,sold_out,30800,0
26/09/26 23:01:33,Room (planCd 00423872 / roomTypeCd 0099552),2026-10-17,available,35200,1
26/09/26 23:01:33,Room (planCd 00423872 / roomTypeCd 0099552),2026-10-18,sold_out,30800,0
26/09/26 23:01:33,Room (planCd 00423872 / roomTypeCd 0099552),2026-10-19,sold_out,30800,0
26/09/26 23:01:33,Room (planCd 00423872 / roomTypeCd 0099552),2026-10-20,sold_out,30800,0
26/09/26 23:01:33,Room (planCd 00423872 / roomTypeCd 0099552),2026-10-21,sold_out,30800,0
26/09/26 23:01:33,Room (planCd 00423872 / roomTypeCd 0099552),2026-10-22,sold_out,30800,0
26/09/26 23:01:33,Room (planCd 00423872 / roomTypeCd 0099552),2026-10-23,sold_out,30800,0
26/09/26 23:01:33,Room (planCd 00423872 / roomTypeCd 0099552),2026-10-24,sold_out,35200,0
26/09/26 23:01:33,Room (planCd 00423872 / roomTypeCd 0099552),2026-10-25,sold_out,30800,0
26/09/26 23:01:33,Room (planCd 00423872 / roomTypeCd 0099552),2026-10-26,sold_out,30800,0
26/09/26 23:01:33,Room (planCd 00423872 / roomTypeCd 0099552),2026-10-27,sold_out,30800,0
26/09/26 23:01:33,Room (planCd 00423872 / roomTypeCd 0099552),2026-10-28,available,30800,2
26/09/26 23:01:33,Room (planCd 00423872 / roomTypeCd 0099552),2026-10-29,available,30800,2
26/09/26 23:01:33,Room (planCd 00423872 / roomTypeCd 0099552),2026-10-30,sold_out,30800,0
26/09/26 23:01:33,Room (planCd 00423872 / roomTypeCd 0099552),2026-10-31,sold_out,35200,0
26/09/26 23:01:33,Room (planCd 00423872 / roomTypeCd 0099552),2026-11-01,sold_out,30800,0
26/09/26 23:01:33,Room (planCd 00423872 / roomTypeCd 0099552),2026-11-02,sold_out,30800,0
26/09/26 23:01:33,Room (planCd 00423872 / roomTypeCd 0099552),2026-11-03,sold_out,30800,0
26/09/26 23:01:33,Room (planCd 00423872 / roomTypeCd 0099552),2026-11-04,sold_out,30800,0
26/09/26 23:01:33,Room (planCd 00423872 / roomTypeCd 0099552),2026-11-05,sold_out,30800,0
26/09/26 23:01:33,Room (planCd 00423872 / roomTypeCd 0099552),2026-11-06,sold_out,30800,0
26/09/26 23:01:33,Room (planCd 00423872 / roomTypeCd 0099552),2026-11-07,sold_out,35200,0
26/09/26 23:01:33,Room (planCd 00423872 / roomTypeCd 0099552),2026-11-08,sold_out,30800,0
26/09/26 23:01:33,Room (planCd 00423872 / roomTypeCd 0099552),2026-11-09,sold_out,30800,0
26/09/26 23:01:33,Room (planCd 00423872 / roomTypeCd 0099552),2026-11-10,sold_out,30800,0
26/09/26 23:01:33,Room (planCd 00423872 / roomTypeCd 0099552),2026-11-11,sold_out,30800,0
26/09/26 23:01:33,Room (planCd 00423872 / roomTypeCd 0099552),2026-11-12,sold_out,30800,0
26/09/26 23:01:33,Room (planCd 00423872 / roomTypeCd 0099552),2026-11-13,sold_out,30800,0
26/09/26 23:01:33,Room (planCd 00423872 / roomTypeCd 0099552),2026-11-14,sold_out,35200,0
26/09/26 23:01:33,Room (planCd 00423872 / roomTypeCd 0099552),2026-11-15,sold_out,30800,0
26/09/26 23:01:33,Room (planCd 00423872 / roomTypeCd 0099552),2026-11-16,sold_out,30800,0
26/09/26 23:01:33,Room (planCd 00423872 / roomTypeCd 0099552),2026-11-17,sold_out,30800,0
26/09/26 23:01:33,Room (planCd 00423872 / roomTypeCd 0099552),2026-11-18,sold_out,30800,0
26/09/26 23:01:33,Room (planCd 00423872 / roomTypeCd 0099552),2026-11-19,sold_out,30800,0
26/09/26 23:01:33,Room (planCd 00423872 / roomTypeCd 0099552),2026-11-20,sold_out,30800,0
26/09/26 23:01:33,Room (planCd 00423872 / roomTypeCd 0099552),2026-11-21,sold_out,39600,0
26/09/26 23:01:33,Room (planCd 00423872 / roomTypeCd 0099552),2026-11-22,sold_out,39600,0
26/09/26 23:01:33,Room (planCd 00423872 / roomTypeCd 0099552),2026-11-23,sold_out,30800,0
26/09/26 23:01:33,Room (planCd 00423872 / roomTypeCd 0099552),2026-11-24,sold_out,30800,0
26/09/26 23:01:33,Room (planCd 00423872 / roomTypeCd 0099552),2026-11-25,sold_out,30800,0
26/09/26 23:01:33,Room (planCd 00423872 / roomTypeCd 0099552),2026-11-26,sold_out,30800,0
26/09/26 23:01:33,Room (planCd 00423872 / roomTypeCd 0099552),2026-11-27,sold_out,30800,0
26/09/26 23:01:33,Room (planCd 00423872 / roomTypeCd 0099552),2026-11-28,sold_out,35200,0
26/09/26 23:01:33,Room (planCd 00423872 / roomTypeCd 0099552),2026-11-29,sold_out,30800,0
26/09/26 23:01:33,Room (planCd 00423872 / roomTypeCd 0099552),2026-11-30,sold_out,30800,0
26/09/26 23:01:33,Room (planCd 00423872 / roomTypeCd 0099552),2026-12-01,sold_out,30800,0
26/09/26 23:01:33,Room (planCd 00423872 / roomTypeCd 0099552),2026-12-02,sold_out,30800,0
26/09/26 23:01:33,Room (planCd 00423872 / roomTypeCd 0099552),2026-12-03,sold_out,30800,0
26/09/26 23:01:33,Room (planCd 00423872 / roomTypeCd 0099552),2026-12-04,sold_out,30800,0
26/09/26 23:01:33,Room (planCd 00423872 / roomTypeCd 0099552),2026-12-05,sold_out,35200,0
26/09/26 23:01:33,Room (planCd 00423872 / roomTypeCd 0099552),2026-12-06,sold_out,30800,0
26/09/26 23:01:33,Room (planCd 00423872 / roomTypeCd 0099552),2026-12-07,sold_out,30800,0
26/09/26 23:01:33,Room (planCd 00423872 / roomTypeCd 0099552),2026-12-08,sold_out,30800,0
26/09/26 23:01:33,Room (planCd 00423872 / roomTypeCd 0099552),2026-12-09,sold_out,30800,0
26/09/26 23:01:33,Room (planCd 00423872 / roomTypeCd 0099552),2026-12-10,sold_out,30800,0
26/09/26 23:01:33,Room (planCd 00423872 / roomTypeCd 0099552),2026-12-11,sold_out,30800,0
26/09/26 23:01:33,Room (planCd 00423872 / roomTypeCd 0099552),2026-12-12,sold_out,35200,0
26/09/26 23:01:33,Room (planCd 00423872 / roomTypeCd 0099552),2026-12-13,sold_out,30800,0
26/09/26 23:01:33,Room (planCd 00423872 / roomTypeCd 0099552),2026-12-14,sold_out,30800,0
26/09/26 23:01:33,Room (planCd 00423872 / roomTypeCd 0099552),2026-12-15,sold_out,30800,0
26/09/26 23:01:33,Room (planCd 00423872 / roomTypeCd 0099552),2026-12-16,sold_out,30800,0
26/09/26 23:01:33,Room (planCd 00423872 / roomTypeCd 0099552),2026-12-17,sold_out,30800,0
26/09/26 23:01:33,Room (planCd 00423872 / roomTypeCd 0099552),2026-12-18,sold_out,30800,0
26/09/26 23:01:33,Room (planCd 00423872 / roomTypeCd 0099552),2026-12-19,sold_out,35200,0
26/09/26 23:01:33,Room (planCd 00423872 / roomTypeCd 0099552),2026-12-20,sold_out,30800,0
26/09/26 23:01:33,Room (planCd 00423872 / roomTypeCd 0099552),2026-12-21,sold_out,30800,0
26/09/26 23:01:33,Room (planCd 00423872 / roomTypeCd 0099552),2026-12-22,sold_out,30800,0
26/09/26 23:01:33,Room (planCd 00423872 / roomTypeCd 0099552),2026-12-23,sold_out,30800,0
26/09/26 23:01:33,Room (planCd 00423872 / roomTypeCd 0099552),2026-12-24,sold_out,30800,0
26/09/26 23:01:33,Room (planCd 00423872 / roomTypeCd 0099552),2026-12-25,sold_out,30800,0
26/09/26 23:01:33,Room (planCd 00423872 / roomTypeCd 0099552),2026-12-26,sold_out,39600,0
26/09/26 23:01:33,Room (planCd 00423872 / roomTypeCd 0099552),2026-12-27,sold_out,39600,0
26/09/26 23:01:33,Room (planCd 00423872 / roomTypeCd 0099552),2026-12-28,sold_out,39600,0
26/09/26 23:01:33,Room (planCd 00423872 / roomTypeCd 0099552),2026-12-29,sold_out,39600,0
26/09/26 23:01:33,Room (planCd 00423872 / roomTypeCd 0099552),2026-12-30,sold_out,39600,0
26/09/26 23:01:33,Room (planCd 00423872 / roomTypeCd 0099552),2026-12-31,sold_out,46200,0
27/09/26 00:01:38,Room (planCd 00423872 / roomTypeCd 0099552),2026-09-27,sold_out,30800,0
27/09/26 00:01:38,Room (planCd 00423872 / roomTypeCd 0099552),2026-09-28,sold_out,30800,0
27/09/26 00:01:38,Room (planCd 00423872 / roomTypeCd 0099552),2026-09-29,sold_out,30800,0
27/09/26 00:01:38,Room (planCd 00423872 / roomTypeCd 0099552),2026-09-30,sold_out,30800,0
27/09/26 00:01:38,Room (planCd 00423872 / roomTypeCd 0099552),2026-10-01,available,30800,1
27/09/26 00:01:38,Room (planCd 00423872 / roomTypeCd 0099552),2026-10-02,sold_out,30800,0
27/09/26 00:01:38,Room (planCd 00423872 / roomTypeCd 0099552),2026-10-03,sold_out,35200,0
27/09/26 00:01:38,Room (planCd 00423872 / roomTypeCd 0099552),2026-10-04,sold_out,30800,0
27/09/26 00:01:38,Room (planCd 00423872 / roomTypeCd 0099552),2026-10-05,sold_out,30800,0
27/09/26 00:01:38,Room (planCd 00423872 / roomTypeCd 0099552),2026-10-06,sold_out,30800,0
27/09/26 00:01:38,Room (planCd 00423872 / roomTypeCd 0099552),2026-10-07,available,30800,1
27/09/26 00:01:38,Room (planCd 00423872 / roomTypeCd 0099552),2026-10-08,sold_out,30800,0
27/09/26 00:01:38,Room (planCd 00423872 / roomTypeCd 0099552),2026-10-09,sold_out,30800,0
27/09/26 00:01:38,Room (planCd 00423872 / roomTypeCd 0099552),2026-10-10,sold_out,39600,0
27/09/26 00:01:38,Room (planCd 00423872 / roomTypeCd 0099552),2026-10-11,sold_out,39600,0
27/09/26 00:01:38,Room (planCd 00423872 / roomTypeCd 0099552),2026-10-12,available,30800,1
27/09/26 00:01:38,Room (planCd 00423872 / roomTypeCd 0099552),2026-10-13,sold_out,30800,0
27/09/26 00:01:38,Room (planCd 00423872 / roomTypeCd 0099552),2026-10-14,available,30800,2
27/09/26 00:01:38,Room (planCd 00423872 / roomTypeCd 0099552),2026-10-15,sold_out,30800,0
27/09/26 00:01:38,Room (planCd 00423872 / roomTypeCd 0099552),2026-10-16,sold_out,30800,0
27/09/26 00:01:38,Room (planCd 00423872 / roomTypeCd 0099552),2026-10-17,available,35200,1
27/09/26 00:01:38,Room (planCd 00423872 / roomTypeCd 0099552),2026-10-18,sold_out,30800,0
27/09/26 00:01:38,Room (planCd 00423872 / roomTypeCd 0099552),2026-10-19,sold_out,30800,0
27/09/26 00:01:38,Room (planCd 00423872 / roomTypeCd 0099552),2026-10-20,sold_out,30800,0
27/09/26 00:01:38,Room (planCd 00423872 / roomTypeCd 0099552),2026-10-21,sold_out,30800,0
27/09/26 00:01:38,Room (planCd 00423872 / roomTypeCd 0099552),2026-10-22,sold_out,30800,0
27/09/26 00:01:38,Room (planCd 00423872 / roomTypeCd 0099552),2026-10-23,sold_out,30800,0
27/09/26 00:01:38,Room (planCd 00423872 / roomTypeCd 0099552),2026-10-24,sold_out,35200,0
27/09/26 00:01:38,Room (planCd 00423872 / roomTypeCd 0099552),2026-10-25,sold_out,30800,0
27/09/26 00:01:38,Room (planCd 00423872 / roomTypeCd 0099552),2026-10-26,sold_out,30800,0
27/09/26 00:01:38,Room (planCd 00423872 / roomTypeCd 0099552),2026-10-27,sold_out,30800,0
27/09/26 00:01:38,Room (planCd 00423872 / roomTypeCd 0099552),2026-10-28,available,30800,2
27/09/26 00:01:38,Room (planCd 00423872 / roomTypeCd 0099552),2026-10-29,available,30800,2
27/09/26 00:01:38,Room (planCd 00423872 / roomTypeCd 0099552),2026-10-30,sold_out,30800,0
27/09/26 00:01:38,Room (planCd 00423872 / roomTypeCd 0099552),2026-10-31,sold_out,35200,0
27/09/26 00:01:38,Room (planCd 00423872 / roomTypeCd 0099552),2026-11-01,sold_out,30800,0
27/09/26 00:01:38,Room (planCd 00423872 / roomTypeCd 0099552),2026-11-02,sold_out,30800,0
27/09/26 00:01:38,Room (planCd 00423872 / roomTypeCd 0099552),2026-11-03,sold_out,30800,0
27/09/26 00:01:38,Room (planCd 00423872 / roomTypeCd 0099552),2026-11-04,sold_out,30800,0
27/09/26 00:01:38,Room (planCd 00423872 / roomTypeCd 0099552),2026-11-05,sold_out,30800,0
27/09/26 00:01:38,Room (planCd 00423872 / roomTypeCd 0099552),2026-11-06,sold_out,30800,0
27/09/26 00:01:38,Room (planCd 00423872 / roomTypeCd 0099552),2026-11-07,sold_out,35200,0
27/09/26 00:01:38,Room (planCd 00423872 / roomTypeCd 0099552),2026-11-08,sold_out,30800,0
27/09/26 00:01:38,Room (planCd 00423872 / roomTypeCd 0099552),2026-11-09,sold_out,30800,0
27/09/26 00:01:38,Room (planCd 00423872 / roomTypeCd 0099552),2026-11-10,sold_out,30800,0
27/09/26 00:01:38,Room (planCd 00423872 / roomTypeCd 0099552),2026-11-11,sold_out,30800,0
27/09/26 00:01:38,Room (planCd 00423872 / roomTypeCd 0099552),2026-11-12,sold_out,30800,0
27/09/26 00:01:38,Room (planCd 00423872 / roomTypeCd 0099552),2026-11-13,sold_out,30800,0
27/09/26 00:01:38,Room (planCd 00423872 / roomTypeCd 0099552),2026-11-14,sold_out,35200,0
27/09/26 00:01:38,Room (planCd 00423872 / roomTypeCd 0099552),2026-11-15,sold_out,30800,0
27/09/26 00:01:38,Room (planCd 00423872 / roomTypeCd 0099552),2026-11-16,sold_out,30800,0
27/09/26 00:01:38,Room (planCd 00423872 / roomTypeCd 0099552),2026-11-17,sold_out,30800,0
27/09/26 00:01:38,Room (planCd 00423872 / roomTypeCd 0099552),2026-11-18,sold_out,30800,0
27/09/26 00:01:38,Room (planCd 00423872 / roomTypeCd 0099552),2026-11-19,sold_out,30800,0
27/09/26 00:01:38,Room (planCd 00423872 / roomTypeCd 0099552),2026-11-20,sold_out,30800,0
27/09/26 00:01:38,Room (planCd 00423872 / roomTypeCd 0099552),2026-11-21,sold_out,39600,0
27/09/26 00:01:38,Room (planCd 00423872 / roomTypeCd 0099552),2026-11-22,sold_out,39600,0
27/09/26 00:01:38,Room (planCd 00423872 / roomTypeCd 0099552),2026-11-23,sold_out,30800,0
27/09/26 00:01:38,Room (planCd 00423872 / roomTypeCd 0099552),2026-11-24,sold_out,30800,0
27/09/26 00:01:38,Room (planCd 00423872 / roomTypeCd 0099552),2026-11-25,sold_out,30800,0
27/09/26 00:01:38,Room (planCd 00423872 / roomTypeCd 0099552),2026-11-26,sold_out,30800,0
27/09/26 00:01:38,Room (planCd 00423872 / roomTypeCd 0099552),2026-11-27,sold_out,30800,0
27/09/26 00:01:38,Room (planCd 00423872 / roomTypeCd 0099552),2026-11-28,sold_out,35200,0
27/09/26 00:01:38,Room (planCd 00423872 / roomTypeCd 0099552),2026-11-29,sold_out,30800,0
27/09/26 00:01:38,Room (planCd 00423872 / roomTypeCd 0099552),2026-11-30,sold_out,30800,0
27/09/26 00:01:38,Room (planCd 00423872 / roomTypeCd 0099552),2026-12-01,sold_out,30800,0
27/09/26 00:01:38,Room (planCd 00423872 / roomTypeCd 0099552),2026-12-02,sold_out,30800,0
27/09/26 00:01:38,Room (planCd 00423872 / roomTypeCd 0099552),2026-12-03,sold_out,30800,0
27/09/26 00:01:38,Room (planCd 00423872 / roomTypeCd 0099552),2026-12-04,sold_out,30800,0
27/09/26 00:01:38,Room (planCd 00423872 / roomTypeCd 0099552),2026-12-05,sold_out,35200,0
27/09/26 00:01:38,Room (planCd 00423872 / roomTypeCd 0099552),2026-12-06,sold_out,30800,0
27/09/26 00:01:38,Room (planCd 00423872 / roomTypeCd 0099552),2026-12-07,sold_out,30800,0
27/09/26 00:01:38,Room (planCd 00423872 / roomTypeCd 0099552),2026-12-08,sold_out,30800,0
27/09/26 00:01:38,Room (planCd 00423872 / roomTypeCd 0099552),2026-12-09,sold_out,30800,0
27/09/26 00:01:38,Room (planCd 00423872 / roomTypeCd 0099552),2026-12-10,sold_out,30800,0
27/09/26 00:01:38,Room (planCd 00423872 / roomTypeCd 0099552),2026-12-11,sold_out,30800,0
27/09/26 00:01:38,Room (planCd 00423872 / roomTypeCd 0099552),2026-12-12,sold_out,35200,0
27/09/26 00:01:38,Room (planCd 00423872 / roomTypeCd 0099552),2026-12-13,sold_out,30800,0
27/09/26 00:01:38,Room (planCd 00423872 / roomTypeCd 0099552),2026-12-14,sold_out,30800,0
27/09/26 00:01:38,Room (planCd 00423872 / roomTypeCd 0099552),2026-12-15,sold_out,30800,0
27/09/26 00:01:38,Room (planCd 00423872 / roomTypeCd 0099552),2026-12-16,sold_out,30800,0
27/09/26 00:01:38,Room (planCd 00423872 / roomTypeCd 0099552),2026-12-17,sold_out,30800,0
27/09/26 00:01:38,Room (planCd 00423872 / roomTypeCd 0099552),2026-12-18,sold_out,30800,0
27/09/26 00:01:38,Room (planCd 00423872 / roomTypeCd 0099552),2026-12-19,sold_out,35200,0
27/09/26 00:01:38,Room (planCd 00423872 / roomTypeCd 0099552),2026-12-20,sold_out,30800,0
27/09/26 00:01:38,Room (planCd 00423872 / roomTypeCd 0099552),2026-12-21,sold_out,30800,0
27/09/26 00:01:38,Room (planCd 00423872 / roomTypeCd 0099552),2026-12-22,sold_out,30800,0
27/09/26 00:01:38,Room (planCd 00423872 / roomTypeCd 0099552),2026-12-23,sold_out,30800,0
27/09/26 00:01:38,Room (planCd 00423872 / roomTypeCd 0099552),2026-12-24,sold_out,30800,0
27/09/26 00:01:38,Room (planCd 00423872 / roomTypeCd 0099552),2026-12-25,sold_out,30800,0
27/09/26 00:01:38,Room (planCd 00423872 / roomTypeCd 0099552),2026-12-26,sold_out,39600,0
27/09/26 00:01:38,Room (planCd 00423872 / roomTypeCd 0099552),2026-12-27,sold_out,39600,0
27/09/26 00:01:38,Room (planCd 00423872 / roomTypeCd 0099552),2026-12-28,sold_out,39600,0
27/09/26 00:01:38,Room (planCd 00423872 / roomTypeCd 0099552),2026-12-29,sold_out,39600,0
27/09/26 00:01:38,Room (planCd 00423872 / roomTypeCd 0099552),2026-12-30,sold_out,39600,0
27/09/26 00:01:38,Room (planCd 00423872 / roomTypeCd 0099552),2026-12-31,sold_out,46200,0
27/09/26 01:01:39,Room (planCd 00423872 / roomTypeCd 0099552),2026-09-27,sold_out,30800,0
27/09/26 01:01:39,Room (planCd 00423872 / roomTypeCd 0099552),2026-09-28,sold_out,30800,0
27/09/26 01:01:39,Room (planCd 00423872 / roomTypeCd 0099552),2026-09-29,sold_out,30800,0
27/09/26 01:01:39,Room (planCd 00423872 / roomTypeCd 0099552),2026-09-30,sold_out,30800,0
27/09/26 01:01:39,Room (planCd 00423872 / roomTypeCd 0099552),2026-10-01,available,30800,1
27/09/26 01:01:39,Room (planCd 00423872 / roomTypeCd 0099552),2026-10-02,sold_out,30800,0
27/09/26 01:01:39,Room (planCd 00423872 / roomTypeCd 0099552),2026-10-03,sold_out,35200,0
27/09/26 01:01:39,Room (planCd 00423872 / roomTypeCd 0099552),2026-10-04,sold_out,30800,0
27/09/26 01:01:39,Room (planCd 00423872 / roomTypeCd 0099552),2026-10-05,sold_out,30800,0
27/09/26 01:01:39,Room (planCd 00423872 / roomTypeCd 0099552),2026-10-06,sold_out,30800,0
27/09/26 01:01:39,Room (planCd 00423872 / roomTypeCd 0099552),2026-10-07,available,30800,1
27/09/26 01:01:39,Room (planCd 00423872 / roomTypeCd 0099552),2026-10-08,sold_out,30800,0
27/09/26 01:01:39,Room (planCd 00423872 / roomTypeCd 0099552),2026-10-09,sold_out,30800,0
27/09/26 01:01:39,Room (planCd 00423872 / roomTypeCd 0099552),2026-10-10,sold_out,39600,0
27/09/26 01:01:39,Room (planCd 00423872 / roomTypeCd 0099552),2026-10-11,sold_out,39600,0
27/09/26 01:01:39,Room (planCd 00423872 / roomTypeCd 0099552),2026-10-12,available,30800,1
27/09/26 01:01:39,Room (planCd 00423872 / roomTypeCd 0099552),2026-10-13,sold_out,30800,0
27/09/26 01:01:39,Room (planCd 00423872 / roomTypeCd 0099552),2026-10-14,available,30800,2
27/09/26 01:01:39,Room (planCd 00423872 / roomTypeCd 0099552),2026-10-15,sold_out,30800,0
27/09/26 01:01:39,Room (planCd 00423872 / roomTypeCd 0099552),2026-10-16,sold_out,30800,0
27/09/26 01:01:39,Room (planCd 00423872 / roomTypeCd 0099552),2026-10-17,available,35200,1
27/09/26 01:01:39,Room (planCd 00423872 / roomTypeCd 0099552),2026-10-18,sold_out,30800,0
27/09/26 01:01:39,Room (planCd 00423872 / roomTypeCd 0099552),2026-10-19,sold_out,30800,0
27/09/26 01:01:39,Room (planCd 00423872 / roomTypeCd 0099552),2026-10-20,sold_out,30800,0
27/09/26 01:01:39,Room (planCd 00423872 / roomTypeCd 0099552),2026-10-21,sold_out,30800,0
27/09/26 01:01:39,Room (planCd 00423872 / roomTypeCd 0099552),2026-10-22,sold_out,30800,0
27/09/26 01:01:39,Room (planCd 00423872 / roomTypeCd 0099552),2026-10-23,sold_out,30800,0
27/09/26 01:01:39,Room (planCd 00423872 / roomTypeCd 0099552),2026-10-24,sold_out,35200,0
27/09/26 01:01:39,Room (planCd 00423872 / roomTypeCd 0099552),2026-10-25,sold_out,30800,0
27/09/26 01:01:39,Room (planCd 00423872 / roomTypeCd 0099552),2026-10-26,sold_out,30800,0
27/09/26 01:01:39,Room (planCd 00423872 / roomTypeCd 0099552),2026-10-27,sold_out,30800,0
27/09/26 01:01:39,Room (planCd 00423872 / roomTypeCd 0099552),2026-10-28,available,30800,2
27/09/26 01:01:39,Room (planCd 00423872 / roomTypeCd 0099552),2026-10-29,available,30800,2
27/09/26 01:01:39,Room (planCd 00423872 / roomTypeCd 0099552),2026-10-30,sold_out,30800,0
27/09/26 01:01:39,Room (planCd 00423872 / roomTypeCd 0099552),2026-10-31,sold_out,35200,0
27/09/26 01:01:39,Room (planCd 00423872 / roomTypeCd 0099552),2026-11-01,sold_out,30800,0
27/09/26 01:01:39,Room (planCd 00423872 / roomTypeCd 0099552),2026-11-02,sold_out,30800,0
27/09/26 01:01:39,Room (planCd 00423872 / roomTypeCd 0099552),2026-11-03,sold_out,30800,0
27/09/26 01:01:39,Room (planCd 00423872 / roomTypeCd 0099552),2026-11-04,sold_out,30800,0
27/09/26 01:01:39,Room (planCd 00423872 / roomTypeCd 0099552),2026-11-05,sold_out,30800,0
27/09/26 01:01:39,Room (planCd 00423872 / roomTypeCd 0099552),2026-11-06,sold_out,30800,0
27/09/26 01:01:39,Room (planCd 00423872 / roomTypeCd 0099552),2026-11-07,sold_out,35200,0
27/09/26 01:01:39,Room (planCd 00423872 / roomTypeCd 0099552),2026-11-08,sold_out,30800,0
27/09/26 01:01:39,Room (planCd 00423872 / roomTypeCd 0099552),2026-11-09,sold_out,30800,0
27/09/26 01:01:39,Room (planCd 00423872 / roomTypeCd 0099552),2026-11-10,sold_out,30800,0
27/09/26 01:01:39,Room (planCd 00423872 / roomTypeCd 0099552),2026-11-11,sold_out,30800,0
27/09/26 01:01:39,Room (planCd 00423872 / roomTypeCd 0099552),2026-11-12,sold_out,30800,0
27/09/26 01:01:39,Room (planCd 00423872 / roomTypeCd 0099552),2026-11-13,sold_out,30800,0
27/09/26 01:01:39,Room (planCd 00423872 / roomTypeCd 0099552),2026-11-14,sold_out,35200,0
27/09/26 01:01:39,Room (planCd 00423872 / roomTypeCd 0099552),2026-11-15,sold_out,30800,0
27/09/26 01:01:39,Room (planCd 00423872 / roomTypeCd 0099552),2026-11-16,sold_out,30800,0
27/09/26 01:01:39,Room (planCd 00423872 / roomTypeCd 0099552),2026-11-17,sold_out,30800,0
27/09/26 01:01:39,Room (planCd 00423872 / roomTypeCd 0099552),2026-11-18,sold_out,30800,0
27/09/26 01:01:39,Room (planCd 00423872 / roomTypeCd 0099552),2026-11-19,sold_out,30800,0
27/09/26 01:01:39,Room (planCd 00423872 / roomTypeCd 0099552),2026-11-20,sold_out,30800,0
27/09/26 01:01:39,Room (planCd 00423872 / roomTypeCd 0099552),2026-11-21,sold_out,39600,0
27/09/26 01:01:39,Room (planCd 00423872 / roomTypeCd 0099552),2026-11-22,sold_out,39600,0
27/09/26 01:01:39,Room (planCd 00423872 / roomTypeCd 0099552),2026-11-23,sold_out,30800,0
27/09/26 01:01:39,Room (planCd 00423872 / roomTypeCd 0099552),2026-11-24,sold_out,30800,0
27/09/26 01:01:39,Room (planCd 00423872 / roomTypeCd 0099552),2026-11-25,sold_out,30800,0
27/09/26 01:01:39,Room (planCd 00423872 / roomTypeCd 0099552),2026-11-26,sold_out,30800,0
27/09/26 01:01:39,Room (planCd 00423872 / roomTypeCd 0099552),2026-11-27,sold_out,30800,0
27/09/26 01:01:39,Room (planCd 00423872 / roomTypeCd 0099552),2026-11-28,sold_out,35200,0
27/09/26 01:01:39,Room (planCd 00423872 / roomTypeCd 0099552),2026-11-29,sold_out,30800,0
27/09/26 01:01:39,Room (planCd 00423872 / roomTypeCd 0099552),2026-11-30,sold_out,30800,0
27/09/26 01:01:39,Room (planCd 00423872 / roomTypeCd 0099552),2026-12-01,sold_out,30800,0
27/09/26 01:01:39,Room (planCd 00423872 / roomTypeCd 0099552),2026-12-02,sold_out,30800,0
27/09/26 01:01:39,Room (planCd 00423872 / roomTypeCd 0099552),2026-12-03,sold_out,30800,0
27/09/26 01:01:39,Room (planCd 00423872 / roomTypeCd 0099552),2026-12-04,sold_out,30800,0
27/09/26 01:01:39,Room (planCd 00423872 / roomTypeCd 0099552),2026-12-05,sold_out,35200,0
27/09/26 01:01:39,Room (planCd 00423872 / roomTypeCd 0099552),2026-12-06,sold_out,30800,0
27/09/26 01:01:39,Room (planCd 00423872 / roomTypeCd 0099552),2026-12-07,sold_out,30800,0
27/09/26 01:01:39,Room (planCd 00423872 / roomTypeCd 0099552),2026-12-08,sold_out,30800,0
27/09/26 01:01:39,Room (planCd 00423872 / roomTypeCd 0099552),2026-12-09,sold_out,30800,0
27/09/26 01:01:39,Room (planCd 00423872 / roomTypeCd 0099552),2026-12-10,sold_out,30800,0
27/09/26 01:01:39,Room (planCd 00423872 / roomTypeCd 0099552),2026-12-11,sold_out,30800,0
27/09/26 01:01:39,Room (planCd 00423872 / roomTypeCd 0099552),2026-12-12,sold_out,35200,0
27/09/26 01:01:39,Room (planCd 00423872 / roomTypeCd 0099552),2026-12-13,sold_out,30800,0
27/09/26 01:01:39,Room (planCd 00423872 / roomTypeCd 0099552),2026-12-14,sold_out,30800,0
27/09/26 01:01:39,Room (planCd 00423872 / roomTypeCd 0099552),2026-12-15,sold_out,30800,0
27/09/26 01:01:39,Room (planCd 00423872 / roomTypeCd 0099552),2026-12-16,sold_out,30800,0
27/09/26 01:01:39,Room (planCd 00423872 / roomTypeCd 0099552),2026-12-17,sold_out,30800,0
27/09/26 01:01:39,Room (planCd 00423872 / roomTypeCd 0099552),2026-12-18,sold_out,30800,0
27/09/26 01:01:39,Room (planCd 00423872 / roomTypeCd 0099552),2026-12-19,sold_out,35200,0
27/09/26 01:01:39,Room (planCd 00423872 / roomTypeCd 0099552),2026-12-20,sold_out,30800,0
27/09/26 01:01:39,Room (planCd 00423872 / roomTypeCd 0099552),2026-12-21,sold_out,30800,0
27/09/26 01:01:39,Room (planCd 00423872 / roomTypeCd 0099552),2026-12-22,sold_out,30800,0
27/09/26 01:01:39,Room (planCd 00423872 / roomTypeCd 0099552),2026-12-23,sold_out,30800,0
27/09/26 01:01:39,Room (planCd 00423872 / roomTypeCd 0099552),2026-12-24,sold_out,30800,0
27/09/26 01:01:39,Room (planCd 00423872 / roomTypeCd 0099552),2026-12-25,sold_out,30800,0
27/09/26 01:01:39,Room (planCd 00423872 / roomTypeCd 0099552),2026-12-26,sold_out,39600,0
27/09/26 01:01:39,Room (planCd 00423872 / roomTypeCd 0099552),2026-12-27,sold_out,39600,0
27/09/26 01:01:39,Room (planCd 00423872 / roomTypeCd 0099552),2026-12-28,sold_out,39600,0
27/09/26 01:01:39,Room (planCd 00423872 / roomTypeCd 0099552),2026-12-29,sold_out,39600,0
27/09/26 01:01:39,Room (planCd 00423872 / roomTypeCd 0099552),2026-12-30,sold_out,39600,0
27/09/26 01:01:39,Room (planCd 00423872 / roomTypeCd 0099552),2026-12-31,sold_out,46200,0
27/09/26 02:01:34,Room (planCd 00423872 / roomTypeCd 0099552),2026-09-27,sold_out,30800,0
27/09/26 02:01:34,Room (planCd 00423872 / roomTypeCd 0099552),2026-09-28,sold_out,30800,0
27/09/26 02:01:34,Room (planCd 00423872 / roomTypeCd 0099552),2026-09-29,sold_out,30800,0
27/09/26 02:01:34,Room (planCd 00423872 / roomTypeCd 0099552),2026-09-30,sold_out,30800,0
27/09/26 02:01:34,Room (planCd 00423872 / roomTypeCd 0099552),2026-10-01,available,30800,1
27/09/26 02:01:34,Room (planCd 00423872 / roomTypeCd 0099552),2026-10-02,sold_out,30800,0
27/09/26 02:01:34,Room (planCd 00423872 / roomTypeCd 0099552),2026-10-03,sold_out,35200,0
27/09/26 02:01:34,Room (planCd 00423872 / roomTypeCd 0099552),2026-10-04,sold_out,30800,0
27/09/26 02:01:34,Room (planCd 00423872 / roomTypeCd 0099552),2026-10-05,sold_out,30800,0
27/09/26 02:01:34,Room (planCd 00423872 / roomTypeCd 0099552),2026-10-06,sold_out,30800,0
27/09/26 02:01:34,Room (planCd 00423872 / roomTypeCd 0099552),2026-10-07,available,30800,1
27/09/26 02:01:34,Room (planCd 00423872 / roomTypeCd 0099552),2026-10-08,sold_out,30800,0
27/09/26 02:01:34,Room (planCd 00423872 / roomTypeCd 0099552),2026-10-09,sold_out,30800,0
27/09/26 02:01:34,Room (planCd 00423872 / roomTypeCd 0099552),2026-10-10,sold_out,39600,0
27/09/26 02:01:34,Room (planCd 00423872 / roomTypeCd 0099552),2026-10-11,sold_out,39600,0
27/09/26 02:01:34,Room (planCd 00423872 / roomTypeCd 0099552),2026-10-12,available,30800,1
27/09/26 02:01:34,Room (planCd 00423872 / roomTypeCd 0099552),2026-10-13,sold_out,30800,0
27/09/26 02:01:34,Room (planCd 00423872 / roomTypeCd 0099552),2026-10-14,available,30800,2
27/09/26 02:01:34,Room (planCd 00423872 / roomTypeCd 0099552),2026-10-15,sold_out,30800,0
27/09/26 02:01:34,Room (planCd 00423872 / roomTypeCd 0099552),2026-10-16,sold_out,30800,0
27/09/26 02:01:34,Room (planCd 00423872 / roomTypeCd 0099552),2026-10-17,available,35200,1
27/09/26 02:01:34,Room (planCd 00423872 / roomTypeCd 0099552),2026-10-18,sold_out,30800,0
27/09/26 02:01:34,Room (planCd 00423872 / roomTypeCd 0099552),2026-10-19,sold_out,30800,0
27/09/26 02:01:34,Room (planCd 00423872 / roomTypeCd 0099552),2026-10-20,sold_out,30800,0
27/09/26 02:01:34,Room (planCd 00423872 / roomTypeCd 0099552),2026-10-21,sold_out,30800,0
27/09/26 02:01:34,Room (planCd 00423872 / roomTypeCd 0099552),2026-10-22,sold_out,30800,0
27/09/26 02:01:34,Room (planCd 00423872 / roomTypeCd 0099552),2026-10-23,sold_out,30800,0
27/09/26 02:01:34,Room (planCd 00423872 / roomTypeCd 0099552),2026-10-24,sold_out,35200,0
27/09/26 02:01:34,Room (planCd 00423872 / roomTypeCd 0099552),2026-10-25,sold_out,30800,0
27/09/26 02:01:34,Room (planCd 00423872 / roomTypeCd 0099552),2026-10-26,sold_out,30800,0
27/09/26 02:01:34,Room (planCd 00423872 / roomTypeCd 0099552),2026-10-27,sold_out,30800,0
27/09/26 02:01:34,Room (planCd 00423872 / roomTypeCd 0099552),2026-10-28,available,30800,2
27/09/26 02:01:34,Room (planCd 00423872 / roomTypeCd 0099552),2026-10-29,available,30800,2
27/09/26 02:01:34,Room (planCd 00423872 / roomTypeCd 0099552),2026-10-30,sold_out,30800,0
27/09/26 02:01:34,Room (planCd 00423872 / roomTypeCd 0099552),2026-10-31,sold_out,35200,0
27/09/26 02:01:34,Room (planCd 00423872 / roomTypeCd 0099552),2026-11-01,sold_out,30800,0
27/09/26 02:01:34,Room (planCd 00423872 / roomTypeCd 0099552),2026-11-02,sold_out,30800,0
27/09/26 02:01:34,Room (planCd 00423872 / roomTypeCd 0099552),2026-11-03,sold_out,30800,0
27/09/26 02:01:34,Room (planCd 00423872 / roomTypeCd 0099552),2026-11-04,sold_out,30800,0
27/09/26 02:01:34,Room (planCd 00423872 / roomTypeCd 0099552),2026-11-05,sold_out,30800,0
27/09/26 02:01:34,Room (planCd 00423872 / roomTypeCd 0099552),2026-11-06,sold_out,30800,0
27/09/26 02:01:34,Room (planCd 00423872 / roomTypeCd 0099552),2026-11-07,sold_out,35200,0
27/09/26 02:01:34,Room (planCd 00423872 / roomTypeCd 0099552),2026-11-08,sold_out,30800,0
27/09/26 02:01:34,Room (planCd 00423872 / roomTypeCd 0099552),2026-11-09,sold_out,30800,0
27/09/26 02:01:34,Room (planCd 00423872 / roomTypeCd 0099552),2026-11-10,sold_out,30800,0
27/09/26 02:01:34,Room (planCd 00423872 / roomTypeCd 0099552),2026-11-11,sold_out,30800,0
27/09/26 02:01:34,Room (planCd 00423872 / roomTypeCd 0099552),2026-11-12,sold_out,30800,0
27/09/26 02:01:34,Room (planCd 00423872 / roomTypeCd 0099552),2026-11-13,sold_out,30800,0
27/09/26 02:01:34,Room (planCd 00423872 / roomTypeCd 0099552),2026-11-14,sold_out,35200,0
27/09/26 02:01:34,Room (planCd 00423872 / roomTypeCd 0099552),2026-11-15,sold_out,30800,0
27/09/26 02:01:34,Room (planCd 00423872 / roomTypeCd 0099552),2026-11-16,sold_out,30800,0
27/09/26 02:01:34,Room (planCd 00423872 / roomTypeCd 0099552),2026-11-17,sold_out,30800,0
27/09/26 02:01:34,Room (planCd 00423872 / roomTypeCd 0099552),2026-11-18,sold_out,30800,0
27/09/26 02:01:34,Room (planCd 00423872 / roomTypeCd 0099552),2026-11-19,sold_out,30800,0
27/09/26 02:01:34,Room (planCd 00423872 / roomTypeCd 0099552),2026-11-20,sold_out,30800,0
27/09/26 02:01:34,Room (planCd 00423872 / roomTypeCd 0099552),2026-11-21,sold_out,39600,0
27/09/26 02:01:34,Room (planCd 00423872 / roomTypeCd 0099552),2026-11-22,sold_out,39600,0
27/09/26 02:01:34,Room (planCd 00423872 / roomTypeCd 0099552),2026-11-23,sold_out,30800,0
27/09/26 02:01:34,Room (planCd 00423872 / roomTypeCd 0099552),2026-11-24,sold_out,30800,0
27/09/26 02:01:34,Room (planCd 00423872 / roomTypeCd 0099552),2026-11-25,sold_out,30800,0
27/09/26 02:01:34,Room (planCd 00423872 / roomTypeCd 0099552),2026-11-26,sold_out,30800,0
27/09/26 02:01:34,Room (planCd 00423872 / roomTypeCd 0099552),2026-11-27,sold_out,30800,0
27/09/26 02:01:34,Room (planCd 00423872 / roomTypeCd 0099552),2026-11-28,sold_out,35200,0
27/09/26 02:01:34,Room (planCd 00423872 / roomTypeCd 0099552),2026-11-29,sold_out,30800,0
27/09/26 02:01:34,Room (planCd 00423872 / roomTypeCd 0099552),2026-11-30,sold_out,30800,0
27/09/26 02:01:34,Room (planCd 00423872 / roomTypeCd 0099552),2026-12-01,sold_out,30800,0
27/09/26 02:01:34,Room (planCd 00423872 / roomTypeCd 0099552),2026-12-02,sold_out,30800,0
27/09/26 02:01:34,Room (planCd 00423872 / roomTypeCd 0099552),2026-12-03,sold_out,30800,0
27/09/26 02:01:34,Room (planCd 00423872 / roomTypeCd 0099552),2026-12-04,sold_out,30800,0
27/09/26 02:01:34,Room (planCd 00423872 / roomTypeCd 0099552),2026-12-05,sold_out,35200,0
27/09/26 02:01:34,Room (planCd 00423872 / roomTypeCd 0099552),2026-12-06,sold_out,30800,0
27/09/26 02:01:34,Room (planCd 00423872 / roomTypeCd 0099552),2026-12-07,sold_out,30800,0
27/09/26 02:01:34,Room (planCd 00423872 / roomTypeCd 0099552),2026-12-08,sold_out,30800,0
27/09/26 02:01:34,Room (planCd 00423872 / roomTypeCd 0099552),2026-12-09,sold_out,30800,0
27/09/26 02:01:34,Room (planCd 00423872 / roomTypeCd 0099552),2026-12-10,sold_out,30800,0
27/09/26 02:01:34,Room (planCd 00423872 / roomTypeCd 0099552),2026-12-11,sold_out,30800,0
27/09/26 02:01:34,Room (planCd 00423872 / roomTypeCd 0099552),2026-12-12,sold_out,35200,0
27/09/26 02:01:34,Room (planCd 00423872 / roomTypeCd 0099552),2026-12-13,sold_out,30800,0
27/09/26 02:01:34,Room (planCd 00423872 / roomTypeCd 0099552),2026-12-14,sold_out,30800,0
27/09/26 02:01:34,Room (planCd 00423872 / roomTypeCd 0099552),2026-12-15,sold_out,30800,0
27/09/26 02:01:34,Room (planCd 00423872 / roomTypeCd 0099552),2026-12-16,sold_out,30800,0
27/09/26 02:01:34,Room (planCd 00423872 / roomTypeCd 0099552),2026-12-17,sold_out,30800,0
27/09/26 02:01:34,Room (planCd 00423872 / roomTypeCd 0099552),2026-12-18,sold_out,30800,0
27/09/26 02:01:34,Room (planCd 00423872 / roomTypeCd 0099552),2026-12-19,sold_out,35200,0
27/09/26 02:01:34,Room (planCd 00423872 / roomTypeCd 0099552),2026-12-20,sold_out,30800,0
27/09/26 02:01:34,Room (planCd 00423872 / roomTypeCd 0099552),2026-12-21,sold_out,30800,0
27/09/26 02:01:34,Room (planCd 00423872 / roomTypeCd 0099552),2026-12-22,sold_out,30800,0
27/09/26 02:01:34,Room (planCd 00423872 / roomTypeCd 0099552),2026-12-23,sold_out,30800,0
27/09/26 02:01:34,Room (planCd 00423872 / roomTypeCd 0099552),2026-12-24,sold_out,30800,0
27/09/26 02:01:34,Room (planCd 00423872 / roomTypeCd 0099552),2026-12-25,sold_out,30800,0
27/09/26 02:01:34,Room (planCd 00423872 / roomTypeCd 0099552),2026-12-26,sold_out,39600,0
27/09/26 02:01:34,Room (planCd 00423872 / roomTypeCd 0099552),2026-12-27,sold_out,39600,0
27/09/26 02:01:34,Room (planCd 00423872 / roomTypeCd 0099552),2026-12-28,sold_out,39600,0
27/09/26 02:01:34,Room (planCd 00423872 / roomTypeCd 0099552),2026-12-29,sold_out,39600,0
27/09/26 02:01:34,Room (planCd 00423872 / roomTypeCd 0099552),2026-12-30,sold_out,39600,0
27/09/26 02:01:34,Room (planCd 00423872 / roomTypeCd 0099552),2026-12-31,sold_out,46200,0
27/09/26 03:01:39,Room (planCd 00423872 / roomTypeCd 0099552),2026-09-27,sold_out,30800,0
27/09/26 03:01:39,Room (planCd 00423872 / roomTypeCd 0099552),2026-09-28,sold_out,30800,0
27/09/26 03:01:39,Room (planCd 00423872 / roomTypeCd 0099552),2026-09-29,sold_out,30800,0
27/09/26 03:01:39,Room (planCd 00423872 / roomTypeCd 0099552),2026-09-30,sold_out,30800,0
27/09/26 03:01:39,Room (planCd 00423872 / roomTypeCd 0099552),2026-10-01,available,30800,1
27/09/26 03:01:39,Room (planCd 00423872 / roomTypeCd 0099552),2026-10-02,sold_out,30800,0
27/09/26 03:01:39,Room (planCd 00423872 / roomTypeCd 0099552),2026-10-03,sold_out,35200,0
27/09/26 03:01:39,Room (planCd 00423872 / roomTypeCd 0099552),2026-10-04,sold_out,30800,0
27/09/26 03:01:39,Room (planCd 00423872 / roomTypeCd 0099552),2026-10-05,sold_out,30800,0
27/09/26 03:01:39,Room (planCd 00423872 / roomTypeCd 0099552),2026-10-06,sold_out,30800,0
27/09/26 03:01:39,Room (planCd 00423872 / roomTypeCd 0099552),2026-10-07,available,30800,1
27/09/26 03:01:39,Room (planCd 00423872 / roomTypeCd 0099552),2026-10-08,sold_out,30800,0
27/09/26 03:01:39,Room (planCd 00423872 / roomTypeCd 0099552),2026-10-09,sold_out,30800,0
27/09/26 03:01:39,Room (planCd 00423872 / roomTypeCd 0099552),2026-10-10,sold_out,39600,0
27/09/26 03:01:39,Room (planCd 00423872 / roomTypeCd 0099552),2026-10-11,sold_out,39600,0
27/09/26 03:01:39,Room (planCd 00423872 / roomTypeCd 0099552),2026-10-12,available,30800,1
27/09/26 03:01:39,Room (planCd 00423872 / roomTypeCd 0099552),2026-10-13,sold_out,30800,0
27/09/26 03:01:39,Room (planCd 00423872 / roomTypeCd 0099552),2026-10-14,available,30800,2
27/09/26 03:01:39,Room (planCd 00423872 / roomTypeCd 0099552),2026-10-15,sold_out,30800,0
27/09/26 03:01:39,Room (planCd 00423872 / roomTypeCd 0099552),2026-10-16,sold_out,30800,0
27/09/26 03:01:39,Room (planCd 00423872 / roomTypeCd 0099552),2026-10-17,available,35200,1
27/09/26 03:01:39,Room (planCd 00423872 / roomTypeCd 0099552),2026-10-18,sold_out,30800,0
27/09/26 03:01:39,Room (planCd 00423872 / roomTypeCd 0099552),2026-10-19,sold_out,30800,0
27/09/26 03:01:39,Room (planCd 00423872 / roomTypeCd 0099552),2026-10-20,sold_out,30800,0
27/09/26 03:01:39,Room (planCd 00423872 / roomTypeCd 0099552),2026-10-21,sold_out,30800,0
27/09/26 03:01:39,Room (planCd 00423872 / roomTypeCd 0099552),2026-10-22,sold_out,30800,0
27/09/26 03:01:39,Room (planCd 00423872 / roomTypeCd 0099552),2026-10-23,sold_out,30800,0
27/09/26 03:01:39,Room (planCd 00423872 / roomTypeCd 0099552),2026-10-24,sold_out,35200,0
27/09/26 03:01:39,Room (planCd 00423872 / roomTypeCd 0099552),2026-10-25,sold_out,30800,0
27/09/26 03:01:39,Room (planCd 00423872 / roomTypeCd 0099552),2026-10-26,sold_out,30800,0
27/09/26 03:01:39,Room (planCd 00423872 / roomTypeCd 0099552),2026-10-27,sold_out,30800,0
27/09/26 03:01:39,Room (planCd 00423872 / roomTypeCd 0099552),2026-10-28,available,30800,2
27/09/26 03:01:39,Room (planCd 00423872 / roomTypeCd 0099552),2026-10-29,available,30800,2
27/09/26 03:01:39,Room (planCd 00423872 / roomTypeCd 0099552),2026-10-30,sold_out,30800,0
27/09/26 03:01:39,Room (planCd 00423872 / roomTypeCd 0099552),2026-10-31,sold_out,35200,0
27/09/26 03:01:39,Room (planCd 00423872 / roomTypeCd 0099552),2026-11-01,sold_out,30800,0
27/09/26 03:01:39,Room (planCd 00423872 / roomTypeCd 0099552),2026-11-02,sold_out,30800,0
27/09/26 03:01:39,Room (planCd 00423872 / roomTypeCd 0099552),2026-11-03,sold_out,30800,0
27/09/26 03:01:39,Room (planCd 00423872 / roomTypeCd 0099552),2026-11-04,sold_out,30800,0
27/09/26 03:01:39,Room (planCd 00423872 / roomTypeCd 0099552),2026-11-05,sold_out,30800,0
27/09/26 03:01:39,Room (planCd 00423872 / roomTypeCd 0099552),2026-11-06,sold_out,30800,0
27/09/26 03:01:39,Room (planCd 00423872 / roomTypeCd 0099552),2026-11-07,sold_out,35200,0
27/09/26 03:01:39,Room (planCd 00423872 / roomTypeCd 0099552),2026-11-08,sold_out,30800,0
27/09/26 03:01:39,Room (planCd 00423872 / roomTypeCd 0099552),2026-11-09,sold_out,30800,0
27/09/26 03:01:39,Room (planCd 00423872 / roomTypeCd 0099552),2026-11-10,sold_out,30800,0
27/09/26 03:01:39,Room (planCd 00423872 / roomTypeCd 0099552),2026-11-11,sold_out,30800,0
27/09/26 03:01:39,Room (planCd 00423872 / roomTypeCd 0099552),2026-11-12,sold_out,30800,0
27/09/26 03:01:39,Room (planCd 00423872 / roomTypeCd 0099552),2026-11-13,sold_out,30800,0
27/09/26 03:01:39,Room (planCd 00423872 / roomTypeCd 0099552),2026-11-14,sold_out,35200,0
27/09/26 03:01:39,Room (planCd 00423872 / roomTypeCd 0099552),2026-11-15,sold_out,30800,0
27/09/26 03:01:39,Room (planCd 00423872 / roomTypeCd 0099552),2026-11-16,sold_out,30800,0
27/09/26 03:01:39,Room (planCd 00423872 / roomTypeCd 0099552),2026-11-17,sold_out,30800,0
27/09/26 03:01:39,Room (planCd 00423872 / roomTypeCd 0099552),2026-11-18,sold_out,30800,0
27/09/26 03:01:39,Room (planCd 00423872 / roomTypeCd 0099552),2026-11-19,sold_out,30800,0
27/09/26 03:01:39,Room (planCd 00423872 / roomTypeCd 0099552),2026-11-20,sold_out,30800,0
27/09/26 03:01:39,Room (planCd 00423872 / roomTypeCd 0099552),2026-11-21,sold_out,39600,0
27/09/26 03:01:39,Room (planCd 00423872 / roomTypeCd 0099552),2026-11-22,sold_out,39600,0
27/09/26 03:01:39,Room (planCd 00423872 / roomTypeCd 0099552),2026-11-23,sold_out,30800,0
27/09/26 03:01:39,Room (planCd 00423872 / roomTypeCd 0099552),2026-11-24,sold_out,30800,0
27/09/26 03:01:39,Room (planCd 00423872 / roomTypeCd 0099552),2026-11-25,sold_out,30800,0
27/09/26 03:01:39,Room (planCd 00423872 / roomTypeCd 0099552),2026-11-26,sold_out,30800,0
27/09/26 03:01:39,Room (planCd 00423872 / roomTypeCd 0099552),2026-11-27,sold_out,30800,0
27/09/26 03:01:39,Room (planCd 00423872 / roomTypeCd 0099552),2026-11-28,sold_out,35200,0
27/09/26 03:01:39,Room (planCd 00423872 / roomTypeCd 0099552),2026-11-29,sold_out,30800,0
27/09/26 03:01:39,Room (planCd 00423872 / roomTypeCd 0099552),2026-11-30,sold_out,30800,0
27/09/26 03:01:39,Room (planCd 00423872 / roomTypeCd 0099552),2026-12-01,sold_out,30800,0
27/09/26 03:01:39,Room (planCd 00423872 / roomTypeCd 0099552),2026-12-02,sold_out,30800,0
27/09/26 03:01:39,Room (planCd 00423872 / roomTypeCd 0099552),2026-12-03,sold_out,30800,0
27/09/26 03:01:39,Room (planCd 00423872 / roomTypeCd 0099552),2026-12-04,sold_out,30800,0
27/09/26 03:01:39,Room (planCd 00423872 / roomTypeCd 0099552),2026-12-05,sold_out,35200,0
27/09/26 03:01:39,Room (planCd 00423872 / roomTypeCd 0099552),2026-12-06,sold_out,30800,0
27/09/26 03:01:39,Room (planCd 00423872 / roomTypeCd 0099552),2026-12-07,sold_out,30800,0
27/09/26 03:01:39,Room (planCd 00423872 / roomTypeCd 0099552),2026-12-08,sold_out,30800,0
27/09/26 03:01:39,Room (planCd 00423872 / roomTypeCd 0099552),2026-12-09,sold_out,30800,0
27/09/26 03:01:39,Room (planCd 00423872 / roomTypeCd 0099552),2026-12-10,sold_out,30800,0
27/09/26 03:01:39,Room (planCd 00423872 / roomTypeCd 0099552),2026-12-11,sold_out,30800,0
27/09/26 03:01:39,Room (planCd 00423872 / roomTypeCd 0099552),2026-12-12,sold_out,35200,0
27/09/26 03:01:39,Room (planCd 00423872 / roomTypeCd 0099552),2026-12-13,sold_out,30800,0
27/09/26 03:01:39,Room (planCd 00423872 / roomTypeCd 0099552),2026-12-14,sold_out,30800,0
27/09/26 03:01:39,Room (planCd 00423872 / roomTypeCd 0099552),2026-12-15,sold_out,30800,0
27/09/26 03:01:39,Room (planCd 00423872 / roomTypeCd 0099552),2026-12-16,sold_out,30800,0
27/09/26 03:01:39,Room (planCd 00423872 / roomTypeCd 0099552),2026-12-17,sold_out,30800,0
27/09/26 03:01:39,Room (planCd 00423872 / roomTypeCd 0099552),2026-12-18,sold_out,30800,0
27/09/26 03:01:39,Room (planCd 00423872 / roomTypeCd 0099552),2026-12-19,sold_out,35200,0
27/09/26 03:01:39,Room (planCd 00423872 / roomTypeCd 0099552),2026-12-20,sold_out,30800,0
27/09/26 03:01:39,Room (planCd 00423872 / roomTypeCd 0099552),2026-12-21,sold_out,30800,0
27/09/26 03:01:39,Room (planCd 00423872 / roomTypeCd 0099552),2026-12-22,sold_out,30800,0
27/09/26 03:01:39,Room (planCd 00423872 / roomTypeCd 0099552),2026-12-23,sold_out,30800,0
27/09/26 03:01:39,Room (planCd 00423872 / roomTypeCd 0099552),2026-12-24,sold_out,30800,0
27/09/26 03:01:39,Room (planCd 00423872 / roomTypeCd 0099552),2026-12-25,sold_out,30800,0
27/09/26 03:01:39,Room (planCd 00423872 / roomTypeCd 0099552),2026-12-26,sold_out,39600,0
27/09/26 03:01:39,Room (planCd 00423872 / roomTypeCd 0099552),2026-12-27,sold_out,39600,0
27/09/26 03:01:39,Room (planCd 00423872 / roomTypeCd 0099552),2026-12-28,sold_out,39600,0
27/09/26 03:01:39,Room (planCd 00423872 / roomTypeCd 0099552),2026-12-29,sold_out,39600,0
27/09/26 03:01:39,Room (planCd 00423872 / roomTypeCd 0099552),2026-12-30,sold_out,39600,0
27/09/26 03:01:39,Room (planCd 00423872 / roomTypeCd 0099552),2026-12-31,sold_out,46200,0
27/09/26 04:01:33,Room (planCd 00423872 / roomTypeCd 0099552),2026-09-27,sold_out,30800,0
27/09/26 04:01:33,Room (planCd 00423872 / roomTypeCd 0099552),2026-09-28,sold_out,30800,0
27/09/26 04:01:33,Room (planCd 00423872 / roomTypeCd 0099552),2026-09-29,sold_out,30800,0
27/09/26 04:01:33,Room (planCd 00423872 / roomTypeCd 0099552),2026-09-30,sold_out,30800,0
27/09/26 04:01:33,Room (planCd 00423872 / roomTypeCd 0099552),2026-10-01,available,30800,1
27/09/26 04:01:33,Room (planCd 00423872 / roomTypeCd 0099552),2026-10-02,sold_out,30800,0
27/09/26 04:01:33,Room (planCd 00423872 / roomTypeCd 0099552),2026-10-03,sold_out,35200,0
27/09/26 04:01:33,Room (planCd 00423872 / roomTypeCd 0099552),2026-10-04,sold_out,30800,0
27/09/26 04:01:33,Room (planCd 00423872 / roomTypeCd 0099552),2026-10-05,sold_out,30800,0
27/09/26 04:01:33,Room (planCd 00423872 / roomTypeCd 0099552),2026-10-06,sold_out,30800,0
27/09/26 04:01:33,Room (planCd 00423872 / roomTypeCd 0099552),2026-10-07,available,30800,1
27/09/26 04:01:33,Room (planCd 00423872 / roomTypeCd 0099552),2026-10-08,sold_out,30800,0
27/09/26 04:01:33,Room (planCd 00423872 / roomTypeCd 0099552),2026-10-09,sold_out,30800,0
27/09/26 04:01:33,Room (planCd 00423872 / roomTypeCd 0099552),2026-10-10,sold_out,39600,0
27/09/26 04:01:33,Room (planCd 00423872 / roomTypeCd 0099552),2026-10-11,sold_out,39600,0
27/09/26 04:01:33,Room (planCd 00423872 / roomTypeCd 0099552),2026-10-12,available,30800,1
27/09/26 04:01:33,Room (planCd 00423872 / roomTypeCd 0099552),2026-10-13,sold_out,30800,0
27/09/26 04:01:33,Room (planCd 00423872 / roomTypeCd 0099552),2026-10-14,available,30800,2
27/09/26 04:01:33,Room (planCd 00423872 / roomTypeCd 0099552),2026-10-15,sold_out,30800,0
27/09/26 04:01:33,Room (planCd 00423872 / roomTypeCd 0099552),2026-10-16,sold_out,30800,0
27/09/26 04:01:33,Room (planCd 00423872 / roomTypeCd 0099552),2026-10-17,available,35200,1
27/09/26 04:01:33,Room (planCd 00423872 / roomTypeCd 0099552),2026-10-18,sold_out,30800,0
27/09/26 04:01:33,Room (planCd 00423872 / roomTypeCd 0099552),2026-10-19,sold_out,30800,0
27/09/26 04:01:33,Room (planCd 00423872 / roomTypeCd 0099552),2026-10-20,sold_out,30800,0
27/09/26 04:01:33,Room (planCd 00423872 / roomTypeCd 0099552),2026-10-21,sold_out,30800,0
27/09/26 04:01:33,Room (planCd 00423872 / roomTypeCd 0099552),2026-10-22,sold_out,30800,0
27/09/26 04:01:33,Room (planCd 00423872 / roomTypeCd 0099552),2026-10-23,sold_out,30800,0
27/09/26 04:01:33,Room (planCd 00423872 / roomTypeCd 0099552),2026-10-24,sold_out,35200,0
27/09/26 04:01:33,Room (planCd 00423872 / roomTypeCd 0099552),2026-10-25,sold_out,30800,0
27/09/26 04:01:33,Room (planCd 00423872 / roomTypeCd 0099552),2026-10-26,sold_out,30800,0
27/09/26 04:01:33,Room (planCd 00423872 / roomTypeCd 0099552),2026-10-27,sold_out,30800,0
27/09/26 04:01:33,Room (planCd 00423872 / roomTypeCd 0099552),2026-10-28,available,30800,2
27/09/26 04:01:33,Room (planCd 00423872 / roomTypeCd 0099552),2026-10-29,available,30800,2
27/09/26 04:01:33,Room (planCd 00423872 / roomTypeCd 0099552),2026-10-30,sold_out,30800,0
27/09/26 04:01:33,Room (planCd 00423872 / roomTypeCd 0099552),2026-10-31,sold_out,35200,0
27/09/26 04:01:33,Room (planCd 00423872 / roomTypeCd 0099552),2026-11-01,sold_out,30800,0
27/09/26 04:01:33,Room (planCd 00423872 / roomTypeCd 0099552),2026-11-02,sold_out,30800,0
27/09/26 04:01:33,Room (planCd 00423872 / roomTypeCd 0099552),2026-11-03,sold_out,30800,0
27/09/26 04:01:33,Room (planCd 00423872 / roomTypeCd 0099552),2026-11-04,sold_out,30800,0
27/09/26 04:01:33,Room (planCd 00423872 / roomTypeCd 0099552),2026-11-05,sold_out,30800,0
27/09/26 04:01:33,Room (planCd 00423872 / roomTypeCd 0099552),2026-11-06,sold_out,30800,0
27/09/26 04:01:33,Room (planCd 00423872 / roomTypeCd 0099552),2026-11-07,sold_out,35200,0
27/09/26 04:01:33,Room (planCd 00423872 / roomTypeCd 0099552),2026-11-08,sold_out,30800,0
27/09/26 04:01:33,Room (planCd 00423872 / roomTypeCd 0099552),2026-11-09,sold_out,30800,0
27/09/26 04:01:33,Room (planCd 00423872 / roomTypeCd 0099552),2026-11-10,sold_out,30800,0
27/09/26 04:01:33,Room (planCd 00423872 / roomTypeCd 0099552),2026-11-11,sold_out,30800,0
27/09/26 04:01:33,Room (planCd 00423872 / roomTypeCd 0099552),2026-11-12,sold_out,30800,0
27/09/26 04:01:33,Room (planCd 00423872 / roomTypeCd 0099552),2026-11-13,sold_out,30800,0
27/09/26 04:01:33,Room (planCd 00423872 / roomTypeCd 0099552),2026-11-14,sold_out,35200,0
27/09/26 04:01:33,Room (planCd 00423872 / roomTypeCd 0099552),2026-11-15,sold_out,30800,0
27/09/26 04:01:33,Room (planCd 00423872 / roomTypeCd 0099552),2026-11-16,sold_out,30800,0
27/09/26 04:01:33,Room (planCd 00423872 / roomTypeCd 0099552),2026-11-17,sold_out,30800,0
27/09/26 04:01:33,Room (planCd 00423872 / roomTypeCd 0099552),2026-11-18,sold_out,30800,0
27/09/26 04:01:33,Room (planCd 00423872 / roomTypeCd 0099552),2026-11-19,sold_out,30800,0
27/09/26 04:01:33,Room (planCd 00423872 / roomTypeCd 0099552),2026-11-20,sold_out,30800,0
27/09/26 04:01:33,Room (planCd 00423872 / roomTypeCd 0099552),2026-11-21,sold_out,39600,0
27/09/26 04:01:33,Room (planCd 00423872 / roomTypeCd 0099552),2026-11-22,sold_out,39600,0
27/09/26 04:01:33,Room (planCd 00423872 / roomTypeCd 0099552),2026-11-23,sold_out,30800,0
27/09/26 04:01:33,Room (planCd 00423872 / roomTypeCd 0099552),2026-11-24,sold_out,30800,0
27/09/26 04:01:33,Room (planCd 00423872 / roomTypeCd 0099552),2026-11-25,sold_out,30800,0
27/09/26 04:01:33,Room (planCd 00423872 / roomTypeCd 0099552),2026-11-26,sold_out,30800,0
27/09/26 04:01:33,Room (planCd 00423872 / roomTypeCd 0099552),2026-11-27,sold_out,30800,0
27/09/26 04:01:33,Room (planCd 00423872 / roomTypeCd 0099552),2026-11-28,sold_out,35200,0
27/09/26 04:01:33,Room (planCd 00423872 / roomTypeCd 0099552),2026-11-29,sold_out,30800,0
27/09/26 04:01:33,Room (planCd 00423872 / roomTypeCd 0099552),2026-11-30,sold_out,30800,0
27/09/26 04:01:33,Room (planCd 00423872 / roomTypeCd 0099552),2026-12-01,sold_out,30800,0
27/09/26 04:01:33,Room (planCd 00423872 / roomTypeCd 0099552),2026-12-02,sold_out,30800,0
27/09/26 04:01:33,Room (planCd 00423872 / roomTypeCd 0099552),2026-12-03,sold_out,30800,0
27/09/26 04:01:33,Room (planCd 00423872 / roomTypeCd 0099552),2026-12-04,sold_out,30800,0
27/09/26 04:01:33,Room (planCd 00423872 / roomTypeCd 0099552),2026-12-05,sold_out,35200,0
27/09/26 04:01:33,Room (planCd 00423872 / roomTypeCd 0099552),2026-12-06,sold_out,30800,0
27/09/26 04:01:33,Room (planCd 00423872 / roomTypeCd 0099552),2026-12-07,sold_out,30800,0
27/09/26 04:01:33,Room (planCd 00423872 / roomTypeCd 0099552),2026-12-08,sold_out,30800,0
27/09/26 04:01:33,Room (planCd 00423872 / roomTypeCd 0099552),2026-12-09,sold_out,30800,0
27/09/26 04:01:33,Room (planCd 00423872 / roomTypeCd 0099552),2026-12-10,sold_out,30800,0
27/09/26 04:01:33,Room (planCd 00423872 / roomTypeCd 0099552),2026-12-11,sold_out,30800,0
27/09/26 04:01:33,Room (planCd 00423872 / roomTypeCd 0099552),2026-12-12,sold_out,35200,0
27/09/26 04:01:33,Room (planCd 00423872 / roomTypeCd 0099552),2026-12-13,sold_out,30800,0
27/09/26 04:01:33,Room (planCd 00423872 / roomTypeCd 0099552),2026-12-14,sold_out,30800,0
27/09/26 04:01:33,Room (planCd 00423872 / roomTypeCd 0099552),2026-12-15,sold_out,30800,0
27/09/26 04:01:33,Room (planCd 00423872 / roomTypeCd 0099552),2026-12-16,sold_out,30800,0
27/09/26 04:01:33,Room (planCd 00423872 / roomTypeCd 0099552),2026-12-17,sold_out,30800,0
27/09/26 04:01:33,Room (planCd 00423872 / roomTypeCd 0099552),2026-12-18,sold_out,30800,0
27/09/26 04:01:33,Room (planCd 00423872 / roomTypeCd 0099552),2026-12-19,sold_out,35200,0
27/09/26 04:01:33,Room (planCd 00423872 / roomTypeCd 0099552),2026-12-20,sold_out,30800,0
27/09/26 04:01:33,Room (planCd 00423872 / roomTypeCd 0099552),2026-12-21,sold_out,30800,0
27/09/26 04:01:33,Room (planCd 00423872 / roomTypeCd 0099552),2026-12-22,sold_out,30800,0
27/09/26 04:01:33,Room (planCd 00423872 / roomTypeCd 0099552),2026-12-23,sold_out,30800,0
27/09/26 04:01:33,Room (planCd 00423872 / roomTypeCd 0099552),2026-12-24,sold_out,30800,0
27/09/26 04:01:33,Room (planCd 00423872 / roomTypeCd 0099552),2026-12-25,sold_out,30800,0
27/09/26 04:01:33,Room (planCd 00423872 / roomTypeCd 0099552),2026-12-26,sold_out,39600,0
27/09/26 04:01:33,Room (planCd 00423872 / roomTypeCd 0099552),2026-12-27,sold_out,39600,0
27/09/26 04:01:33,Room (planCd 00423872 / roomTypeCd 0099552),2026-12-28,sold_out,39600,0
27/09/26 04:01:33,Room (planCd 00423872 / roomTypeCd 0099552),2026-12-29,sold_out,39600,0
27/09/26 04:01:33,Room (planCd 00423872 / roomTypeCd 0099552),2026-12-30,sold_out,39600,0
27/09/26 04:01:33,Room (planCd 00423872 / roomTypeCd 0099552),2026-12-31,sold_out,46200,0
